LeadID,LeadCreatedDateKey,CampaignID,City,LeadScore,Status,QualifiedFlag,KycDoneFlag,AccountOpenedFlag,ConvertedInvestorID,FirstInvestmentDateKey
L0000001,20240831,CMP0015,Ottawa,30,New,0,0,0,,
L0000002,20240621,CMP0011,Markham,33,New,0,0,0,,
L0000003,20240915,CMP0012,Mississauga,12,New,0,0,0,,
L0000004,20240411,CMP0016,Mississauga,42,New,0,0,0,,
L0000005,20241012,CMP0009,London,13,Lost,0,0,0,,
L0000006,20240722,CMP0009,Markham,94,KYC Done,1,1,0,,
L0000007,20240616,CMP0012,London,22,New,0,0,0,,
L0000008,20240704,CMP0004,Toronto,69,Lost,1,1,1,,
L0000009,20240727,CMP0003,Brampton,61,KYC Done,1,1,0,,
L0000010,20240114,CMP0016,Toronto,31,New,0,0,0,,
L0000011,20240221,CMP0004,Markham,82,KYC Done,1,1,0,,
L0000012,20240330,CMP0010,Mississauga,19,New,0,0,0,,
L0000013,20240211,CMP0005,Brampton,89,Lost,1,1,1,,
L0000014,20240609,CMP0005,Ottawa,76,Qualified,1,0,0,,
L0000015,20240901,CMP0011,Toronto,67,KYC Done,1,1,0,,
L0000016,20240827,CMP0015,Brampton,89,Account Opened,1,1,1,,
L0000017,20240621,CMP0008,London,46,New,0,0,0,,
L0000018,20241108,CMP0003,Mississauga,35,New,0,0,0,,
L0000019,20240725,CMP0005,Ottawa,23,New,0,0,0,,
L0000020,20240129,CMP0003,Windsor,93,Account Opened,1,1,1,,
L0000021,20241006,CMP0016,Toronto,46,Lost,0,0,0,,
L0000022,20240729,CMP0006,Mississauga,84,Qualified,1,0,0,,
L0000023,20240820,CMP0007,London,39,New,0,0,0,,
L0000024,20240725,CMP0002,Hamilton,95,Qualified,1,0,0,,
L0000025,20240721,CMP0009,Windsor,88,Account Opened,1,1,1,,
L0000026,20240203,CMP0017,Toronto,37,New,0,0,0,,
L0000027,20240723,CMP0008,Vaughan,53,Qualified,1,0,0,,
L0000028,20241017,CMP0012,Ottawa,81,Qualified,1,0,0,,
L0000029,20240421,CMP0004,Mississauga,30,Lost,0,0,0,,
L0000030,20240808,CMP0003,Ottawa,12,Lost,0,0,0,,
L0000031,20240112,CMP0014,Brampton,35,Lost,0,0,0,,
L0000032,20240507,CMP0002,Toronto,63,Lost,1,1,1,,
L0000033,20240608,CMP0009,Toronto,22,New,0,0,0,,
L0000034,20241225,CMP0006,Mississauga,40,New,0,0,0,,
L0000035,20240319,CMP0001,Ottawa,92,Invested,1,1,1,INV000001,20240418
L0000036,20240411,CMP0010,Toronto,16,New,0,0,0,,
L0000037,20240529,CMP0018,Toronto,14,New,0,0,0,,
L0000038,20241229,CMP0002,Mississauga,48,New,0,0,0,,
L0000039,20241108,CMP0015,London,11,New,0,0,0,,
L0000040,20240113,CMP0010,Windsor,12,New,0,0,0,,
L0000041,20240326,CMP0014,Toronto,26,New,0,0,0,,
L0000042,20241027,CMP0002,Windsor,19,New,0,0,0,,
L0000043,20240122,CMP0016,London,82,Account Opened,1,1,1,,
L0000044,20241109,CMP0001,Kitchener,21,Lost,0,0,0,,
L0000045,20240412,CMP0017,Ottawa,57,Qualified,1,0,0,,
L0000046,20241201,CMP0012,Ottawa,73,Account Opened,1,1,1,,
L0000047,20240417,CMP0007,Markham,66,Invested,1,1,1,INV000002,20240423
L0000048,20240607,CMP0001,Ottawa,68,Invested,1,1,1,INV000003,20240716
L0000049,20240830,CMP0011,Vaughan,42,New,0,0,0,,
L0000050,20240216,CMP0002,Vaughan,89,Invested,1,1,1,INV000004,20240329
L0000051,20240722,CMP0011,Ottawa,16,New,0,0,0,,
L0000052,20240703,CMP0014,Ottawa,19,Lost,0,0,0,,
L0000053,20241013,CMP0005,Ottawa,87,Invested,1,1,1,INV000005,20241124
L0000054,20241230,CMP0005,London,16,Lost,0,0,0,,
L0000055,20240831,CMP0004,London,27,Lost,0,0,0,,
L0000056,20240529,CMP0005,Hamilton,25,New,0,0,0,,
L0000057,20240528,CMP0003,Toronto,12,Lost,0,0,0,,
L0000058,20240601,CMP0005,Windsor,20,New,0,0,0,,
L0000059,20241024,CMP0012,Mississauga,61,Account Opened,1,1,1,,
L0000060,20240427,CMP0006,Mississauga,69,Invested,1,1,1,INV000006,20240502
L0000061,20240302,CMP0015,Toronto,17,New,0,0,0,,
L0000062,20240502,CMP0015,Toronto,94,Account Opened,1,1,1,,
L0000063,20240109,CMP0014,Ottawa,18,New,0,0,0,,
L0000064,20240208,CMP0010,Toronto,71,Account Opened,1,1,1,,
L0000065,20240202,CMP0006,Toronto,82,Invested,1,1,1,INV000007,20240222
L0000066,20241009,CMP0017,Toronto,56,Account Opened,1,1,1,,
L0000067,20240921,CMP0004,Toronto,54,Invested,1,1,1,INV000008,20241020
L0000068,20240912,CMP0009,Windsor,19,New,0,0,0,,
L0000069,20240618,CMP0009,Ottawa,31,New,0,0,0,,
L0000070,20240919,CMP0014,Toronto,86,Lost,1,0,0,,
L0000071,20240229,CMP0010,Ottawa,41,New,0,0,0,,
L0000072,20241125,CMP0015,Hamilton,13,New,0,0,0,,
L0000073,20240702,CMP0017,Ottawa,75,Invested,1,1,1,INV000009,20240705
L0000074,20241209,CMP0008,Mississauga,71,Invested,1,1,1,INV000010,20241231
L0000075,20240225,CMP0016,Hamilton,15,New,0,0,0,,
L0000076,20240701,CMP0004,Toronto,14,New,0,0,0,,
L0000077,20240911,CMP0017,Toronto,20,New,0,0,0,,
L0000078,20240630,CMP0004,Windsor,14,New,0,0,0,,
L0000079,20240612,CMP0016,Brampton,65,Account Opened,1,1,1,,
L0000080,20240301,CMP0008,Toronto,21,New,0,0,0,,
L0000081,20240519,CMP0018,Toronto,64,Qualified,1,0,0,,
L0000082,20240328,CMP0003,London,25,Lost,0,0,0,,
L0000083,20240420,CMP0009,Toronto,97,Invested,1,1,1,INV000011,20240525
L0000084,20240907,CMP0017,Brampton,75,KYC Done,1,1,0,,
L0000085,20240818,CMP0001,Mississauga,43,New,0,0,0,,
L0000086,20240810,CMP0005,Mississauga,48,New,0,0,0,,
L0000087,20240512,CMP0002,Ottawa,15,New,0,0,0,,
L0000088,20241217,CMP0006,Toronto,14,Lost,0,0,0,,
L0000089,20240202,CMP0008,Ottawa,58,Qualified,1,0,0,,
L0000090,20240505,CMP0012,Toronto,12,New,0,0,0,,
L0000091,20240213,CMP0005,Windsor,67,KYC Done,1,1,0,,
L0000092,20240504,CMP0003,Hamilton,44,Lost,0,0,0,,
L0000093,20241218,CMP0004,Toronto,22,Lost,0,0,0,,
L0000094,20240514,CMP0017,Toronto,58,KYC Done,1,1,0,,
L0000095,20241128,CMP0018,London,59,KYC Done,1,1,0,,
L0000096,20240630,CMP0004,London,77,KYC Done,1,1,0,,
L0000097,20240913,CMP0004,Brampton,27,Lost,0,0,0,,
L0000098,20240616,CMP0001,Toronto,59,Lost,1,0,0,,
L0000099,20240407,CMP0018,Ottawa,86,Lost,1,0,0,,
L0000100,20241006,CMP0013,Mississauga,34,New,0,0,0,,
L0000101,20241220,CMP0014,Toronto,85,Invested,1,1,1,INV000012,20241224
L0000102,20240406,CMP0006,Brampton,75,Invested,1,1,1,INV000013,20240509
L0000103,20241012,CMP0012,London,48,New,0,0,0,,
L0000104,20240405,CMP0002,Brampton,89,KYC Done,1,1,0,,
L0000105,20240919,CMP0013,Toronto,97,Lost,1,1,0,,
L0000106,20241015,CMP0011,Toronto,31,New,0,0,0,,
L0000107,20240613,CMP0006,Hamilton,98,KYC Done,1,1,0,,
L0000108,20240926,CMP0013,Ottawa,10,New,0,0,0,,
L0000109,20240409,CMP0012,Hamilton,21,New,0,0,0,,
L0000110,20240130,CMP0008,Ottawa,13,New,0,0,0,,
L0000111,20240205,CMP0004,Ottawa,43,New,0,0,0,,
L0000112,20240612,CMP0001,Ottawa,94,Invested,1,1,1,INV000014,20240613
L0000113,20241126,CMP0017,Windsor,64,KYC Done,1,1,0,,
L0000114,20240216,CMP0006,Vaughan,65,Qualified,1,0,0,,
L0000115,20240615,CMP0006,Brampton,17,New,0,0,0,,
L0000116,20240914,CMP0013,Hamilton,56,Lost,1,1,0,,
L0000117,20240315,CMP0005,Toronto,44,New,0,0,0,,
L0000118,20240921,CMP0007,Toronto,53,New,0,0,0,,
L0000119,20240421,CMP0013,Mississauga,33,New,0,0,0,,
L0000120,20241022,CMP0011,London,28,New,0,0,0,,
L0000121,20240730,CMP0012,Kitchener,95,Lost,1,0,0,,
L0000122,20240719,CMP0001,London,60,Invested,1,1,1,INV000015,20240819
L0000123,20240305,CMP0009,London,47,New,0,0,0,,
L0000124,20240618,CMP0009,Toronto,16,New,0,0,0,,
L0000125,20241109,CMP0012,Kitchener,78,KYC Done,1,1,0,,
L0000126,20240108,CMP0003,Toronto,52,KYC Done,1,1,0,,
L0000127,20241004,CMP0003,Kitchener,44,New,0,0,0,,
L0000128,20240629,CMP0014,Toronto,70,Qualified,1,0,0,,
L0000129,20240920,CMP0013,Toronto,21,New,0,0,0,,
L0000130,20240830,CMP0015,Ottawa,57,Lost,0,0,0,,
L0000131,20240607,CMP0005,Toronto,87,Invested,1,1,1,INV000016,20240619
L0000132,20240422,CMP0018,Toronto,51,New,0,0,0,,
L0000133,20240817,CMP0005,Hamilton,10,Lost,0,0,0,,
L0000134,20240221,CMP0012,London,30,New,0,0,0,,
L0000135,20240801,CMP0003,Mississauga,15,New,0,0,0,,
L0000136,20240204,CMP0017,Ottawa,55,KYC Done,1,1,0,,
L0000137,20240825,CMP0006,Hamilton,42,New,0,0,0,,
L0000138,20240818,CMP0015,Toronto,21,New,0,0,0,,
L0000139,20240131,CMP0006,Ottawa,71,Invested,1,1,1,INV000017,20240227
L0000140,20241004,CMP0015,Hamilton,25,Lost,0,0,0,,
L0000141,20240601,CMP0009,Vaughan,40,New,0,0,0,,
L0000142,20241015,CMP0002,Brampton,98,Account Opened,1,1,1,,
L0000143,20240116,CMP0004,London,15,New,0,0,0,,
L0000144,20240306,CMP0013,Ottawa,32,New,0,0,0,,
L0000145,20240629,CMP0004,London,38,New,0,0,0,,
L0000146,20240309,CMP0005,Markham,55,Invested,1,1,1,INV000018,20240312
L0000147,20240430,CMP0010,Ottawa,32,New,0,0,0,,
L0000148,20240829,CMP0005,Toronto,97,Account Opened,1,1,1,,
L0000149,20240222,CMP0003,Vaughan,10,New,0,0,0,,
L0000150,20240905,CMP0012,Hamilton,95,Qualified,1,0,0,,
L0000151,20240207,CMP0013,Hamilton,58,Invested,1,1,1,INV000019,20240219
L0000152,20240305,CMP0014,Ottawa,13,Lost,0,0,0,,
L0000153,20240803,CMP0017,Toronto,20,New,0,0,0,,
L0000154,20241017,CMP0003,Ottawa,19,Lost,0,0,0,,
L0000155,20240303,CMP0008,Ottawa,35,New,0,0,0,,
L0000156,20240419,CMP0005,Brampton,39,New,0,0,0,,
L0000157,20241204,CMP0017,Toronto,67,Qualified,1,0,0,,
L0000158,20241228,CMP0010,Markham,38,New,0,0,0,,
L0000159,20240731,CMP0002,Ottawa,75,Invested,1,1,1,INV000020,20240801
L0000160,20240612,CMP0013,London,36,New,0,0,0,,
L0000161,20240506,CMP0001,Toronto,33,New,0,0,0,,
L0000162,20240812,CMP0005,Ottawa,34,New,0,0,0,,
L0000163,20240804,CMP0013,Toronto,39,New,0,0,0,,
L0000164,20240417,CMP0010,London,85,Account Opened,1,1,1,,
L0000165,20240109,CMP0014,Hamilton,32,New,0,0,0,,
L0000166,20240225,CMP0011,Ottawa,34,New,0,0,0,,
L0000167,20241216,CMP0016,Windsor,96,Invested,1,1,1,INV000021,20241222
L0000168,20240602,CMP0011,Mississauga,68,KYC Done,1,1,0,,
L0000169,20240625,CMP0002,Brampton,27,New,0,0,0,,
L0000170,20240619,CMP0002,London,88,KYC Done,1,1,0,,
L0000171,20241013,CMP0014,Ottawa,26,New,0,0,0,,
L0000172,20240124,CMP0001,Hamilton,24,Lost,0,0,0,,
L0000173,20240131,CMP0007,Windsor,50,Invested,1,1,1,INV000022,20240220
L0000174,20240410,CMP0001,London,72,Account Opened,1,1,1,,
L0000175,20240627,CMP0006,Toronto,27,New,0,0,0,,
L0000176,20240902,CMP0011,Toronto,77,Account Opened,1,1,1,,
L0000177,20240628,CMP0004,Vaughan,24,New,0,0,0,,
L0000178,20240610,CMP0009,Toronto,80,Qualified,1,0,0,,
L0000179,20241209,CMP0018,Ottawa,18,Lost,0,0,0,,
L0000180,20240228,CMP0002,Kitchener,51,KYC Done,1,1,0,,
L0000181,20240728,CMP0002,Markham,67,Qualified,1,0,0,,
L0000182,20240717,CMP0005,Toronto,33,New,0,0,0,,
L0000183,20240622,CMP0015,London,65,Account Opened,1,1,1,,
L0000184,20241022,CMP0008,Brampton,71,Account Opened,1,1,1,,
L0000185,20240407,CMP0012,Kitchener,68,Qualified,1,0,0,,
L0000186,20241215,CMP0001,Ottawa,45,Lost,0,0,0,,
L0000187,20240501,CMP0014,Ottawa,79,Account Opened,1,1,1,,
L0000188,20240718,CMP0002,Toronto,75,Invested,1,1,1,INV000023,20240802
L0000189,20240709,CMP0013,Mississauga,39,New,0,0,0,,
L0000190,20241107,CMP0003,Brampton,76,Qualified,1,0,0,,
L0000191,20240609,CMP0016,London,92,Qualified,1,0,0,,
L0000192,20240414,CMP0006,Ottawa,83,KYC Done,1,1,0,,
L0000193,20240108,CMP0004,Vaughan,75,Account Opened,1,1,1,,
L0000194,20240513,CMP0007,Toronto,78,Lost,1,1,1,,
L0000195,20241029,CMP0001,Mississauga,82,KYC Done,1,1,0,,
L0000196,20240104,CMP0003,Hamilton,36,New,0,0,0,,
L0000197,20241123,CMP0011,Hamilton,74,Account Opened,1,1,1,,
L0000198,20240717,CMP0006,Ottawa,27,New,0,0,0,,
L0000199,20240221,CMP0007,Brampton,42,Lost,0,0,0,,
L0000200,20240420,CMP0015,Toronto,94,Account Opened,1,1,1,,
L0000201,20240721,CMP0003,London,35,New,0,0,0,,
L0000202,20240425,CMP0008,Kitchener,85,Qualified,1,0,0,,
L0000203,20240209,CMP0004,Markham,48,New,0,0,0,,
L0000204,20240831,CMP0009,London,28,New,0,0,0,,
L0000205,20240903,CMP0006,Hamilton,18,New,0,0,0,,
L0000206,20240213,CMP0001,Markham,59,KYC Done,1,1,0,,
L0000207,20240412,CMP0002,Markham,50,New,0,0,0,,
L0000208,20240330,CMP0016,Toronto,56,KYC Done,1,1,0,,
L0000209,20240829,CMP0002,Brampton,13,New,0,0,0,,
L0000210,20240924,CMP0015,Vaughan,34,New,0,0,0,,
L0000211,20240923,CMP0017,Vaughan,10,New,0,0,0,,
L0000212,20241209,CMP0009,London,37,New,0,0,0,,
L0000213,20241008,CMP0006,Mississauga,93,Invested,1,1,1,INV000024,20241021
L0000214,20240427,CMP0014,Markham,23,New,0,0,0,,
L0000215,20240209,CMP0018,Mississauga,72,Account Opened,1,1,1,,
L0000216,20240812,CMP0003,Mississauga,10,New,0,0,0,,
L0000217,20241201,CMP0018,Ottawa,60,Qualified,1,0,0,,
L0000218,20241222,CMP0017,Ottawa,92,KYC Done,1,1,0,,
L0000219,20240325,CMP0003,Brampton,40,New,0,0,0,,
L0000220,20240327,CMP0001,Hamilton,27,Lost,0,0,0,,
L0000221,20240114,CMP0013,London,61,Account Opened,1,1,1,,
L0000222,20240221,CMP0002,Toronto,35,New,0,0,0,,
L0000223,20240722,CMP0011,Mississauga,90,Lost,1,0,0,,
L0000224,20240719,CMP0002,London,86,Account Opened,1,1,1,,
L0000225,20240515,CMP0013,Kitchener,68,Account Opened,1,1,1,,
L0000226,20240423,CMP0005,Vaughan,67,Invested,1,1,1,INV000025,20240519
L0000227,20241030,CMP0002,Toronto,64,Invested,1,1,1,INV000026,20241211
L0000228,20240617,CMP0002,Ottawa,76,Qualified,1,0,0,,
L0000229,20241022,CMP0004,Markham,51,Qualified,1,0,0,,
L0000230,20241218,CMP0010,Mississauga,97,Invested,1,1,1,INV000027,20241220
L0000231,20240426,CMP0002,Hamilton,41,New,0,0,0,,
L0000232,20240315,CMP0015,Brampton,10,New,0,0,0,,
L0000233,20241214,CMP0011,Hamilton,72,Invested,1,1,1,INV000028,20241231
L0000234,20240820,CMP0006,Toronto,69,KYC Done,1,1,0,,
L0000235,20240416,CMP0018,Mississauga,98,Qualified,1,0,0,,
L0000236,20240815,CMP0012,Mississauga,45,New,0,0,0,,
L0000237,20240707,CMP0013,Brampton,48,New,0,0,0,,
L0000238,20241127,CMP0004,Toronto,60,Invested,1,1,1,INV000029,20241214
L0000239,20240403,CMP0013,Brampton,45,KYC Done,1,1,0,,
L0000240,20241228,CMP0011,Ottawa,80,Invested,1,1,1,INV000030,20241231
L0000241,20241208,CMP0018,Toronto,48,KYC Done,1,1,0,,
L0000242,20240307,CMP0009,Mississauga,80,KYC Done,1,1,0,,
L0000243,20240301,CMP0013,Toronto,48,New,0,0,0,,
L0000244,20240714,CMP0007,Windsor,30,New,0,0,0,,
L0000245,20240117,CMP0001,Toronto,99,KYC Done,1,1,0,,
L0000246,20240419,CMP0003,Hamilton,57,Account Opened,1,1,1,,
L0000247,20240608,CMP0016,Brampton,73,KYC Done,1,1,0,,
L0000248,20241220,CMP0014,Mississauga,63,Invested,1,1,1,INV000031,20241230
L0000249,20241229,CMP0007,Vaughan,42,New,0,0,0,,
L0000250,20240225,CMP0013,Hamilton,97,Invested,1,1,1,INV000032,20240309
L0000251,20241122,CMP0001,Hamilton,43,New,0,0,0,,
L0000252,20240203,CMP0001,Toronto,99,KYC Done,1,1,0,,
L0000253,20240930,CMP0010,Mississauga,48,Invested,1,1,1,INV000033,20241013
L0000254,20241105,CMP0012,Mississauga,12,New,0,0,0,,
L0000255,20241122,CMP0017,Brampton,13,New,0,0,0,,
L0000256,20240322,CMP0014,Kitchener,97,Account Opened,1,1,1,,
L0000257,20241123,CMP0005,Brampton,57,Qualified,1,0,0,,
L0000258,20240212,CMP0015,Mississauga,44,New,0,0,0,,
L0000259,20240708,CMP0009,Toronto,83,Invested,1,1,1,INV000034,20240730
L0000260,20240620,CMP0015,Brampton,65,Account Opened,1,1,1,,
L0000261,20240425,CMP0004,Toronto,69,Account Opened,1,1,1,,
L0000262,20240109,CMP0001,Brampton,71,Account Opened,1,1,1,,
L0000263,20241009,CMP0002,Windsor,27,New,0,0,0,,
L0000264,20240502,CMP0018,Ottawa,17,New,0,0,0,,
L0000265,20240830,CMP0002,Toronto,75,Account Opened,1,1,1,,
L0000266,20240530,CMP0017,Mississauga,11,New,0,0,0,,
L0000267,20240516,CMP0014,Ottawa,74,KYC Done,1,1,0,,
L0000268,20241120,CMP0003,Toronto,21,Lost,0,0,0,,
L0000269,20240204,CMP0016,Vaughan,33,New,0,0,0,,
L0000270,20240926,CMP0003,Ottawa,73,Invested,1,1,1,INV000035,20241008
L0000271,20240930,CMP0003,Ottawa,66,Invested,1,1,1,INV000036,20241028
L0000272,20240519,CMP0011,London,80,Account Opened,1,1,1,,
L0000273,20240406,CMP0006,Toronto,64,Invested,1,1,1,INV000037,20240510
L0000274,20240102,CMP0006,Toronto,14,Lost,0,0,0,,
L0000275,20241208,CMP0004,Hamilton,85,Account Opened,1,1,1,,
L0000276,20241212,CMP0011,Toronto,29,New,0,0,0,,
L0000277,20240329,CMP0001,Toronto,22,Lost,0,0,0,,
L0000278,20240112,CMP0005,Kitchener,89,KYC Done,1,1,0,,
L0000279,20240214,CMP0010,Markham,27,New,0,0,0,,
L0000280,20240125,CMP0009,Toronto,58,KYC Done,1,1,0,,
L0000281,20241031,CMP0013,Vaughan,53,Account Opened,1,1,1,,
L0000282,20241122,CMP0004,Toronto,79,Account Opened,1,1,1,,
L0000283,20240226,CMP0012,Markham,13,New,0,0,0,,
L0000284,20240930,CMP0014,Brampton,19,New,0,0,0,,
L0000285,20240306,CMP0007,Ottawa,47,KYC Done,1,1,0,,
L0000286,20240514,CMP0005,Hamilton,52,Account Opened,1,1,1,,
L0000287,20240807,CMP0010,Toronto,80,Account Opened,1,1,1,,
L0000288,20240920,CMP0011,Kitchener,64,Lost,1,0,0,,
L0000289,20241116,CMP0002,Toronto,23,New,0,0,0,,
L0000290,20240117,CMP0011,Kitchener,98,Lost,1,0,0,,
L0000291,20240312,CMP0003,Toronto,51,Qualified,1,0,0,,
L0000292,20240412,CMP0011,Toronto,96,Account Opened,1,1,1,,
L0000293,20240423,CMP0017,Toronto,99,Account Opened,1,1,1,,
L0000294,20241231,CMP0010,Brampton,14,New,0,0,0,,
L0000295,20241011,CMP0014,Hamilton,55,Lost,1,0,0,,
L0000296,20240427,CMP0006,Hamilton,47,New,0,0,0,,
L0000297,20241221,CMP0017,Markham,54,New,0,0,0,,
L0000298,20240701,CMP0015,Ottawa,37,New,0,0,0,,
L0000299,20240702,CMP0017,Ottawa,60,Account Opened,1,1,1,,
L0000300,20240607,CMP0014,Mississauga,54,Account Opened,1,1,1,,
L0000301,20240222,CMP0012,Hamilton,26,New,0,0,0,,
L0000302,20241207,CMP0010,Kitchener,35,New,0,0,0,,
L0000303,20240106,CMP0017,Brampton,23,New,0,0,0,,
L0000304,20240304,CMP0016,Brampton,85,Account Opened,1,1,1,,
L0000305,20240325,CMP0008,Brampton,70,Qualified,1,0,0,,
L0000306,20240412,CMP0002,Mississauga,44,New,0,0,0,,
L0000307,20240218,CMP0001,Ottawa,45,New,0,0,0,,
L0000308,20240107,CMP0005,Toronto,17,New,0,0,0,,
L0000309,20240905,CMP0002,Markham,36,New,0,0,0,,
L0000310,20241220,CMP0004,Toronto,93,Invested,1,1,1,INV000038,20241231
L0000311,20240214,CMP0002,Toronto,12,New,0,0,0,,
L0000312,20240418,CMP0018,Toronto,23,New,0,0,0,,
L0000313,20240704,CMP0002,Brampton,86,Qualified,1,0,0,,
L0000314,20241205,CMP0012,London,56,Account Opened,1,1,1,,
L0000315,20240911,CMP0007,Kitchener,12,New,0,0,0,,
L0000316,20241007,CMP0004,Brampton,54,New,0,0,0,,
L0000317,20240731,CMP0013,Mississauga,77,Qualified,1,0,0,,
L0000318,20240601,CMP0018,London,41,New,0,0,0,,
L0000319,20240314,CMP0015,London,44,New,0,0,0,,
L0000320,20241112,CMP0018,London,66,Invested,1,1,1,INV000039,20241211
L0000321,20241021,CMP0011,Ottawa,63,Account Opened,1,1,1,,
L0000322,20240110,CMP0013,Ottawa,91,Invested,1,1,1,INV000040,20240208
L0000323,20240918,CMP0003,Toronto,32,New,0,0,0,,
L0000324,20240131,CMP0016,Mississauga,34,New,0,0,0,,
L0000325,20240927,CMP0014,Kitchener,23,New,0,0,0,,
L0000326,20241029,CMP0005,Toronto,69,KYC Done,1,1,0,,
L0000327,20240217,CMP0007,Mississauga,58,Lost,0,0,0,,
L0000328,20240607,CMP0011,Mississauga,41,New,0,0,0,,
L0000329,20240215,CMP0001,Toronto,72,Account Opened,1,1,1,,
L0000330,20240726,CMP0015,Kitchener,43,New,0,0,0,,
L0000331,20241205,CMP0006,Toronto,27,New,0,0,0,,
L0000332,20240130,CMP0002,Ottawa,58,Invested,1,1,1,INV000041,20240223
L0000333,20240525,CMP0006,Markham,49,KYC Done,1,1,0,,
L0000334,20241222,CMP0016,Toronto,46,New,0,0,0,,
L0000335,20240420,CMP0005,Toronto,50,New,0,0,0,,
L0000336,20240218,CMP0010,Brampton,92,Lost,1,1,0,,
L0000337,20240627,CMP0015,Toronto,29,Lost,0,0,0,,
L0000338,20240705,CMP0001,Toronto,34,New,0,0,0,,
L0000339,20240830,CMP0014,Hamilton,60,Invested,1,1,1,INV000042,20240922
L0000340,20240424,CMP0006,Toronto,14,New,0,0,0,,
L0000341,20241215,CMP0013,Hamilton,23,New,0,0,0,,
L0000342,20240709,CMP0004,Kitchener,60,Lost,1,1,0,,
L0000343,20240414,CMP0003,Mississauga,55,Invested,1,1,1,INV000043,20240514
L0000344,20241217,CMP0015,Toronto,68,Invested,1,1,1,INV000044,20241231
L0000345,20241204,CMP0015,Toronto,20,Lost,0,0,0,,
L0000346,20240701,CMP0018,Toronto,86,Account Opened,1,1,1,,
L0000347,20240110,CMP0013,Brampton,53,New,0,0,0,,
L0000348,20240806,CMP0009,Ottawa,23,New,0,0,0,,
L0000349,20240722,CMP0004,Toronto,38,New,0,0,0,,
L0000350,20240224,CMP0006,Mississauga,30,New,0,0,0,,
L0000351,20240820,CMP0012,Toronto,50,New,0,0,0,,
L0000352,20241103,CMP0007,London,52,KYC Done,1,1,0,,
L0000353,20240208,CMP0009,Brampton,49,Lost,0,0,0,,
L0000354,20240921,CMP0004,London,51,New,0,0,0,,
L0000355,20240221,CMP0008,Ottawa,91,Account Opened,1,1,1,,
L0000356,20241001,CMP0005,Brampton,96,Account Opened,1,1,1,,
L0000357,20240602,CMP0003,Hamilton,54,New,0,0,0,,
L0000358,20240103,CMP0003,Toronto,96,Lost,1,0,0,,
L0000359,20241219,CMP0010,London,83,Lost,1,0,0,,
L0000360,20240301,CMP0007,Brampton,83,Qualified,1,0,0,,
L0000361,20240806,CMP0002,Ottawa,30,New,0,0,0,,
L0000362,20240307,CMP0010,Ottawa,49,New,0,0,0,,
L0000363,20241207,CMP0003,Ottawa,41,Lost,0,0,0,,
L0000364,20240927,CMP0001,London,18,New,0,0,0,,
L0000365,20241021,CMP0003,Toronto,16,New,0,0,0,,
L0000366,20240607,CMP0009,Ottawa,66,Account Opened,1,1,1,,
L0000367,20240620,CMP0018,Toronto,47,New,0,0,0,,
L0000368,20240820,CMP0005,Mississauga,84,Account Opened,1,1,1,,
L0000369,20241014,CMP0006,Toronto,70,Invested,1,1,1,INV000045,20241127
L0000370,20241105,CMP0005,Hamilton,17,New,0,0,0,,
L0000371,20240107,CMP0007,Hamilton,85,Invested,1,1,1,INV000046,20240203
L0000372,20240830,CMP0013,Markham,54,Account Opened,1,1,1,,
L0000373,20240209,CMP0006,Ottawa,60,KYC Done,1,1,0,,
L0000374,20240415,CMP0012,London,96,Qualified,1,0,0,,
L0000375,20241030,CMP0017,Vaughan,67,Qualified,1,0,0,,
L0000376,20240401,CMP0018,Toronto,12,New,0,0,0,,
L0000377,20241018,CMP0011,London,25,New,0,0,0,,
L0000378,20240618,CMP0013,Mississauga,48,New,0,0,0,,
L0000379,20240326,CMP0017,Mississauga,13,New,0,0,0,,
L0000380,20240502,CMP0015,Windsor,25,Lost,0,0,0,,
L0000381,20240713,CMP0006,Toronto,81,KYC Done,1,1,0,,
L0000382,20241007,CMP0003,Kitchener,22,New,0,0,0,,
L0000383,20240809,CMP0003,Markham,25,New,0,0,0,,
L0000384,20241207,CMP0016,Vaughan,55,KYC Done,1,1,0,,
L0000385,20241113,CMP0011,Hamilton,18,New,0,0,0,,
L0000386,20241002,CMP0006,Hamilton,33,New,0,0,0,,
L0000387,20240808,CMP0007,Brampton,94,Qualified,1,0,0,,
L0000388,20240416,CMP0006,Brampton,66,Invested,1,1,1,INV000047,20240426
L0000389,20240531,CMP0015,Vaughan,96,Invested,1,1,1,INV000048,20240702
L0000390,20240213,CMP0012,Brampton,41,New,0,0,0,,
L0000391,20240516,CMP0016,Ottawa,65,KYC Done,1,1,0,,
L0000392,20241205,CMP0006,Windsor,31,Lost,0,0,0,,
L0000393,20240604,CMP0009,Brampton,44,New,0,0,0,,
L0000394,20240211,CMP0003,Markham,25,New,0,0,0,,
L0000395,20240826,CMP0018,Mississauga,84,Qualified,1,0,0,,
L0000396,20241218,CMP0010,Toronto,26,New,0,0,0,,
L0000397,20241113,CMP0010,Hamilton,28,New,0,0,0,,
L0000398,20240410,CMP0008,Ottawa,51,New,0,0,0,,
L0000399,20240615,CMP0005,Markham,48,New,0,0,0,,
L0000400,20240713,CMP0018,Toronto,38,Lost,0,0,0,,
L0000401,20240331,CMP0009,Toronto,42,New,0,0,0,,
L0000402,20240408,CMP0013,Vaughan,36,New,0,0,0,,
L0000403,20240327,CMP0001,Ottawa,92,KYC Done,1,1,0,,
L0000404,20241230,CMP0005,Ottawa,62,Account Opened,1,1,1,,
L0000405,20240930,CMP0015,Mississauga,92,Qualified,1,0,0,,
L0000406,20241103,CMP0002,Kitchener,98,Account Opened,1,1,1,,
L0000407,20241025,CMP0002,Kitchener,68,Qualified,1,0,0,,
L0000408,20241217,CMP0015,Ottawa,84,Invested,1,1,1,INV000049,20241227
L0000409,20240208,CMP0006,Toronto,19,New,0,0,0,,
L0000410,20241118,CMP0005,Windsor,95,Invested,1,1,1,INV000050,20241121
L0000411,20240125,CMP0011,Vaughan,53,Qualified,1,0,0,,
L0000412,20240623,CMP0004,Ottawa,74,Account Opened,1,1,1,,
L0000413,20240805,CMP0001,Hamilton,32,New,0,0,0,,
L0000414,20240510,CMP0001,Brampton,18,New,0,0,0,,
L0000415,20240223,CMP0002,Toronto,89,Lost,1,1,0,,
L0000416,20240311,CMP0003,London,50,New,0,0,0,,
L0000417,20241028,CMP0013,Hamilton,22,New,0,0,0,,
L0000418,20240426,CMP0006,Ottawa,69,Lost,1,1,0,,
L0000419,20240423,CMP0002,Markham,14,New,0,0,0,,
L0000420,20241203,CMP0001,Ottawa,50,Account Opened,1,1,1,,
L0000421,20240222,CMP0009,Vaughan,73,Account Opened,1,1,1,,
L0000422,20241130,CMP0016,Toronto,74,Account Opened,1,1,1,,
L0000423,20241203,CMP0007,Windsor,50,KYC Done,1,1,0,,
L0000424,20240807,CMP0002,Toronto,43,New,0,0,0,,
L0000425,20240301,CMP0005,Toronto,85,Qualified,1,0,0,,
L0000426,20240227,CMP0009,Hamilton,26,New,0,0,0,,
L0000427,20240414,CMP0004,Toronto,16,New,0,0,0,,
L0000428,20240730,CMP0018,Toronto,24,New,0,0,0,,
L0000429,20240226,CMP0014,London,82,Invested,1,1,1,INV000051,20240302
L0000430,20240615,CMP0007,Mississauga,52,Qualified,1,0,0,,
L0000431,20240212,CMP0018,Markham,13,New,0,0,0,,
L0000432,20240716,CMP0006,Toronto,25,New,0,0,0,,
L0000433,20240108,CMP0003,Brampton,12,New,0,0,0,,
L0000434,20240916,CMP0017,Brampton,83,Account Opened,1,1,1,,
L0000435,20240121,CMP0018,Ottawa,51,Qualified,1,0,0,,
L0000436,20240312,CMP0006,Brampton,16,New,0,0,0,,
L0000437,20240304,CMP0011,Brampton,29,New,0,0,0,,
L0000438,20241031,CMP0004,Mississauga,65,KYC Done,1,1,0,,
L0000439,20240120,CMP0012,Toronto,63,Account Opened,1,1,1,,
L0000440,20240606,CMP0013,Hamilton,83,Qualified,1,0,0,,
L0000441,20240804,CMP0013,Ottawa,12,New,0,0,0,,
L0000442,20240707,CMP0011,Brampton,16,Lost,0,0,0,,
L0000443,20240906,CMP0013,Toronto,13,Lost,0,0,0,,
L0000444,20241020,CMP0010,Vaughan,45,Invested,1,1,1,INV000052,20241027
L0000445,20240524,CMP0015,Mississauga,75,KYC Done,1,1,0,,
L0000446,20241030,CMP0004,Kitchener,69,Invested,1,1,1,INV000053,20241120
L0000447,20240426,CMP0009,Toronto,28,New,0,0,0,,
L0000448,20241226,CMP0008,Windsor,69,KYC Done,1,1,0,,
L0000449,20240703,CMP0010,Brampton,69,Lost,1,1,1,,
L0000450,20240926,CMP0003,Ottawa,27,New,0,0,0,,
L0000451,20241116,CMP0006,Mississauga,77,Invested,1,1,1,INV000054,20241205
L0000452,20241017,CMP0018,Kitchener,48,New,0,0,0,,
L0000453,20241107,CMP0002,Mississauga,15,New,0,0,0,,
L0000454,20240715,CMP0012,London,45,New,0,0,0,,
L0000455,20240116,CMP0012,Toronto,79,Qualified,1,0,0,,
L0000456,20240629,CMP0009,Ottawa,72,KYC Done,1,1,0,,
L0000457,20240307,CMP0001,London,34,New,0,0,0,,
L0000458,20241121,CMP0001,Ottawa,78,Account Opened,1,1,1,,
L0000459,20240327,CMP0005,Hamilton,45,New,0,0,0,,
L0000460,20240324,CMP0002,Markham,51,Account Opened,1,1,1,,
L0000461,20240401,CMP0002,Ottawa,17,New,0,0,0,,
L0000462,20240823,CMP0003,Toronto,99,KYC Done,1,1,0,,
L0000463,20240728,CMP0004,Brampton,85,Account Opened,1,1,1,,
L0000464,20241213,CMP0016,London,27,New,0,0,0,,
L0000465,20240601,CMP0012,Mississauga,60,Account Opened,1,1,1,,
L0000466,20240413,CMP0001,Hamilton,80,Account Opened,1,1,1,,
L0000467,20240119,CMP0012,Toronto,55,Lost,0,0,0,,
L0000468,20240103,CMP0003,Kitchener,28,New,0,0,0,,
L0000469,20240516,CMP0008,Hamilton,97,Qualified,1,0,0,,
L0000470,20241204,CMP0001,Ottawa,34,New,0,0,0,,
L0000471,20240710,CMP0002,Markham,40,New,0,0,0,,
L0000472,20241123,CMP0003,Markham,43,New,0,0,0,,
L0000473,20240207,CMP0008,Toronto,90,Invested,1,1,1,INV000055,20240315
L0000474,20240204,CMP0009,Mississauga,55,New,0,0,0,,
L0000475,20241101,CMP0007,Ottawa,74,Invested,1,1,1,INV000056,20241104
L0000476,20240209,CMP0012,Brampton,91,Account Opened,1,1,1,,
L0000477,20240120,CMP0013,Mississauga,93,Lost,1,1,0,,
L0000478,20240527,CMP0014,Brampton,87,KYC Done,1,1,0,,
L0000479,20241204,CMP0011,Toronto,91,Account Opened,1,1,1,,
L0000480,20240909,CMP0010,Toronto,95,KYC Done,1,1,0,,
L0000481,20240206,CMP0009,Mississauga,99,Account Opened,1,1,1,,
L0000482,20241102,CMP0005,Toronto,67,Qualified,1,0,0,,
L0000483,20241104,CMP0009,Ottawa,21,New,0,0,0,,
L0000484,20241020,CMP0001,Toronto,20,New,0,0,0,,
L0000485,20241126,CMP0018,Toronto,81,Qualified,1,0,0,,
L0000486,20240328,CMP0007,Markham,38,New,0,0,0,,
L0000487,20241224,CMP0014,Hamilton,82,Invested,1,1,1,INV000057,20241231
L0000488,20240427,CMP0018,Vaughan,94,Account Opened,1,1,1,,
L0000489,20241020,CMP0009,Windsor,67,KYC Done,1,1,0,,
L0000490,20240731,CMP0016,Hamilton,78,Account Opened,1,1,1,,
L0000491,20241012,CMP0009,Markham,35,New,0,0,0,,
L0000492,20240817,CMP0003,Toronto,49,New,0,0,0,,
L0000493,20240823,CMP0001,London,96,Qualified,1,0,0,,
L0000494,20240813,CMP0003,Ottawa,83,KYC Done,1,1,0,,
L0000495,20241012,CMP0017,Hamilton,28,New,0,0,0,,
L0000496,20240927,CMP0009,Toronto,94,Account Opened,1,1,1,,
L0000497,20240219,CMP0006,Kitchener,54,Invested,1,1,1,INV000058,20240229
L0000498,20241029,CMP0009,Brampton,85,Invested,1,1,1,INV000059,20241128
L0000499,20240715,CMP0005,Markham,56,Lost,1,1,1,,
L0000500,20240428,CMP0016,Windsor,64,Invested,1,1,1,INV000060,20240601
L0000501,20240707,CMP0018,Vaughan,24,Lost,0,0,0,,
L0000502,20241219,CMP0002,Mississauga,40,New,0,0,0,,
L0000503,20241109,CMP0013,Brampton,75,Invested,1,1,1,INV000061,20241219
L0000504,20241101,CMP0007,Hamilton,85,Invested,1,1,1,INV000062,20241113
L0000505,20240618,CMP0001,Ottawa,17,Lost,0,0,0,,
L0000506,20241013,CMP0017,Brampton,16,New,0,0,0,,
L0000507,20240520,CMP0002,Hamilton,72,Account Opened,1,1,1,,
L0000508,20240908,CMP0004,Kitchener,50,New,0,0,0,,
L0000509,20240822,CMP0001,Mississauga,86,Lost,1,1,1,,
L0000510,20240401,CMP0009,Toronto,16,New,0,0,0,,
L0000511,20240407,CMP0011,Hamilton,41,New,0,0,0,,
L0000512,20240123,CMP0006,Hamilton,13,New,0,0,0,,
L0000513,20240221,CMP0002,Kitchener,73,Account Opened,1,1,1,,
L0000514,20240607,CMP0003,London,87,Account Opened,1,1,1,,
L0000515,20240623,CMP0017,Brampton,24,New,0,0,0,,
L0000516,20240301,CMP0015,Hamilton,39,New,0,0,0,,
L0000517,20240601,CMP0017,Vaughan,86,KYC Done,1,1,0,,
L0000518,20240809,CMP0010,Brampton,13,New,0,0,0,,
L0000519,20240326,CMP0010,Toronto,95,Account Opened,1,1,1,,
L0000520,20240503,CMP0015,Hamilton,89,Account Opened,1,1,1,,
L0000521,20240514,CMP0012,Toronto,23,New,0,0,0,,
L0000522,20240703,CMP0008,Kitchener,22,Lost,0,0,0,,
L0000523,20240514,CMP0006,Toronto,72,Invested,1,1,1,INV000063,20240515
L0000524,20240926,CMP0009,Brampton,10,New,0,0,0,,
L0000525,20240429,CMP0002,Kitchener,55,New,0,0,0,,
L0000526,20240607,CMP0004,Toronto,15,New,0,0,0,,
L0000527,20240518,CMP0014,Toronto,57,Lost,0,0,0,,
L0000528,20240307,CMP0016,Toronto,41,New,0,0,0,,
L0000529,20240907,CMP0002,Windsor,73,Account Opened,1,1,1,,
L0000530,20240327,CMP0002,Windsor,89,KYC Done,1,1,0,,
L0000531,20240418,CMP0002,Brampton,53,New,0,0,0,,
L0000532,20241017,CMP0015,London,67,Account Opened,1,1,1,,
L0000533,20241213,CMP0006,London,64,Invested,1,1,1,INV000064,20241231
L0000534,20240902,CMP0006,Toronto,98,Invested,1,1,1,INV000065,20240905
L0000535,20241201,CMP0001,Mississauga,30,New,0,0,0,,
L0000536,20241108,CMP0018,Vaughan,31,Lost,0,0,0,,
L0000537,20240625,CMP0008,Toronto,44,Lost,0,0,0,,
L0000538,20241008,CMP0015,Ottawa,76,Qualified,1,0,0,,
L0000539,20240430,CMP0013,Mississauga,87,Qualified,1,0,0,,
L0000540,20240617,CMP0003,Ottawa,35,New,0,0,0,,
L0000541,20240714,CMP0015,Toronto,19,New,0,0,0,,
L0000542,20241217,CMP0010,Toronto,64,Account Opened,1,1,1,,
L0000543,20241106,CMP0011,Toronto,63,Qualified,1,0,0,,
L0000544,20240628,CMP0004,Windsor,43,New,0,0,0,,
L0000545,20240826,CMP0016,Toronto,26,New,0,0,0,,
L0000546,20240315,CMP0017,Brampton,86,Invested,1,1,1,INV000066,20240322
L0000547,20241021,CMP0008,Brampton,86,KYC Done,1,1,0,,
L0000548,20240721,CMP0002,Mississauga,77,Qualified,1,0,0,,
L0000549,20240713,CMP0016,Markham,62,Qualified,1,0,0,,
L0000550,20241007,CMP0016,Mississauga,33,New,0,0,0,,
L0000551,20240819,CMP0010,Hamilton,46,Invested,1,1,1,INV000067,20240820
L0000552,20240127,CMP0011,Ottawa,16,New,0,0,0,,
L0000553,20240415,CMP0005,Vaughan,32,New,0,0,0,,
L0000554,20240305,CMP0002,Markham,50,Qualified,1,0,0,,
L0000555,20240925,CMP0017,Toronto,49,New,0,0,0,,
L0000556,20240113,CMP0009,London,17,New,0,0,0,,
L0000557,20240315,CMP0005,Markham,96,Invested,1,1,1,INV000068,20240404
L0000558,20240806,CMP0013,Kitchener,34,New,0,0,0,,
L0000559,20240911,CMP0001,Windsor,55,Invested,1,1,1,INV000069,20241025
L0000560,20240703,CMP0002,London,51,KYC Done,1,1,0,,
L0000561,20241111,CMP0005,Ottawa,52,Lost,0,0,0,,
L0000562,20241202,CMP0009,Mississauga,86,Qualified,1,0,0,,
L0000563,20240218,CMP0007,Vaughan,77,Account Opened,1,1,1,,
L0000564,20241214,CMP0004,Kitchener,88,Lost,1,1,1,,
L0000565,20240812,CMP0007,Toronto,44,New,0,0,0,,
L0000566,20240820,CMP0007,Ottawa,33,Lost,0,0,0,,
L0000567,20240204,CMP0010,Toronto,48,New,0,0,0,,
L0000568,20240815,CMP0011,Mississauga,60,KYC Done,1,1,0,,
L0000569,20240922,CMP0016,Brampton,40,New,0,0,0,,
L0000570,20240731,CMP0015,Mississauga,51,Account Opened,1,1,1,,
L0000571,20240131,CMP0006,London,23,Lost,0,0,0,,
L0000572,20240710,CMP0017,Toronto,62,Invested,1,1,1,INV000070,20240720
L0000573,20241208,CMP0010,Hamilton,74,Account Opened,1,1,1,,
L0000574,20240921,CMP0004,Hamilton,57,Account Opened,1,1,1,,
L0000575,20240220,CMP0007,Markham,88,Account Opened,1,1,1,,
L0000576,20241217,CMP0014,Toronto,99,KYC Done,1,1,0,,
L0000577,20241216,CMP0015,Mississauga,91,Account Opened,1,1,1,,
L0000578,20240302,CMP0007,London,18,New,0,0,0,,
L0000579,20241020,CMP0003,London,89,Qualified,1,0,0,,
L0000580,20240528,CMP0004,Ottawa,40,New,0,0,0,,
L0000581,20240805,CMP0002,Ottawa,50,KYC Done,1,1,0,,
L0000582,20240611,CMP0013,Windsor,47,New,0,0,0,,
L0000583,20241013,CMP0010,Mississauga,35,New,0,0,0,,
L0000584,20241230,CMP0009,Toronto,88,Qualified,1,0,0,,
L0000585,20241018,CMP0013,Kitchener,67,Lost,1,1,1,,
L0000586,20241206,CMP0015,Markham,97,KYC Done,1,1,0,,
L0000587,20241212,CMP0015,Mississauga,95,Invested,1,1,1,INV000071,20241224
L0000588,20240202,CMP0003,Vaughan,47,New,0,0,0,,
L0000589,20240402,CMP0011,Mississauga,75,Invested,1,1,1,INV000072,20240503
L0000590,20240921,CMP0016,Markham,55,New,0,0,0,,
L0000591,20240803,CMP0014,Hamilton,54,New,0,0,0,,
L0000592,20240119,CMP0006,Ottawa,76,Qualified,1,0,0,,
L0000593,20240204,CMP0008,Kitchener,71,Invested,1,1,1,INV000073,20240207
L0000594,20240709,CMP0017,Markham,92,KYC Done,1,1,0,,
L0000595,20240813,CMP0001,Toronto,79,Account Opened,1,1,1,,
L0000596,20240302,CMP0010,London,65,Account Opened,1,1,1,,
L0000597,20240303,CMP0003,Markham,92,Account Opened,1,1,1,,
L0000598,20240217,CMP0017,Ottawa,19,Lost,0,0,0,,
L0000599,20240725,CMP0001,Mississauga,78,KYC Done,1,1,0,,
L0000600,20240103,CMP0001,Mississauga,45,New,0,0,0,,
L0000601,20240728,CMP0006,Windsor,48,New,0,0,0,,
L0000602,20240623,CMP0004,Brampton,80,Account Opened,1,1,1,,
L0000603,20240619,CMP0009,Ottawa,34,New,0,0,0,,
L0000604,20240905,CMP0006,Hamilton,89,Account Opened,1,1,1,,
L0000605,20240710,CMP0007,Toronto,54,Qualified,1,0,0,,
L0000606,20240923,CMP0011,Toronto,41,New,0,0,0,,
L0000607,20241006,CMP0011,Toronto,39,New,0,0,0,,
L0000608,20241202,CMP0017,Toronto,47,Account Opened,1,1,1,,
L0000609,20241019,CMP0009,Vaughan,94,Account Opened,1,1,1,,
L0000610,20240708,CMP0011,Toronto,19,New,0,0,0,,
L0000611,20240629,CMP0013,Mississauga,55,Lost,1,1,1,,
L0000612,20240327,CMP0004,Ottawa,85,Invested,1,1,1,INV000074,20240427
L0000613,20240807,CMP0013,Vaughan,52,Invested,1,1,1,INV000075,20240831
L0000614,20240220,CMP0016,Toronto,60,KYC Done,1,1,0,,
L0000615,20241206,CMP0006,Toronto,41,New,0,0,0,,
L0000616,20241105,CMP0004,London,22,New,0,0,0,,
L0000617,20240213,CMP0007,Ottawa,67,KYC Done,1,1,0,,
L0000618,20241014,CMP0005,Hamilton,92,Lost,1,0,0,,
L0000619,20240212,CMP0011,Toronto,56,Account Opened,1,1,1,,
L0000620,20240920,CMP0016,Vaughan,48,New,0,0,0,,
L0000621,20240202,CMP0011,Ottawa,21,New,0,0,0,,
L0000622,20240627,CMP0003,Markham,95,Invested,1,1,1,INV000076,20240703
L0000623,20240828,CMP0006,Windsor,88,Invested,1,1,1,INV000077,20240908
L0000624,20240923,CMP0013,London,91,Account Opened,1,1,1,,
L0000625,20240602,CMP0006,Toronto,42,New,0,0,0,,
L0000626,20241203,CMP0011,London,66,Account Opened,1,1,1,,
L0000627,20241010,CMP0013,Ottawa,48,New,0,0,0,,
L0000628,20240317,CMP0006,Toronto,31,New,0,0,0,,
L0000629,20240902,CMP0012,Mississauga,28,New,0,0,0,,
L0000630,20240924,CMP0008,Toronto,44,Lost,0,0,0,,
L0000631,20240502,CMP0003,Kitchener,59,KYC Done,1,1,0,,
L0000632,20240927,CMP0007,Markham,20,New,0,0,0,,
L0000633,20241124,CMP0008,London,73,Account Opened,1,1,1,,
L0000634,20241026,CMP0001,Markham,51,Invested,1,1,1,INV000078,20241112
L0000635,20241006,CMP0017,Hamilton,89,Account Opened,1,1,1,,
L0000636,20240820,CMP0010,Vaughan,35,Lost,0,0,0,,
L0000637,20240409,CMP0001,Mississauga,14,New,0,0,0,,
L0000638,20241018,CMP0016,Mississauga,38,New,0,0,0,,
L0000639,20240513,CMP0016,Hamilton,97,Lost,1,0,0,,
L0000640,20240713,CMP0001,Markham,38,New,0,0,0,,
L0000641,20240425,CMP0003,Markham,73,Account Opened,1,1,1,,
L0000642,20240424,CMP0007,Windsor,85,Qualified,1,0,0,,
L0000643,20240227,CMP0010,Markham,35,New,0,0,0,,
L0000644,20241217,CMP0014,Mississauga,67,Account Opened,1,1,1,,
L0000645,20240224,CMP0008,Mississauga,28,New,0,0,0,,
L0000646,20240201,CMP0012,Ottawa,42,New,0,0,0,,
L0000647,20241208,CMP0001,Hamilton,36,New,0,0,0,,
L0000648,20240722,CMP0012,Ottawa,70,Invested,1,1,1,INV000079,20240730
L0000649,20240609,CMP0017,Toronto,88,KYC Done,1,1,0,,
L0000650,20240926,CMP0010,Ottawa,32,New,0,0,0,,
L0000651,20240520,CMP0009,Markham,36,Lost,0,0,0,,
L0000652,20240216,CMP0006,Mississauga,83,Qualified,1,0,0,,
L0000653,20240924,CMP0018,Hamilton,51,Invested,1,1,1,INV000080,20241101
L0000654,20240305,CMP0001,Mississauga,56,Lost,0,0,0,,
L0000655,20240721,CMP0006,Ottawa,73,KYC Done,1,1,0,,
L0000656,20241213,CMP0003,London,22,Lost,0,0,0,,
L0000657,20241208,CMP0016,Toronto,88,Lost,1,1,1,,
L0000658,20240512,CMP0009,London,42,New,0,0,0,,
L0000659,20241012,CMP0017,Hamilton,69,Invested,1,1,1,INV000081,20241015
L0000660,20240812,CMP0012,Mississauga,48,New,0,0,0,,
L0000661,20240624,CMP0011,Vaughan,77,Account Opened,1,1,1,,
L0000662,20240221,CMP0010,Markham,65,KYC Done,1,1,0,,
L0000663,20240517,CMP0004,Ottawa,25,New,0,0,0,,
L0000664,20240826,CMP0011,Toronto,26,New,0,0,0,,
L0000665,20241227,CMP0013,Ottawa,88,Account Opened,1,1,1,,
L0000666,20240102,CMP0018,Mississauga,56,Lost,0,0,0,,
L0000667,20240919,CMP0010,Mississauga,34,New,0,0,0,,
L0000668,20241105,CMP0017,Hamilton,22,New,0,0,0,,
L0000669,20241214,CMP0018,Kitchener,21,New,0,0,0,,
L0000670,20240604,CMP0010,Toronto,92,Qualified,1,0,0,,
L0000671,20240213,CMP0008,London,97,Invested,1,1,1,INV000082,20240305
L0000672,20240409,CMP0003,Hamilton,45,New,0,0,0,,
L0000673,20241107,CMP0005,Hamilton,28,New,0,0,0,,
L0000674,20241117,CMP0016,Vaughan,47,New,0,0,0,,
L0000675,20240821,CMP0003,Brampton,22,New,0,0,0,,
L0000676,20240214,CMP0008,Ottawa,59,Invested,1,1,1,INV000083,20240321
L0000677,20240214,CMP0013,Mississauga,66,Qualified,1,0,0,,
L0000678,20240624,CMP0005,Mississauga,98,Account Opened,1,1,1,,
L0000679,20240803,CMP0018,Ottawa,38,New,0,0,0,,
L0000680,20240112,CMP0012,Toronto,27,New,0,0,0,,
L0000681,20240908,CMP0001,Mississauga,22,Lost,0,0,0,,
L0000682,20240718,CMP0005,Toronto,43,Lost,0,0,0,,
L0000683,20240105,CMP0014,Toronto,64,Account Opened,1,1,1,,
L0000684,20240205,CMP0016,Brampton,15,New,0,0,0,,
L0000685,20240615,CMP0017,Toronto,78,Account Opened,1,1,1,,
L0000686,20240921,CMP0016,Toronto,51,Invested,1,1,1,INV000084,20241009
L0000687,20241029,CMP0002,Hamilton,81,Qualified,1,0,0,,
L0000688,20240606,CMP0014,Hamilton,51,New,0,0,0,,
L0000689,20240418,CMP0002,Kitchener,23,New,0,0,0,,
L0000690,20241220,CMP0002,Kitchener,11,New,0,0,0,,
L0000691,20240616,CMP0013,Vaughan,60,Lost,1,0,0,,
L0000692,20240425,CMP0009,London,58,New,0,0,0,,
L0000693,20240610,CMP0012,Mississauga,83,Qualified,1,0,0,,
L0000694,20240105,CMP0016,Toronto,88,Account Opened,1,1,1,,
L0000695,20240420,CMP0002,Kitchener,24,New,0,0,0,,
L0000696,20240707,CMP0010,Kitchener,38,New,0,0,0,,
L0000697,20241202,CMP0016,Ottawa,28,New,0,0,0,,
L0000698,20240927,CMP0008,Ottawa,19,Lost,0,0,0,,
L0000699,20241012,CMP0010,Toronto,10,New,0,0,0,,
L0000700,20240718,CMP0009,Toronto,17,New,0,0,0,,
L0000701,20240210,CMP0017,Ottawa,57,Qualified,1,0,0,,
L0000702,20240523,CMP0001,Toronto,23,Lost,0,0,0,,
L0000703,20241230,CMP0016,Ottawa,27,New,0,0,0,,
L0000704,20240117,CMP0015,Markham,20,New,0,0,0,,
L0000705,20241117,CMP0015,Markham,75,Invested,1,1,1,INV000085,20241209
L0000706,20240907,CMP0008,Vaughan,67,Account Opened,1,1,1,,
L0000707,20240413,CMP0010,Mississauga,96,Lost,1,0,0,,
L0000708,20241011,CMP0007,Brampton,20,New,0,0,0,,
L0000709,20241102,CMP0005,Hamilton,28,New,0,0,0,,
L0000710,20240116,CMP0016,Hamilton,51,Account Opened,1,1,1,,
L0000711,20240208,CMP0010,Windsor,68,Invested,1,1,1,INV000086,20240209
L0000712,20240831,CMP0014,Mississauga,21,New,0,0,0,,
L0000713,20241231,CMP0002,Toronto,29,New,0,0,0,,
L0000714,20240109,CMP0015,Brampton,47,New,0,0,0,,
L0000715,20240831,CMP0012,Ottawa,11,New,0,0,0,,
L0000716,20240219,CMP0018,Brampton,45,New,0,0,0,,
L0000717,20240825,CMP0003,Mississauga,78,Account Opened,1,1,1,,
L0000718,20240816,CMP0010,Mississauga,57,Invested,1,1,1,INV000087,20240819
L0000719,20240203,CMP0010,Brampton,49,Invested,1,1,1,INV000088,20240228
L0000720,20240906,CMP0010,London,53,New,0,0,0,,
L0000721,20241124,CMP0001,Toronto,95,Account Opened,1,1,1,,
L0000722,20241112,CMP0009,Vaughan,56,Invested,1,1,1,INV000089,20241218
L0000723,20240111,CMP0006,Hamilton,58,Invested,1,1,1,INV000090,20240201
L0000724,20240331,CMP0012,Toronto,93,Account Opened,1,1,1,,
L0000725,20240329,CMP0005,Toronto,24,New,0,0,0,,
L0000726,20240614,CMP0008,Toronto,18,New,0,0,0,,
L0000727,20240222,CMP0012,Toronto,50,New,0,0,0,,
L0000728,20241108,CMP0002,Hamilton,38,New,0,0,0,,
L0000729,20241011,CMP0015,Kitchener,28,Lost,0,0,0,,
L0000730,20241022,CMP0013,Toronto,20,New,0,0,0,,
L0000731,20240313,CMP0002,Mississauga,89,Account Opened,1,1,1,,
L0000732,20240106,CMP0002,Vaughan,65,Account Opened,1,1,1,,
L0000733,20241129,CMP0016,Ottawa,72,Invested,1,1,1,INV000091,20241231
L0000734,20240415,CMP0006,Brampton,20,New,0,0,0,,
L0000735,20240828,CMP0016,Ottawa,40,New,0,0,0,,
L0000736,20241128,CMP0009,Toronto,65,KYC Done,1,1,0,,
L0000737,20240114,CMP0007,Toronto,57,Account Opened,1,1,1,,
L0000738,20240103,CMP0005,Windsor,72,KYC Done,1,1,0,,
L0000739,20240102,CMP0012,Hamilton,70,Lost,1,1,1,,
L0000740,20240227,CMP0002,Mississauga,47,New,0,0,0,,
L0000741,20240119,CMP0008,Kitchener,80,Account Opened,1,1,1,,
L0000742,20241027,CMP0007,Brampton,33,New,0,0,0,,
L0000743,20240809,CMP0003,Toronto,17,New,0,0,0,,
L0000744,20241224,CMP0007,Windsor,92,Account Opened,1,1,1,,
L0000745,20241020,CMP0010,Hamilton,12,Lost,0,0,0,,
L0000746,20241218,CMP0013,London,35,New,0,0,0,,
L0000747,20240328,CMP0002,Toronto,20,New,0,0,0,,
L0000748,20240415,CMP0016,Mississauga,30,New,0,0,0,,
L0000749,20241106,CMP0016,Kitchener,45,New,0,0,0,,
L0000750,20240330,CMP0013,Toronto,21,New,0,0,0,,
L0000751,20240121,CMP0017,Vaughan,52,New,0,0,0,,
L0000752,20240901,CMP0008,Markham,93,Lost,1,1,1,,
L0000753,20241020,CMP0015,Brampton,22,New,0,0,0,,
L0000754,20241220,CMP0014,Vaughan,93,Qualified,1,0,0,,
L0000755,20241205,CMP0011,Kitchener,47,New,0,0,0,,
L0000756,20240214,CMP0004,Vaughan,63,Invested,1,1,1,INV000092,20240225
L0000757,20241009,CMP0011,Brampton,49,KYC Done,1,1,0,,
L0000758,20241105,CMP0017,Hamilton,38,New,0,0,0,,
L0000759,20240912,CMP0018,Mississauga,19,New,0,0,0,,
L0000760,20241027,CMP0009,Toronto,63,Invested,1,1,1,INV000093,20241028
L0000761,20241102,CMP0005,Kitchener,92,Account Opened,1,1,1,,
L0000762,20240612,CMP0014,Windsor,56,New,0,0,0,,
L0000763,20240115,CMP0002,Toronto,63,Lost,1,0,0,,
L0000764,20240615,CMP0003,London,67,Qualified,1,0,0,,
L0000765,20240314,CMP0011,Kitchener,44,New,0,0,0,,
L0000766,20240211,CMP0018,Hamilton,20,New,0,0,0,,
L0000767,20240215,CMP0006,Toronto,55,Account Opened,1,1,1,,
L0000768,20240912,CMP0008,Toronto,88,Invested,1,1,1,INV000094,20240930
L0000769,20240703,CMP0006,Ottawa,38,Lost,0,0,0,,
L0000770,20240716,CMP0008,Kitchener,88,Invested,1,1,1,INV000095,20240805
L0000771,20240929,CMP0001,Mississauga,86,Account Opened,1,1,1,,
L0000772,20240719,CMP0011,Brampton,32,New,0,0,0,,
L0000773,20240818,CMP0011,Markham,61,Qualified,1,0,0,,
L0000774,20240201,CMP0006,Markham,77,Invested,1,1,1,INV000096,20240210
L0000775,20241107,CMP0005,Kitchener,54,Invested,1,1,1,INV000097,20241118
L0000776,20240613,CMP0014,Markham,72,Account Opened,1,1,1,,
L0000777,20240226,CMP0004,Hamilton,91,KYC Done,1,1,0,,
L0000778,20241024,CMP0001,Kitchener,66,KYC Done,1,1,0,,
L0000779,20240925,CMP0001,Hamilton,85,KYC Done,1,1,0,,
L0000780,20240120,CMP0016,Hamilton,82,Invested,1,1,1,INV000098,20240304
L0000781,20240311,CMP0007,Toronto,83,Invested,1,1,1,INV000099,20240409
L0000782,20240106,CMP0002,Ottawa,86,KYC Done,1,1,0,,
L0000783,20240409,CMP0016,Toronto,30,New,0,0,0,,
L0000784,20240206,CMP0003,Vaughan,11,New,0,0,0,,
L0000785,20240916,CMP0007,Toronto,23,New,0,0,0,,
L0000786,20240710,CMP0001,Mississauga,32,Lost,0,0,0,,
L0000787,20241224,CMP0013,Windsor,72,Account Opened,1,1,1,,
L0000788,20241001,CMP0013,Markham,55,Invested,1,1,1,INV000100,20241013
L0000789,20240811,CMP0014,London,52,Qualified,1,0,0,,
L0000790,20240705,CMP0005,London,10,New,0,0,0,,
L0000791,20240120,CMP0006,Toronto,71,Account Opened,1,1,1,,
L0000792,20240126,CMP0017,Mississauga,42,New,0,0,0,,
L0000793,20240813,CMP0015,Markham,78,KYC Done,1,1,0,,
L0000794,20240102,CMP0001,Vaughan,20,New,0,0,0,,
L0000795,20240116,CMP0013,Brampton,36,New,0,0,0,,
L0000796,20240321,CMP0015,Mississauga,14,New,0,0,0,,
L0000797,20241119,CMP0011,Mississauga,35,New,0,0,0,,
L0000798,20240616,CMP0012,Ottawa,93,Lost,1,0,0,,
L0000799,20240916,CMP0001,Mississauga,54,New,0,0,0,,
L0000800,20240530,CMP0001,Toronto,49,New,0,0,0,,
L0000801,20240304,CMP0001,Brampton,34,New,0,0,0,,
L0000802,20240515,CMP0003,Ottawa,33,Lost,0,0,0,,
L0000803,20240203,CMP0018,Hamilton,70,Account Opened,1,1,1,,
L0000804,20241008,CMP0012,Brampton,98,KYC Done,1,1,0,,
L0000805,20240308,CMP0015,Mississauga,77,Qualified,1,0,0,,
L0000806,20240517,CMP0006,Mississauga,76,Lost,1,1,0,,
L0000807,20241224,CMP0017,Hamilton,52,Account Opened,1,1,1,,
L0000808,20240804,CMP0004,Mississauga,18,New,0,0,0,,
L0000809,20240616,CMP0017,Kitchener,75,KYC Done,1,1,0,,
L0000810,20240717,CMP0001,Mississauga,82,KYC Done,1,1,0,,
L0000811,20241013,CMP0001,Markham,55,KYC Done,1,1,0,,
L0000812,20240403,CMP0002,Mississauga,18,New,0,0,0,,
L0000813,20240820,CMP0015,Hamilton,74,Invested,1,1,1,INV000101,20240910
L0000814,20241115,CMP0005,London,92,Invested,1,1,1,INV000102,20241121
L0000815,20240728,CMP0009,Toronto,30,New,0,0,0,,
L0000816,20240612,CMP0009,Brampton,24,New,0,0,0,,
L0000817,20240223,CMP0015,Toronto,76,Qualified,1,0,0,,
L0000818,20240331,CMP0007,Ottawa,39,New,0,0,0,,
L0000819,20241212,CMP0001,Kitchener,74,KYC Done,1,1,0,,
L0000820,20240717,CMP0007,Hamilton,73,Lost,1,1,1,,
L0000821,20240420,CMP0006,London,33,New,0,0,0,,
L0000822,20240602,CMP0014,Mississauga,13,New,0,0,0,,
L0000823,20240730,CMP0014,Ottawa,60,Qualified,1,0,0,,
L0000824,20240715,CMP0002,London,46,New,0,0,0,,
L0000825,20240913,CMP0015,Toronto,86,Lost,1,1,1,,
L0000826,20240404,CMP0002,Toronto,42,New,0,0,0,,
L0000827,20240825,CMP0012,Mississauga,32,New,0,0,0,,
L0000828,20240611,CMP0008,Mississauga,87,Account Opened,1,1,1,,
L0000829,20241210,CMP0006,Windsor,76,Account Opened,1,1,1,,
L0000830,20240227,CMP0009,Toronto,65,Qualified,1,0,0,,
L0000831,20240224,CMP0006,Toronto,95,Qualified,1,0,0,,
L0000832,20240617,CMP0015,Toronto,80,Lost,1,0,0,,
L0000833,20240705,CMP0018,Toronto,87,Account Opened,1,1,1,,
L0000834,20240909,CMP0015,Brampton,81,Account Opened,1,1,1,,
L0000835,20240527,CMP0008,Toronto,46,New,0,0,0,,
L0000836,20241130,CMP0010,Toronto,15,New,0,0,0,,
L0000837,20240622,CMP0009,Toronto,64,Invested,1,1,1,INV000103,20240725
L0000838,20240217,CMP0015,Markham,78,Qualified,1,0,0,,
L0000839,20240213,CMP0010,Ottawa,99,KYC Done,1,1,0,,
L0000840,20241222,CMP0009,London,71,Account Opened,1,1,1,,
L0000841,20240219,CMP0008,Toronto,61,KYC Done,1,1,0,,
L0000842,20241212,CMP0007,Mississauga,61,Account Opened,1,1,1,,
L0000843,20240411,CMP0010,Windsor,20,New,0,0,0,,
L0000844,20240204,CMP0013,Toronto,10,New,0,0,0,,
L0000845,20240421,CMP0008,Brampton,14,New,0,0,0,,
L0000846,20240812,CMP0015,Mississauga,91,Account Opened,1,1,1,,
L0000847,20240605,CMP0015,Toronto,81,Invested,1,1,1,INV000104,20240716
L0000848,20241014,CMP0008,Ottawa,33,New,0,0,0,,
L0000849,20240811,CMP0017,Ottawa,48,New,0,0,0,,
L0000850,20240526,CMP0004,Mississauga,53,New,0,0,0,,
L0000851,20240820,CMP0017,Ottawa,32,New,0,0,0,,
L0000852,20241221,CMP0006,Brampton,48,New,0,0,0,,
L0000853,20240530,CMP0011,Ottawa,41,Lost,0,0,0,,
L0000854,20240226,CMP0006,Vaughan,72,Account Opened,1,1,1,,
L0000855,20240529,CMP0008,London,78,Invested,1,1,1,INV000105,20240705
L0000856,20241103,CMP0007,Mississauga,18,New,0,0,0,,
L0000857,20240320,CMP0013,Mississauga,51,Account Opened,1,1,1,,
L0000858,20241213,CMP0002,London,99,Invested,1,1,1,INV000106,20241219
L0000859,20240803,CMP0016,Mississauga,88,KYC Done,1,1,0,,
L0000860,20240808,CMP0017,Kitchener,81,Qualified,1,0,0,,
L0000861,20240426,CMP0011,Markham,76,KYC Done,1,1,0,,
L0000862,20241202,CMP0010,Mississauga,10,New,0,0,0,,
L0000863,20240114,CMP0013,Markham,97,Account Opened,1,1,1,,
L0000864,20240419,CMP0004,Toronto,76,Qualified,1,0,0,,
L0000865,20240602,CMP0014,Toronto,89,Invested,1,1,1,INV000107,20240604
L0000866,20240623,CMP0004,Windsor,91,Invested,1,1,1,INV000108,20240624
L0000867,20240622,CMP0013,Markham,32,New,0,0,0,,
L0000868,20240224,CMP0006,Ottawa,11,New,0,0,0,,
L0000869,20240323,CMP0014,Vaughan,69,KYC Done,1,1,0,,
L0000870,20240204,CMP0015,Toronto,51,Invested,1,1,1,INV000109,20240211
L0000871,20240728,CMP0004,London,11,New,0,0,0,,
L0000872,20240508,CMP0012,Kitchener,34,New,0,0,0,,
L0000873,20240726,CMP0009,Markham,99,KYC Done,1,1,0,,
L0000874,20240803,CMP0006,Brampton,42,New,0,0,0,,
L0000875,20240913,CMP0011,Brampton,33,New,0,0,0,,
L0000876,20240719,CMP0018,Vaughan,68,Invested,1,1,1,INV000110,20240831
L0000877,20240825,CMP0001,Mississauga,69,Lost,1,1,0,,
L0000878,20240802,CMP0018,Kitchener,39,New,0,0,0,,
L0000879,20240826,CMP0016,Mississauga,86,Invested,1,1,1,INV000111,20241005
L0000880,20240813,CMP0010,Toronto,62,Lost,1,1,0,,
L0000881,20240425,CMP0011,Mississauga,24,New,0,0,0,,
L0000882,20240331,CMP0007,Ottawa,39,New,0,0,0,,
L0000883,20241015,CMP0003,Toronto,86,Account Opened,1,1,1,,
L0000884,20240505,CMP0011,Brampton,18,New,0,0,0,,
L0000885,20240719,CMP0015,Kitchener,11,New,0,0,0,,
L0000886,20240313,CMP0005,Toronto,69,KYC Done,1,1,0,,
L0000887,20240606,CMP0013,Hamilton,49,Lost,1,1,1,,
L0000888,20240712,CMP0014,Brampton,32,New,0,0,0,,
L0000889,20240817,CMP0014,Hamilton,52,Invested,1,1,1,INV000112,20240920
L0000890,20240711,CMP0007,Ottawa,26,New,0,0,0,,
L0000891,20240512,CMP0008,Vaughan,43,New,0,0,0,,
L0000892,20241218,CMP0008,Brampton,31,New,0,0,0,,
L0000893,20240706,CMP0016,Ottawa,62,Invested,1,1,1,INV000113,20240808
L0000894,20241022,CMP0017,Toronto,70,Account Opened,1,1,1,,
L0000895,20240926,CMP0008,Ottawa,92,Account Opened,1,1,1,,
L0000896,20240723,CMP0018,Toronto,16,Lost,0,0,0,,
L0000897,20241120,CMP0011,Hamilton,39,New,0,0,0,,
L0000898,20240216,CMP0007,Brampton,33,Lost,0,0,0,,
L0000899,20241203,CMP0001,Markham,62,KYC Done,1,1,0,,
L0000900,20241107,CMP0011,Brampton,57,Account Opened,1,1,1,,
L0000901,20240703,CMP0012,Hamilton,88,Qualified,1,0,0,,
L0000902,20240925,CMP0018,Toronto,92,KYC Done,1,1,0,,
L0000903,20240709,CMP0013,London,79,Invested,1,1,1,INV000114,20240808
L0000904,20240408,CMP0001,Kitchener,27,New,0,0,0,,
L0000905,20241019,CMP0011,Ottawa,13,New,0,0,0,,
L0000906,20240331,CMP0014,Toronto,90,Qualified,1,0,0,,
L0000907,20240425,CMP0009,Hamilton,94,Invested,1,1,1,INV000115,20240523
L0000908,20240709,CMP0008,Toronto,32,New,0,0,0,,
L0000909,20241102,CMP0015,Ottawa,14,New,0,0,0,,
L0000910,20240520,CMP0012,Toronto,71,Account Opened,1,1,1,,
L0000911,20240629,CMP0013,Ottawa,62,Lost,1,1,1,,
L0000912,20240116,CMP0009,Vaughan,89,KYC Done,1,1,0,,
L0000913,20240212,CMP0006,Toronto,61,KYC Done,1,1,0,,
L0000914,20240121,CMP0010,Ottawa,78,Account Opened,1,1,1,,
L0000915,20240127,CMP0018,Mississauga,80,Account Opened,1,1,1,,
L0000916,20241113,CMP0011,Mississauga,10,New,0,0,0,,
L0000917,20241104,CMP0013,Hamilton,23,New,0,0,0,,
L0000918,20241027,CMP0003,London,80,Invested,1,1,1,INV000116,20241205
L0000919,20240121,CMP0018,Vaughan,26,New,0,0,0,,
L0000920,20240129,CMP0005,Mississauga,28,New,0,0,0,,
L0000921,20240412,CMP0018,Toronto,77,Invested,1,1,1,INV000117,20240430
L0000922,20240725,CMP0009,Ottawa,28,New,0,0,0,,
L0000923,20240502,CMP0017,Hamilton,23,New,0,0,0,,
L0000924,20240627,CMP0017,London,11,New,0,0,0,,
L0000925,20240304,CMP0014,London,52,New,0,0,0,,
L0000926,20240924,CMP0017,Vaughan,67,Lost,1,0,0,,
L0000927,20240424,CMP0011,Toronto,75,Invested,1,1,1,INV000118,20240602
L0000928,20240125,CMP0016,Windsor,91,Account Opened,1,1,1,,
L0000929,20240928,CMP0004,Windsor,68,Account Opened,1,1,1,,
L0000930,20241126,CMP0002,Toronto,78,Account Opened,1,1,1,,
L0000931,20240106,CMP0010,Mississauga,28,New,0,0,0,,
L0000932,20240608,CMP0015,Markham,40,New,0,0,0,,
L0000933,20241029,CMP0014,Ottawa,37,New,0,0,0,,
L0000934,20240915,CMP0010,Toronto,15,New,0,0,0,,
L0000935,20241109,CMP0010,Brampton,97,Invested,1,1,1,INV000119,20241110
L0000936,20240531,CMP0011,Ottawa,31,Lost,0,0,0,,
L0000937,20240516,CMP0016,Vaughan,50,Lost,0,0,0,,
L0000938,20240916,CMP0016,Markham,42,New,0,0,0,,
L0000939,20240226,CMP0002,Kitchener,14,New,0,0,0,,
L0000940,20240328,CMP0011,Ottawa,91,Lost,1,1,0,,
L0000941,20240807,CMP0007,Markham,29,New,0,0,0,,
L0000942,20240901,CMP0015,Toronto,19,Lost,0,0,0,,
L0000943,20240213,CMP0010,Ottawa,40,New,0,0,0,,
L0000944,20240705,CMP0018,Kitchener,22,New,0,0,0,,
L0000945,20240513,CMP0008,Markham,99,Qualified,1,0,0,,
L0000946,20240702,CMP0013,Hamilton,27,New,0,0,0,,
L0000947,20241216,CMP0002,Toronto,37,New,0,0,0,,
L0000948,20240129,CMP0017,Toronto,34,New,0,0,0,,
L0000949,20241230,CMP0003,Hamilton,12,New,0,0,0,,
L0000950,20240613,CMP0007,Mississauga,11,New,0,0,0,,
L0000951,20241009,CMP0016,Mississauga,56,New,0,0,0,,
L0000952,20240604,CMP0018,Vaughan,30,New,0,0,0,,
L0000953,20240423,CMP0009,Toronto,17,New,0,0,0,,
L0000954,20241009,CMP0009,Brampton,36,New,0,0,0,,
L0000955,20240908,CMP0001,Mississauga,34,New,0,0,0,,
L0000956,20240222,CMP0018,Toronto,48,Lost,1,1,1,,
L0000957,20240915,CMP0001,Toronto,99,Invested,1,1,1,INV000120,20241006
L0000958,20241002,CMP0001,Toronto,37,New,0,0,0,,
L0000959,20240521,CMP0009,Ottawa,73,Qualified,1,0,0,,
L0000960,20241204,CMP0001,Brampton,79,Invested,1,1,1,INV000121,20241217
L0000961,20240822,CMP0003,Ottawa,14,Lost,0,0,0,,
L0000962,20240502,CMP0012,Vaughan,55,Lost,1,1,1,,
L0000963,20240104,CMP0013,Ottawa,50,Lost,0,0,0,,
L0000964,20240904,CMP0006,Hamilton,55,New,0,0,0,,
L0000965,20240317,CMP0015,Hamilton,25,New,0,0,0,,
L0000966,20241003,CMP0011,Ottawa,51,Account Opened,1,1,1,,
L0000967,20240711,CMP0005,Mississauga,21,New,0,0,0,,
L0000968,20240619,CMP0013,Kitchener,95,Lost,1,1,1,,
L0000969,20240229,CMP0011,Brampton,62,Account Opened,1,1,1,,
L0000970,20240917,CMP0015,Ottawa,13,New,0,0,0,,
L0000971,20240301,CMP0003,Ottawa,55,KYC Done,1,1,0,,
L0000972,20240601,CMP0005,Markham,93,Account Opened,1,1,1,,
L0000973,20241102,CMP0006,Ottawa,76,Account Opened,1,1,1,,
L0000974,20241202,CMP0007,Ottawa,34,New,0,0,0,,
L0000975,20241228,CMP0016,Ottawa,90,Invested,1,1,1,INV000122,20241231
L0000976,20241216,CMP0014,Markham,26,New,0,0,0,,
L0000977,20240722,CMP0010,Mississauga,32,New,0,0,0,,
L0000978,20240314,CMP0010,Kitchener,23,Lost,0,0,0,,
L0000979,20241103,CMP0016,Vaughan,93,Account Opened,1,1,1,,
L0000980,20241020,CMP0009,Toronto,74,KYC Done,1,1,0,,
L0000981,20241228,CMP0005,Mississauga,56,KYC Done,1,1,0,,
L0000982,20240826,CMP0003,Kitchener,70,Account Opened,1,1,1,,
L0000983,20240221,CMP0006,Mississauga,33,New,0,0,0,,
L0000984,20240703,CMP0012,Mississauga,16,New,0,0,0,,
L0000985,20240613,CMP0009,Toronto,86,Invested,1,1,1,INV000123,20240624
L0000986,20241104,CMP0008,Toronto,96,Qualified,1,0,0,,
L0000987,20240523,CMP0009,Ottawa,13,New,0,0,0,,
L0000988,20240430,CMP0018,London,14,New,0,0,0,,
L0000989,20240130,CMP0018,Hamilton,60,Account Opened,1,1,1,,
L0000990,20241101,CMP0003,Toronto,13,New,0,0,0,,
L0000991,20241003,CMP0003,Ottawa,74,Qualified,1,0,0,,
L0000992,20240116,CMP0005,Mississauga,95,KYC Done,1,1,0,,
L0000993,20240607,CMP0016,Hamilton,35,New,0,0,0,,
L0000994,20240624,CMP0009,Brampton,36,New,0,0,0,,
L0000995,20240620,CMP0016,Windsor,87,Qualified,1,0,0,,
L0000996,20241202,CMP0012,Markham,42,New,0,0,0,,
L0000997,20240225,CMP0010,London,31,New,0,0,0,,
L0000998,20240422,CMP0006,Ottawa,17,New,0,0,0,,
L0000999,20240307,CMP0007,Hamilton,85,Lost,1,1,1,,
L0001000,20240330,CMP0003,Ottawa,93,Invested,1,1,1,INV000124,20240511
L0001001,20241127,CMP0010,Markham,17,New,0,0,0,,
L0001002,20241210,CMP0006,Kitchener,82,Account Opened,1,1,1,,
L0001003,20240117,CMP0006,Windsor,24,New,0,0,0,,
L0001004,20240819,CMP0001,Hamilton,22,New,0,0,0,,
L0001005,20240326,CMP0015,London,44,Lost,0,0,0,,
L0001006,20240311,CMP0017,Brampton,49,New,0,0,0,,
L0001007,20240416,CMP0009,Toronto,86,Account Opened,1,1,1,,
L0001008,20240312,CMP0010,London,72,Qualified,1,0,0,,
L0001009,20240628,CMP0017,Kitchener,23,New,0,0,0,,
L0001010,20241230,CMP0010,Vaughan,62,Qualified,1,0,0,,
L0001011,20240802,CMP0012,Vaughan,88,Account Opened,1,1,1,,
L0001012,20240921,CMP0008,Brampton,69,Account Opened,1,1,1,,
L0001013,20240629,CMP0010,London,30,New,0,0,0,,
L0001014,20240106,CMP0010,Hamilton,21,New,0,0,0,,
L0001015,20240131,CMP0013,Ottawa,50,New,0,0,0,,
L0001016,20240408,CMP0011,Toronto,52,Invested,1,1,1,INV000125,20240512
L0001017,20240330,CMP0010,Ottawa,41,New,0,0,0,,
L0001018,20241103,CMP0002,Mississauga,19,New,0,0,0,,
L0001019,20241104,CMP0017,London,20,New,0,0,0,,
L0001020,20241108,CMP0016,Kitchener,57,KYC Done,1,1,0,,
L0001021,20240821,CMP0004,London,94,Invested,1,1,1,INV000126,20240919
L0001022,20240722,CMP0006,Mississauga,63,Qualified,1,0,0,,
L0001023,20240825,CMP0018,Ottawa,49,New,0,0,0,,
L0001024,20240528,CMP0006,Ottawa,93,Qualified,1,0,0,,
L0001025,20240902,CMP0015,London,72,Account Opened,1,1,1,,
L0001026,20241017,CMP0015,Toronto,74,Qualified,1,0,0,,
L0001027,20241006,CMP0016,Ottawa,61,Invested,1,1,1,INV000127,20241105
L0001028,20240812,CMP0001,Vaughan,78,Invested,1,1,1,INV000128,20240824
L0001029,20240122,CMP0009,Toronto,55,Lost,0,0,0,,
L0001030,20240922,CMP0011,London,65,Account Opened,1,1,1,,
L0001031,20240514,CMP0016,Vaughan,65,KYC Done,1,1,0,,
L0001032,20240929,CMP0005,Markham,77,Account Opened,1,1,1,,
L0001033,20240716,CMP0006,Kitchener,90,Invested,1,1,1,INV000129,20240722
L0001034,20241118,CMP0004,Markham,36,New,0,0,0,,
L0001035,20240503,CMP0014,Ottawa,72,Qualified,1,0,0,,
L0001036,20241206,CMP0018,Ottawa,12,New,0,0,0,,
L0001037,20241105,CMP0003,Toronto,57,KYC Done,1,1,0,,
L0001038,20240501,CMP0005,Toronto,90,Invested,1,1,1,INV000130,20240609
L0001039,20240625,CMP0006,Hamilton,68,Lost,1,1,1,,
L0001040,20240713,CMP0017,Mississauga,34,New,0,0,0,,
L0001041,20241008,CMP0009,Mississauga,64,Account Opened,1,1,1,,
L0001042,20240909,CMP0006,Markham,42,New,0,0,0,,
L0001043,20241107,CMP0006,Toronto,48,Account Opened,1,1,1,,
L0001044,20240515,CMP0011,Mississauga,30,New,0,0,0,,
L0001045,20240703,CMP0007,London,66,Qualified,1,0,0,,
L0001046,20240606,CMP0003,Toronto,27,New,0,0,0,,
L0001047,20241128,CMP0015,Ottawa,49,Account Opened,1,1,1,,
L0001048,20240421,CMP0008,Toronto,94,Account Opened,1,1,1,,
L0001049,20240802,CMP0005,Markham,78,Invested,1,1,1,INV000131,20240806
L0001050,20240213,CMP0014,Hamilton,47,New,0,0,0,,
L0001051,20241107,CMP0014,Hamilton,97,Invested,1,1,1,INV000132,20241116
L0001052,20240520,CMP0003,Mississauga,11,Lost,0,0,0,,
L0001053,20240504,CMP0002,London,96,Qualified,1,0,0,,
L0001054,20240801,CMP0001,Mississauga,41,New,0,0,0,,
L0001055,20240701,CMP0014,Ottawa,83,Qualified,1,0,0,,
L0001056,20241106,CMP0012,Toronto,95,Account Opened,1,1,1,,
L0001057,20240713,CMP0015,Toronto,64,Account Opened,1,1,1,,
L0001058,20240708,CMP0012,Toronto,64,Invested,1,1,1,INV000133,20240718
L0001059,20240208,CMP0008,Toronto,77,Account Opened,1,1,1,,
L0001060,20240109,CMP0011,Toronto,31,Lost,0,0,0,,
L0001061,20240525,CMP0014,Toronto,26,Lost,0,0,0,,
L0001062,20241231,CMP0008,Vaughan,40,New,0,0,0,,
L0001063,20241201,CMP0017,Ottawa,53,New,0,0,0,,
L0001064,20240818,CMP0017,Hamilton,76,Qualified,1,0,0,,
L0001065,20240818,CMP0015,Mississauga,33,New,0,0,0,,
L0001066,20240523,CMP0018,Toronto,60,Invested,1,1,1,INV000134,20240621
L0001067,20240305,CMP0008,Windsor,10,New,0,0,0,,
L0001068,20240104,CMP0003,Toronto,12,New,0,0,0,,
L0001069,20240504,CMP0009,Markham,97,Lost,1,1,0,,
L0001070,20240425,CMP0014,Hamilton,86,Qualified,1,0,0,,
L0001071,20240311,CMP0015,Brampton,87,Qualified,1,0,0,,
L0001072,20240404,CMP0007,London,39,New,0,0,0,,
L0001073,20240110,CMP0006,Markham,56,Invested,1,1,1,INV000135,20240130
L0001074,20240810,CMP0009,Vaughan,70,Account Opened,1,1,1,,
L0001075,20241205,CMP0015,Ottawa,32,New,0,0,0,,
L0001076,20240909,CMP0002,Toronto,77,Account Opened,1,1,1,,
L0001077,20240613,CMP0006,Ottawa,72,Invested,1,1,1,INV000136,20240618
L0001078,20240602,CMP0005,Toronto,46,Qualified,1,0,0,,
L0001079,20240422,CMP0015,Brampton,49,New,0,0,0,,
L0001080,20240222,CMP0009,Hamilton,37,New,0,0,0,,
L0001081,20240807,CMP0002,Mississauga,82,Account Opened,1,1,1,,
L0001082,20240726,CMP0005,Vaughan,98,Qualified,1,0,0,,
L0001083,20240103,CMP0001,Windsor,99,KYC Done,1,1,0,,
L0001084,20240601,CMP0009,Toronto,79,KYC Done,1,1,0,,
L0001085,20240411,CMP0018,Toronto,41,New,0,0,0,,
L0001086,20240303,CMP0011,Ottawa,80,Qualified,1,0,0,,
L0001087,20240914,CMP0016,Toronto,31,New,0,0,0,,
L0001088,20240711,CMP0014,Toronto,90,Lost,1,1,0,,
L0001089,20240819,CMP0016,Kitchener,34,Lost,0,0,0,,
L0001090,20240918,CMP0006,Toronto,46,New,0,0,0,,
L0001091,20241225,CMP0018,Mississauga,18,New,0,0,0,,
L0001092,20241020,CMP0005,Brampton,17,New,0,0,0,,
L0001093,20240815,CMP0008,Toronto,45,New,0,0,0,,
L0001094,20241117,CMP0013,Markham,59,KYC Done,1,1,0,,
L0001095,20240623,CMP0006,Markham,11,New,0,0,0,,
L0001096,20241226,CMP0005,Brampton,86,Invested,1,1,1,INV000137,20241231
L0001097,20241005,CMP0003,Toronto,20,Lost,0,0,0,,
L0001098,20240826,CMP0001,Vaughan,99,KYC Done,1,1,0,,
L0001099,20241126,CMP0010,Hamilton,34,New,0,0,0,,
L0001100,20240707,CMP0018,Ottawa,44,Lost,0,0,0,,
L0001101,20240920,CMP0004,Brampton,24,Lost,0,0,0,,
L0001102,20240414,CMP0008,Ottawa,84,Qualified,1,0,0,,
L0001103,20241218,CMP0017,Mississauga,75,Invested,1,1,1,INV000138,20241219
L0001104,20240816,CMP0014,Ottawa,17,New,0,0,0,,
L0001105,20241013,CMP0001,London,19,New,0,0,0,,
L0001106,20240617,CMP0010,Brampton,64,Lost,1,1,1,,
L0001107,20241113,CMP0003,London,87,Account Opened,1,1,1,,
L0001108,20240128,CMP0005,London,19,New,0,0,0,,
L0001109,20240211,CMP0005,London,29,Lost,0,0,0,,
L0001110,20240704,CMP0012,Ottawa,59,Invested,1,1,1,INV000139,20240814
L0001111,20240925,CMP0004,Toronto,19,New,0,0,0,,
L0001112,20241023,CMP0005,London,37,New,0,0,0,,
L0001113,20240610,CMP0005,Markham,10,New,0,0,0,,
L0001114,20240825,CMP0007,Toronto,54,Account Opened,1,1,1,,
L0001115,20240721,CMP0012,Vaughan,74,Lost,1,1,0,,
L0001116,20241217,CMP0008,Kitchener,47,New,0,0,0,,
L0001117,20240827,CMP0006,Hamilton,33,New,0,0,0,,
L0001118,20240601,CMP0010,Toronto,48,Lost,0,0,0,,
L0001119,20241220,CMP0012,Hamilton,55,Qualified,1,0,0,,
L0001120,20240209,CMP0001,Brampton,24,New,0,0,0,,
L0001121,20241226,CMP0017,Mississauga,20,New,0,0,0,,
L0001122,20240226,CMP0017,Toronto,26,New,0,0,0,,
L0001123,20240415,CMP0011,London,98,Account Opened,1,1,1,,
L0001124,20241027,CMP0011,Ottawa,75,Invested,1,1,1,INV000140,20241127
L0001125,20240925,CMP0013,Ottawa,21,New,0,0,0,,
L0001126,20241221,CMP0008,Brampton,37,New,0,0,0,,
L0001127,20241001,CMP0007,Brampton,47,Account Opened,1,1,1,,
L0001128,20240821,CMP0007,Ottawa,26,New,0,0,0,,
L0001129,20240506,CMP0003,Ottawa,86,Invested,1,1,1,INV000141,20240525
L0001130,20240102,CMP0016,Toronto,94,Invested,1,1,1,INV000142,20240105
L0001131,20240215,CMP0006,Brampton,32,New,0,0,0,,
L0001132,20240418,CMP0006,Toronto,11,Lost,0,0,0,,
L0001133,20240115,CMP0018,Markham,34,New,0,0,0,,
L0001134,20240704,CMP0010,Ottawa,62,KYC Done,1,1,0,,
L0001135,20241011,CMP0012,Markham,82,Account Opened,1,1,1,,
L0001136,20241218,CMP0005,Brampton,40,New,0,0,0,,
L0001137,20240628,CMP0005,Toronto,34,New,0,0,0,,
L0001138,20241116,CMP0014,Mississauga,32,New,0,0,0,,
L0001139,20241226,CMP0009,Mississauga,10,New,0,0,0,,
L0001140,20241110,CMP0003,Brampton,11,New,0,0,0,,
L0001141,20240619,CMP0016,Markham,48,New,0,0,0,,
L0001142,20240429,CMP0008,Toronto,65,Account Opened,1,1,1,,
L0001143,20241223,CMP0013,Brampton,11,New,0,0,0,,
L0001144,20240329,CMP0007,Toronto,28,New,0,0,0,,
L0001145,20240530,CMP0011,Brampton,91,KYC Done,1,1,0,,
L0001146,20240128,CMP0014,Hamilton,99,Invested,1,1,1,INV000143,20240204
L0001147,20241017,CMP0016,Toronto,67,Lost,1,0,0,,
L0001148,20240825,CMP0004,Toronto,56,Account Opened,1,1,1,,
L0001149,20240201,CMP0013,London,62,Account Opened,1,1,1,,
L0001150,20240322,CMP0017,Brampton,43,New,0,0,0,,
L0001151,20240722,CMP0012,Brampton,28,New,0,0,0,,
L0001152,20240716,CMP0003,London,43,New,0,0,0,,
L0001153,20241020,CMP0004,Toronto,72,Invested,1,1,1,INV000144,20241202
L0001154,20240407,CMP0004,Vaughan,69,Lost,1,0,0,,
L0001155,20241204,CMP0002,Markham,70,Lost,1,1,1,,
L0001156,20240611,CMP0014,Brampton,64,Lost,1,0,0,,
L0001157,20241028,CMP0018,Ottawa,15,New,0,0,0,,
L0001158,20240328,CMP0010,Brampton,66,Account Opened,1,1,1,,
L0001159,20240114,CMP0011,Markham,89,Lost,1,1,0,,
L0001160,20240121,CMP0014,Toronto,68,Invested,1,1,1,INV000145,20240204
L0001161,20240516,CMP0008,Hamilton,62,Qualified,1,0,0,,
L0001162,20241214,CMP0009,Mississauga,30,Lost,0,0,0,,
L0001163,20240118,CMP0011,Markham,81,Qualified,1,0,0,,
L0001164,20240515,CMP0006,Windsor,50,Account Opened,1,1,1,,
L0001165,20240209,CMP0002,Mississauga,33,Lost,0,0,0,,
L0001166,20241206,CMP0011,Ottawa,54,New,0,0,0,,
L0001167,20240904,CMP0015,Ottawa,20,New,0,0,0,,
L0001168,20241006,CMP0002,Ottawa,93,Account Opened,1,1,1,,
L0001169,20240918,CMP0004,Toronto,73,Invested,1,1,1,INV000146,20240930
L0001170,20240828,CMP0005,Hamilton,39,New,0,0,0,,
L0001171,20241010,CMP0015,London,81,Lost,1,1,1,,
L0001172,20240103,CMP0010,Kitchener,14,New,0,0,0,,
L0001173,20241112,CMP0010,London,44,New,0,0,0,,
L0001174,20240927,CMP0012,Hamilton,68,Account Opened,1,1,1,,
L0001175,20240927,CMP0005,Mississauga,12,New,0,0,0,,
L0001176,20240523,CMP0013,Toronto,73,Invested,1,1,1,INV000147,20240525
L0001177,20241020,CMP0001,Hamilton,83,Account Opened,1,1,1,,
L0001178,20240519,CMP0003,Hamilton,63,KYC Done,1,1,0,,
L0001179,20240118,CMP0015,Markham,28,New,0,0,0,,
L0001180,20241128,CMP0012,Ottawa,77,KYC Done,1,1,0,,
L0001181,20240326,CMP0004,Toronto,40,New,0,0,0,,
L0001182,20240207,CMP0008,Mississauga,76,Account Opened,1,1,1,,
L0001183,20240815,CMP0001,Ottawa,66,Lost,1,1,1,,
L0001184,20240326,CMP0013,Mississauga,18,New,0,0,0,,
L0001185,20241110,CMP0014,Toronto,18,New,0,0,0,,
L0001186,20240611,CMP0006,Toronto,11,New,0,0,0,,
L0001187,20240102,CMP0007,Brampton,16,Lost,0,0,0,,
L0001188,20241214,CMP0005,Mississauga,36,New,0,0,0,,
L0001189,20240707,CMP0008,Windsor,12,New,0,0,0,,
L0001190,20240406,CMP0005,Vaughan,94,KYC Done,1,1,0,,
L0001191,20240904,CMP0005,Toronto,92,Invested,1,1,1,INV000148,20240925
L0001192,20240713,CMP0008,London,25,New,0,0,0,,
L0001193,20240111,CMP0016,Ottawa,38,New,0,0,0,,
L0001194,20241005,CMP0014,Kitchener,76,Account Opened,1,1,1,,
L0001195,20240526,CMP0006,Hamilton,69,Qualified,1,0,0,,
L0001196,20240913,CMP0017,Toronto,62,Account Opened,1,1,1,,
L0001197,20241123,CMP0004,Toronto,99,Account Opened,1,1,1,,
L0001198,20240811,CMP0017,Windsor,66,Account Opened,1,1,1,,
L0001199,20240902,CMP0006,Kitchener,70,Account Opened,1,1,1,,
L0001200,20240403,CMP0010,Ottawa,55,Account Opened,1,1,1,,
L0001201,20240327,CMP0004,Ottawa,57,Invested,1,1,1,INV000149,20240419
L0001202,20240531,CMP0014,Ottawa,36,New,0,0,0,,
L0001203,20241108,CMP0006,Markham,56,New,0,0,0,,
L0001204,20240710,CMP0016,Ottawa,92,Invested,1,1,1,INV000150,20240721
L0001205,20240507,CMP0002,Toronto,43,Lost,0,0,0,,
L0001206,20241012,CMP0010,Mississauga,21,New,0,0,0,,
L0001207,20241108,CMP0003,Ottawa,63,Invested,1,1,1,INV000151,20241207
L0001208,20241126,CMP0017,Brampton,80,Invested,1,1,1,INV000152,20241231
L0001209,20240419,CMP0008,Markham,96,Account Opened,1,1,1,,
L0001210,20240916,CMP0013,Kitchener,58,Account Opened,1,1,1,,
L0001211,20240804,CMP0016,Mississauga,80,Invested,1,1,1,INV000153,20240809
L0001212,20240613,CMP0010,Vaughan,32,New,0,0,0,,
L0001213,20240525,CMP0002,London,48,New,0,0,0,,
L0001214,20240211,CMP0004,Hamilton,47,New,0,0,0,,
L0001215,20240410,CMP0004,Toronto,39,New,0,0,0,,
L0001216,20240720,CMP0017,Brampton,74,Qualified,1,0,0,,
L0001217,20241120,CMP0017,Windsor,89,Account Opened,1,1,1,,
L0001218,20241113,CMP0009,Hamilton,39,New,0,0,0,,
L0001219,20240309,CMP0017,Hamilton,22,New,0,0,0,,
L0001220,20240905,CMP0005,Toronto,84,Invested,1,1,1,INV000154,20240915
L0001221,20240201,CMP0013,Mississauga,86,Invested,1,1,1,INV000155,20240203
L0001222,20240904,CMP0008,Ottawa,94,Qualified,1,0,0,,
L0001223,20240505,CMP0005,Hamilton,32,New,0,0,0,,
L0001224,20240613,CMP0005,Vaughan,74,Qualified,1,0,0,,
L0001225,20240919,CMP0008,Ottawa,74,Account Opened,1,1,1,,
L0001226,20240604,CMP0007,Mississauga,81,Account Opened,1,1,1,,
L0001227,20241022,CMP0004,Mississauga,82,Account Opened,1,1,1,,
L0001228,20240714,CMP0007,Toronto,95,Account Opened,1,1,1,,
L0001229,20241231,CMP0003,Toronto,52,New,0,0,0,,
L0001230,20240821,CMP0018,Mississauga,16,New,0,0,0,,
L0001231,20240418,CMP0007,Markham,27,Lost,0,0,0,,
L0001232,20241010,CMP0002,Brampton,89,KYC Done,1,1,0,,
L0001233,20240529,CMP0011,Vaughan,86,Qualified,1,0,0,,
L0001234,20240714,CMP0016,Kitchener,10,New,0,0,0,,
L0001235,20240220,CMP0007,Toronto,43,New,0,0,0,,
L0001236,20240213,CMP0016,London,32,New,0,0,0,,
L0001237,20240729,CMP0011,Toronto,38,New,0,0,0,,
L0001238,20240309,CMP0014,Toronto,67,KYC Done,1,1,0,,
L0001239,20241231,CMP0006,Mississauga,55,New,0,0,0,,
L0001240,20241109,CMP0001,Toronto,53,Account Opened,1,1,1,,
L0001241,20240913,CMP0007,Hamilton,49,New,0,0,0,,
L0001242,20240925,CMP0017,London,67,Account Opened,1,1,1,,
L0001243,20240805,CMP0015,Hamilton,71,Invested,1,1,1,INV000156,20240902
L0001244,20240123,CMP0015,Ottawa,13,New,0,0,0,,
L0001245,20240523,CMP0016,Markham,22,Lost,0,0,0,,
L0001246,20240630,CMP0007,Markham,40,New,0,0,0,,
L0001247,20241130,CMP0006,Vaughan,49,New,0,0,0,,
L0001248,20240321,CMP0017,London,99,Qualified,1,0,0,,
L0001249,20240630,CMP0011,Brampton,90,Qualified,1,0,0,,
L0001250,20240505,CMP0006,Ottawa,68,Qualified,1,0,0,,
L0001251,20240219,CMP0006,Ottawa,13,New,0,0,0,,
L0001252,20240207,CMP0016,Toronto,19,New,0,0,0,,
L0001253,20240513,CMP0001,Markham,51,Lost,1,0,0,,
L0001254,20240131,CMP0002,Kitchener,62,Account Opened,1,1,1,,
L0001255,20240125,CMP0014,Windsor,69,Account Opened,1,1,1,,
L0001256,20240508,CMP0001,Mississauga,22,New,0,0,0,,
L0001257,20240314,CMP0004,Toronto,89,Lost,1,1,1,,
L0001258,20240722,CMP0018,Toronto,54,New,0,0,0,,
L0001259,20240107,CMP0008,Markham,63,KYC Done,1,1,0,,
L0001260,20240420,CMP0014,Hamilton,13,New,0,0,0,,
L0001261,20240614,CMP0009,London,84,Account Opened,1,1,1,,
L0001262,20241218,CMP0002,Kitchener,58,Account Opened,1,1,1,,
L0001263,20240820,CMP0004,Mississauga,30,New,0,0,0,,
L0001264,20241118,CMP0014,Brampton,38,New,0,0,0,,
L0001265,20240505,CMP0002,Markham,41,Lost,0,0,0,,
L0001266,20240613,CMP0011,Mississauga,12,New,0,0,0,,
L0001267,20240602,CMP0007,Ottawa,94,Account Opened,1,1,1,,
L0001268,20241120,CMP0007,Ottawa,82,Account Opened,1,1,1,,
L0001269,20241217,CMP0018,Hamilton,89,Account Opened,1,1,1,,
L0001270,20241218,CMP0011,Windsor,41,New,0,0,0,,
L0001271,20241002,CMP0012,Toronto,60,KYC Done,1,1,0,,
L0001272,20240703,CMP0007,Ottawa,51,Account Opened,1,1,1,,
L0001273,20240716,CMP0007,Kitchener,52,Qualified,1,0,0,,
L0001274,20241224,CMP0013,Brampton,63,Account Opened,1,1,1,,
L0001275,20240414,CMP0001,London,50,New,0,0,0,,
L0001276,20240506,CMP0005,Kitchener,79,Lost,1,1,0,,
L0001277,20241124,CMP0011,Mississauga,15,New,0,0,0,,
L0001278,20240521,CMP0012,Toronto,27,New,0,0,0,,
L0001279,20240327,CMP0002,Toronto,90,KYC Done,1,1,0,,
L0001280,20240724,CMP0015,Toronto,89,Account Opened,1,1,1,,
L0001281,20240429,CMP0010,Brampton,83,KYC Done,1,1,0,,
L0001282,20241122,CMP0005,Toronto,43,New,0,0,0,,
L0001283,20241128,CMP0014,Brampton,51,New,0,0,0,,
L0001284,20240421,CMP0018,London,12,New,0,0,0,,
L0001285,20240712,CMP0008,Mississauga,35,New,0,0,0,,
L0001286,20241226,CMP0006,Ottawa,75,KYC Done,1,1,0,,
L0001287,20240928,CMP0006,Toronto,40,New,0,0,0,,
L0001288,20240319,CMP0011,London,53,Invested,1,1,1,INV000157,20240502
L0001289,20240804,CMP0001,Mississauga,21,New,0,0,0,,
L0001290,20240814,CMP0009,Toronto,54,KYC Done,1,1,0,,
L0001291,20240827,CMP0001,Kitchener,74,Account Opened,1,1,1,,
L0001292,20240110,CMP0001,Markham,61,Qualified,1,0,0,,
L0001293,20240419,CMP0008,Hamilton,60,Lost,1,0,0,,
L0001294,20241108,CMP0014,London,92,Qualified,1,0,0,,
L0001295,20240329,CMP0016,Brampton,31,New,0,0,0,,
L0001296,20240419,CMP0002,Mississauga,36,New,0,0,0,,
L0001297,20240428,CMP0005,Ottawa,66,Invested,1,1,1,INV000158,20240516
L0001298,20240305,CMP0008,Markham,53,Qualified,1,0,0,,
L0001299,20240226,CMP0011,Windsor,98,Account Opened,1,1,1,,
L0001300,20240507,CMP0018,Hamilton,15,New,0,0,0,,
L0001301,20241115,CMP0013,Brampton,21,New,0,0,0,,
L0001302,20240101,CMP0010,London,40,New,0,0,0,,
L0001303,20240413,CMP0002,London,51,Invested,1,1,1,INV000159,20240421
L0001304,20240123,CMP0002,Mississauga,90,Account Opened,1,1,1,,
L0001305,20240724,CMP0003,Brampton,54,Lost,1,1,0,,
L0001306,20240401,CMP0012,Toronto,49,New,0,0,0,,
L0001307,20241016,CMP0006,Brampton,25,New,0,0,0,,
L0001308,20240802,CMP0005,Markham,49,New,0,0,0,,
L0001309,20241013,CMP0013,Mississauga,57,New,0,0,0,,
L0001310,20240820,CMP0015,Hamilton,62,Qualified,1,0,0,,
L0001311,20240609,CMP0008,Mississauga,64,Account Opened,1,1,1,,
L0001312,20241111,CMP0016,Toronto,48,New,0,0,0,,
L0001313,20240623,CMP0014,London,24,Lost,0,0,0,,
L0001314,20241213,CMP0013,Hamilton,23,New,0,0,0,,
L0001315,20241230,CMP0016,Markham,23,New,0,0,0,,
L0001316,20240803,CMP0004,Hamilton,65,Account Opened,1,1,1,,
L0001317,20240903,CMP0014,Markham,87,Account Opened,1,1,1,,
L0001318,20240403,CMP0018,Toronto,89,KYC Done,1,1,0,,
L0001319,20241025,CMP0018,Hamilton,38,New,0,0,0,,
L0001320,20240902,CMP0011,Brampton,17,Lost,0,0,0,,
L0001321,20241126,CMP0014,London,66,Qualified,1,0,0,,
L0001322,20240407,CMP0016,Hamilton,13,New,0,0,0,,
L0001323,20241015,CMP0016,Toronto,66,Invested,1,1,1,INV000160,20241111
L0001324,20240621,CMP0017,Ottawa,44,Lost,0,0,0,,
L0001325,20240308,CMP0015,London,85,Lost,1,0,0,,
L0001326,20240303,CMP0007,Mississauga,66,Qualified,1,0,0,,
L0001327,20240724,CMP0014,Hamilton,76,Account Opened,1,1,1,,
L0001328,20240426,CMP0008,Vaughan,46,New,0,0,0,,
L0001329,20240207,CMP0015,Toronto,85,Invested,1,1,1,INV000161,20240219
L0001330,20240605,CMP0015,Ottawa,57,KYC Done,1,1,0,,
L0001331,20240826,CMP0017,Vaughan,66,Account Opened,1,1,1,,
L0001332,20240426,CMP0011,Toronto,42,New,0,0,0,,
L0001333,20241215,CMP0009,Mississauga,50,Account Opened,1,1,1,,
L0001334,20241012,CMP0003,Hamilton,85,Lost,1,0,0,,
L0001335,20240706,CMP0012,Hamilton,45,New,0,0,0,,
L0001336,20241208,CMP0011,Markham,11,New,0,0,0,,
L0001337,20240607,CMP0010,Hamilton,44,New,0,0,0,,
L0001338,20240221,CMP0013,Ottawa,45,Qualified,1,0,0,,
L0001339,20240114,CMP0016,Ottawa,47,New,0,0,0,,
L0001340,20241209,CMP0003,Toronto,16,New,0,0,0,,
L0001341,20241217,CMP0008,Hamilton,21,New,0,0,0,,
L0001342,20240927,CMP0014,Toronto,39,New,0,0,0,,
L0001343,20240207,CMP0015,Windsor,48,Lost,0,0,0,,
L0001344,20240417,CMP0015,Toronto,12,New,0,0,0,,
L0001345,20240116,CMP0015,Toronto,45,Lost,0,0,0,,
L0001346,20240119,CMP0016,Markham,38,New,0,0,0,,
L0001347,20240331,CMP0018,Toronto,13,New,0,0,0,,
L0001348,20240728,CMP0011,Brampton,32,New,0,0,0,,
L0001349,20240124,CMP0005,Kitchener,34,New,0,0,0,,
L0001350,20241226,CMP0011,Markham,22,New,0,0,0,,
L0001351,20240615,CMP0013,Mississauga,77,Account Opened,1,1,1,,
L0001352,20240406,CMP0002,Mississauga,16,New,0,0,0,,
L0001353,20240707,CMP0014,Hamilton,62,Lost,1,1,0,,
L0001354,20241016,CMP0010,Ottawa,69,Account Opened,1,1,1,,
L0001355,20240424,CMP0017,Toronto,82,Lost,1,1,1,,
L0001356,20240118,CMP0004,Toronto,59,KYC Done,1,1,0,,
L0001357,20240119,CMP0017,Markham,58,Lost,1,0,0,,
L0001358,20241107,CMP0009,Brampton,78,Account Opened,1,1,1,,
L0001359,20240210,CMP0011,Markham,86,Account Opened,1,1,1,,
L0001360,20240820,CMP0012,Toronto,28,New,0,0,0,,
L0001361,20240520,CMP0011,Hamilton,81,Account Opened,1,1,1,,
L0001362,20241011,CMP0017,Ottawa,51,Account Opened,1,1,1,,
L0001363,20240123,CMP0004,Mississauga,18,New,0,0,0,,
L0001364,20241124,CMP0014,Hamilton,65,Account Opened,1,1,1,,
L0001365,20240912,CMP0018,Toronto,97,Invested,1,1,1,INV000162,20240927
L0001366,20240613,CMP0004,Vaughan,22,New,0,0,0,,
L0001367,20240316,CMP0005,London,11,New,0,0,0,,
L0001368,20241223,CMP0009,Mississauga,92,Lost,1,0,0,,
L0001369,20240420,CMP0014,Hamilton,63,Qualified,1,0,0,,
L0001370,20240628,CMP0018,Kitchener,29,Lost,0,0,0,,
L0001371,20240524,CMP0015,Brampton,81,Invested,1,1,1,INV000163,20240623
L0001372,20240325,CMP0015,Brampton,45,New,0,0,0,,
L0001373,20240601,CMP0008,Markham,39,New,0,0,0,,
L0001374,20240225,CMP0012,Toronto,36,New,0,0,0,,
L0001375,20240101,CMP0004,London,63,Invested,1,1,1,INV000164,20240125
L0001376,20240416,CMP0009,Toronto,22,New,0,0,0,,
L0001377,20240211,CMP0004,London,42,New,0,0,0,,
L0001378,20240531,CMP0001,Brampton,37,New,0,0,0,,
L0001379,20241111,CMP0016,Toronto,15,Lost,0,0,0,,
L0001380,20240229,CMP0015,Vaughan,78,Account Opened,1,1,1,,
L0001381,20240101,CMP0010,Ottawa,10,New,0,0,0,,
L0001382,20240210,CMP0001,Mississauga,96,KYC Done,1,1,0,,
L0001383,20240704,CMP0002,London,18,New,0,0,0,,
L0001384,20240410,CMP0003,Ottawa,42,New,0,0,0,,
L0001385,20240628,CMP0013,Toronto,18,New,0,0,0,,
L0001386,20240111,CMP0004,Hamilton,43,New,0,0,0,,
L0001387,20240501,CMP0005,Windsor,64,Invested,1,1,1,INV000165,20240502
L0001388,20240530,CMP0016,Mississauga,17,New,0,0,0,,
L0001389,20240606,CMP0016,Vaughan,57,New,0,0,0,,
L0001390,20240720,CMP0014,Hamilton,79,Qualified,1,0,0,,
L0001391,20241012,CMP0006,Toronto,50,New,0,0,0,,
L0001392,20240620,CMP0011,London,20,New,0,0,0,,
L0001393,20241103,CMP0004,Ottawa,72,Qualified,1,0,0,,
L0001394,20240712,CMP0016,Markham,26,New,0,0,0,,
L0001395,20240405,CMP0002,Hamilton,11,New,0,0,0,,
L0001396,20240324,CMP0014,Toronto,49,New,0,0,0,,
L0001397,20240428,CMP0010,Toronto,34,New,0,0,0,,
L0001398,20240806,CMP0014,Brampton,12,New,0,0,0,,
L0001399,20240329,CMP0009,Ottawa,79,KYC Done,1,1,0,,
L0001400,20241130,CMP0003,Kitchener,63,Invested,1,1,1,INV000166,20241202
L0001401,20240624,CMP0014,Markham,91,Invested,1,1,1,INV000167,20240805
L0001402,20241111,CMP0012,Markham,53,Lost,0,0,0,,
L0001403,20240907,CMP0009,Ottawa,49,New,0,0,0,,
L0001404,20240502,CMP0007,Toronto,85,Qualified,1,0,0,,
L0001405,20240324,CMP0007,London,17,New,0,0,0,,
L0001406,20240929,CMP0009,Toronto,42,Lost,0,0,0,,
L0001407,20240501,CMP0005,Toronto,81,Invested,1,1,1,INV000168,20240518
L0001408,20240331,CMP0006,Mississauga,36,Lost,0,0,0,,
L0001409,20241206,CMP0006,Kitchener,89,Invested,1,1,1,INV000169,20241231
L0001410,20240625,CMP0001,London,35,New,0,0,0,,
L0001411,20240118,CMP0017,Toronto,47,Invested,1,1,1,INV000170,20240126
L0001412,20240630,CMP0005,Kitchener,90,KYC Done,1,1,0,,
L0001413,20240617,CMP0003,Markham,31,New,0,0,0,,
L0001414,20241112,CMP0003,Hamilton,97,KYC Done,1,1,0,,
L0001415,20240917,CMP0018,Toronto,13,New,0,0,0,,
L0001416,20240311,CMP0009,Mississauga,33,New,0,0,0,,
L0001417,20240225,CMP0006,Mississauga,63,Account Opened,1,1,1,,
L0001418,20240808,CMP0008,Hamilton,63,KYC Done,1,1,0,,
L0001419,20240118,CMP0002,Hamilton,91,Invested,1,1,1,INV000171,20240218
L0001420,20240426,CMP0006,Mississauga,96,Invested,1,1,1,INV000172,20240608
L0001421,20240220,CMP0005,Mississauga,71,Account Opened,1,1,1,,
L0001422,20240108,CMP0015,Ottawa,69,KYC Done,1,1,0,,
L0001423,20241202,CMP0002,Vaughan,38,New,0,0,0,,
L0001424,20240202,CMP0008,Toronto,82,Invested,1,1,1,INV000173,20240314
L0001425,20240104,CMP0015,London,67,Invested,1,1,1,INV000174,20240202
L0001426,20241207,CMP0016,Windsor,12,New,0,0,0,,
L0001427,20240309,CMP0010,London,84,KYC Done,1,1,0,,
L0001428,20241025,CMP0005,Ottawa,42,New,0,0,0,,
L0001429,20240112,CMP0007,London,52,New,0,0,0,,
L0001430,20240226,CMP0005,Vaughan,53,KYC Done,1,1,0,,
L0001431,20240210,CMP0012,Markham,83,Invested,1,1,1,INV000175,20240227
L0001432,20240915,CMP0006,Toronto,34,New,0,0,0,,
L0001433,20240814,CMP0012,Toronto,45,New,0,0,0,,
L0001434,20240623,CMP0012,Toronto,13,New,0,0,0,,
L0001435,20240329,CMP0017,Toronto,41,New,0,0,0,,
L0001436,20240202,CMP0007,London,17,New,0,0,0,,
L0001437,20240727,CMP0018,Mississauga,62,Account Opened,1,1,1,,
L0001438,20240325,CMP0008,London,90,KYC Done,1,1,0,,
L0001439,20240804,CMP0013,Hamilton,51,New,0,0,0,,
L0001440,20240908,CMP0012,Ottawa,92,Invested,1,1,1,INV000176,20241021
L0001441,20241106,CMP0015,Toronto,97,KYC Done,1,1,0,,
L0001442,20240629,CMP0009,Mississauga,14,New,0,0,0,,
L0001443,20240102,CMP0015,Toronto,56,Invested,1,1,1,INV000177,20240113
L0001444,20240412,CMP0007,Kitchener,57,KYC Done,1,1,0,,
L0001445,20241108,CMP0009,Mississauga,44,New,0,0,0,,
L0001446,20240714,CMP0009,Toronto,84,Lost,1,1,0,,
L0001447,20240814,CMP0013,Toronto,45,New,0,0,0,,
L0001448,20240616,CMP0012,Hamilton,14,New,0,0,0,,
L0001449,20240229,CMP0002,Hamilton,59,Invested,1,1,1,INV000178,20240409
L0001450,20241124,CMP0015,Windsor,28,New,0,0,0,,
L0001451,20241009,CMP0014,Mississauga,41,New,0,0,0,,
L0001452,20241230,CMP0002,Toronto,55,Invested,1,1,1,INV000179,20241231
L0001453,20241109,CMP0018,Markham,75,Account Opened,1,1,1,,
L0001454,20240416,CMP0012,Mississauga,35,New,0,0,0,,
L0001455,20240403,CMP0002,Mississauga,44,New,0,0,0,,
L0001456,20240331,CMP0009,Kitchener,16,New,0,0,0,,
L0001457,20241202,CMP0016,Ottawa,44,New,0,0,0,,
L0001458,20240722,CMP0006,Brampton,62,Account Opened,1,1,1,,
L0001459,20240615,CMP0017,Kitchener,65,Account Opened,1,1,1,,
L0001460,20241220,CMP0008,Mississauga,36,New,0,0,0,,
L0001461,20240808,CMP0005,Toronto,15,New,0,0,0,,
L0001462,20241128,CMP0007,Mississauga,61,Qualified,1,0,0,,
L0001463,20241226,CMP0010,Toronto,68,Lost,1,1,1,,
L0001464,20240130,CMP0013,Brampton,17,New,0,0,0,,
L0001465,20240512,CMP0017,Markham,55,KYC Done,1,1,0,,
L0001466,20240925,CMP0004,Windsor,18,New,0,0,0,,
L0001467,20241024,CMP0018,London,50,Invested,1,1,1,INV000180,20241027
L0001468,20240224,CMP0010,Kitchener,67,Qualified,1,0,0,,
L0001469,20240426,CMP0003,Brampton,74,Account Opened,1,1,1,,
L0001470,20240719,CMP0017,Mississauga,74,Account Opened,1,1,1,,
L0001471,20241019,CMP0007,Toronto,78,KYC Done,1,1,0,,
L0001472,20240211,CMP0012,Ottawa,31,New,0,0,0,,
L0001473,20240807,CMP0013,Mississauga,86,Account Opened,1,1,1,,
L0001474,20240418,CMP0001,Toronto,41,Lost,0,0,0,,
L0001475,20240320,CMP0004,Kitchener,43,Lost,0,0,0,,
L0001476,20240707,CMP0013,Toronto,80,Invested,1,1,1,INV000181,20240720
L0001477,20240531,CMP0006,London,39,New,0,0,0,,
L0001478,20240820,CMP0001,Toronto,16,New,0,0,0,,
L0001479,20240426,CMP0001,Ottawa,74,Invested,1,1,1,INV000182,20240604
L0001480,20241028,CMP0015,Hamilton,69,Lost,1,0,0,,
L0001481,20240129,CMP0003,Mississauga,62,KYC Done,1,1,0,,
L0001482,20241111,CMP0002,Toronto,22,New,0,0,0,,
L0001483,20240111,CMP0011,Hamilton,66,KYC Done,1,1,0,,
L0001484,20240926,CMP0003,Hamilton,27,New,0,0,0,,
L0001485,20240506,CMP0012,Mississauga,59,Account Opened,1,1,1,,
L0001486,20240520,CMP0010,Brampton,55,New,0,0,0,,
L0001487,20240107,CMP0012,Toronto,79,Invested,1,1,1,INV000183,20240207
L0001488,20240913,CMP0009,Mississauga,97,Qualified,1,0,0,,
L0001489,20240301,CMP0015,Vaughan,27,New,0,0,0,,
L0001490,20240829,CMP0012,Toronto,20,New,0,0,0,,
L0001491,20240922,CMP0008,Ottawa,60,Invested,1,1,1,INV000184,20240928
L0001492,20241105,CMP0001,Hamilton,95,Qualified,1,0,0,,
L0001493,20240916,CMP0005,Markham,24,New,0,0,0,,
L0001494,20240420,CMP0003,Toronto,53,Lost,1,1,1,,
L0001495,20240927,CMP0001,Hamilton,46,Invested,1,1,1,INV000185,20240928
L0001496,20241029,CMP0005,Hamilton,38,New,0,0,0,,
L0001497,20240426,CMP0004,Toronto,69,Lost,1,1,0,,
L0001498,20240215,CMP0002,Toronto,36,New,0,0,0,,
L0001499,20241121,CMP0006,Vaughan,54,New,0,0,0,,
L0001500,20240224,CMP0010,Ottawa,86,Qualified,1,0,0,,
L0001501,20240805,CMP0004,Toronto,44,New,0,0,0,,
L0001502,20240327,CMP0005,Ottawa,11,New,0,0,0,,
L0001503,20240216,CMP0001,Brampton,89,Lost,1,1,1,,
L0001504,20241011,CMP0001,Toronto,34,New,0,0,0,,
L0001505,20240222,CMP0003,Mississauga,79,Qualified,1,0,0,,
L0001506,20240902,CMP0009,Mississauga,78,Invested,1,1,1,INV000186,20240927
L0001507,20240910,CMP0012,Ottawa,57,Invested,1,1,1,INV000187,20240919
L0001508,20240123,CMP0015,Brampton,17,New,0,0,0,,
L0001509,20240304,CMP0012,Toronto,95,Qualified,1,0,0,,
L0001510,20241017,CMP0012,Hamilton,71,Invested,1,1,1,INV000188,20241119
L0001511,20240704,CMP0017,London,48,New,0,0,0,,
L0001512,20240214,CMP0005,Ottawa,86,Lost,1,1,1,,
L0001513,20241228,CMP0015,Toronto,80,KYC Done,1,1,0,,
L0001514,20240406,CMP0017,Toronto,78,Invested,1,1,1,INV000189,20240519
L0001515,20240102,CMP0011,Kitchener,25,New,0,0,0,,
L0001516,20241204,CMP0016,Toronto,66,Qualified,1,0,0,,
L0001517,20240107,CMP0003,Mississauga,35,New,0,0,0,,
L0001518,20240721,CMP0016,London,17,New,0,0,0,,
L0001519,20241229,CMP0011,Markham,40,New,0,0,0,,
L0001520,20240730,CMP0004,Kitchener,19,New,0,0,0,,
L0001521,20240801,CMP0002,Brampton,19,New,0,0,0,,
L0001522,20240522,CMP0013,Windsor,75,Qualified,1,0,0,,
L0001523,20240216,CMP0008,Toronto,55,New,0,0,0,,
L0001524,20240728,CMP0006,Markham,45,New,0,0,0,,
L0001525,20241124,CMP0008,Mississauga,27,New,0,0,0,,
L0001526,20240203,CMP0018,Kitchener,79,Lost,1,1,1,,
L0001527,20241118,CMP0008,Vaughan,67,Account Opened,1,1,1,,
L0001528,20240531,CMP0002,Markham,62,Invested,1,1,1,INV000190,20240711
L0001529,20240715,CMP0006,Hamilton,27,New,0,0,0,,
L0001530,20240301,CMP0003,Toronto,21,New,0,0,0,,
L0001531,20240815,CMP0013,Ottawa,21,New,0,0,0,,
L0001532,20240307,CMP0015,Toronto,12,New,0,0,0,,
L0001533,20240409,CMP0016,London,97,Invested,1,1,1,INV000191,20240418
L0001534,20240921,CMP0012,Toronto,43,New,0,0,0,,
L0001535,20240119,CMP0014,Mississauga,69,Lost,1,1,1,,
L0001536,20240612,CMP0008,Mississauga,98,Invested,1,1,1,INV000192,20240710
L0001537,20240805,CMP0012,Markham,94,Account Opened,1,1,1,,
L0001538,20240218,CMP0002,Brampton,38,New,0,0,0,,
L0001539,20240417,CMP0010,Ottawa,54,Account Opened,1,1,1,,
L0001540,20240505,CMP0011,Toronto,51,New,0,0,0,,
L0001541,20240830,CMP0001,Mississauga,13,New,0,0,0,,
L0001542,20241223,CMP0010,Ottawa,79,KYC Done,1,1,0,,
L0001543,20241102,CMP0014,Toronto,61,Lost,1,1,1,,
L0001544,20240310,CMP0007,London,43,New,0,0,0,,
L0001545,20240107,CMP0010,Ottawa,60,Account Opened,1,1,1,,
L0001546,20240119,CMP0006,Windsor,76,Account Opened,1,1,1,,
L0001547,20240806,CMP0005,Mississauga,11,New,0,0,0,,
L0001548,20240227,CMP0003,Brampton,68,KYC Done,1,1,0,,
L0001549,20240325,CMP0006,Kitchener,87,Lost,1,1,0,,
L0001550,20241106,CMP0015,Vaughan,75,Account Opened,1,1,1,,
L0001551,20241115,CMP0017,Ottawa,65,Invested,1,1,1,INV000193,20241224
L0001552,20241103,CMP0012,Toronto,18,New,0,0,0,,
L0001553,20240402,CMP0012,Brampton,77,KYC Done,1,1,0,,
L0001554,20240814,CMP0012,Hamilton,77,Qualified,1,0,0,,
L0001555,20240811,CMP0009,Mississauga,54,New,0,0,0,,
L0001556,20240308,CMP0008,Toronto,62,Account Opened,1,1,1,,
L0001557,20240721,CMP0012,Ottawa,65,Qualified,1,0,0,,
L0001558,20240711,CMP0015,Toronto,20,New,0,0,0,,
L0001559,20240524,CMP0008,Vaughan,33,New,0,0,0,,
L0001560,20241002,CMP0011,Toronto,81,Account Opened,1,1,1,,
L0001561,20240905,CMP0009,Windsor,97,Qualified,1,0,0,,
L0001562,20240713,CMP0006,Ottawa,34,New,0,0,0,,
L0001563,20240922,CMP0006,Windsor,46,New,0,0,0,,
L0001564,20241006,CMP0002,London,92,Qualified,1,0,0,,
L0001565,20240726,CMP0008,Toronto,24,New,0,0,0,,
L0001566,20240407,CMP0013,Mississauga,33,New,0,0,0,,
L0001567,20241004,CMP0013,Toronto,15,New,0,0,0,,
L0001568,20240919,CMP0018,London,31,New,0,0,0,,
L0001569,20241225,CMP0001,Toronto,67,Qualified,1,0,0,,
L0001570,20240224,CMP0014,London,41,New,0,0,0,,
L0001571,20240602,CMP0015,Vaughan,98,Account Opened,1,1,1,,
L0001572,20241204,CMP0008,Brampton,90,Invested,1,1,1,INV000194,20241229
L0001573,20240707,CMP0006,Hamilton,90,Invested,1,1,1,INV000195,20240714
L0001574,20241210,CMP0007,Vaughan,75,KYC Done,1,1,0,,
L0001575,20240105,CMP0013,London,73,Qualified,1,0,0,,
L0001576,20240113,CMP0016,Toronto,55,Lost,0,0,0,,
L0001577,20241018,CMP0012,Mississauga,99,KYC Done,1,1,0,,
L0001578,20240511,CMP0010,Ottawa,18,New,0,0,0,,
L0001579,20240709,CMP0012,Mississauga,75,Qualified,1,0,0,,
L0001580,20240605,CMP0002,Ottawa,22,New,0,0,0,,
L0001581,20240529,CMP0011,Kitchener,40,New,0,0,0,,
L0001582,20241209,CMP0001,Ottawa,33,Lost,0,0,0,,
L0001583,20240204,CMP0018,Mississauga,64,Lost,1,1,1,,
L0001584,20241009,CMP0017,Toronto,80,KYC Done,1,1,0,,
L0001585,20241121,CMP0010,Kitchener,17,New,0,0,0,,
L0001586,20240828,CMP0007,Mississauga,64,Lost,1,1,1,,
L0001587,20240524,CMP0014,Toronto,29,New,0,0,0,,
L0001588,20240228,CMP0012,Ottawa,16,New,0,0,0,,
L0001589,20240906,CMP0013,Ottawa,47,New,0,0,0,,
L0001590,20240620,CMP0010,Brampton,62,Account Opened,1,1,1,,
L0001591,20240224,CMP0005,Ottawa,28,New,0,0,0,,
L0001592,20240511,CMP0002,Ottawa,45,Qualified,1,0,0,,
L0001593,20241217,CMP0006,Toronto,95,KYC Done,1,1,0,,
L0001594,20240407,CMP0010,Brampton,41,Lost,0,0,0,,
L0001595,20240306,CMP0008,London,99,Account Opened,1,1,1,,
L0001596,20240906,CMP0010,Brampton,85,Invested,1,1,1,INV000196,20241001
L0001597,20240314,CMP0005,Windsor,43,New,0,0,0,,
L0001598,20241202,CMP0017,Mississauga,61,Account Opened,1,1,1,,
L0001599,20241110,CMP0007,Ottawa,73,Invested,1,1,1,INV000197,20241215
L0001600,20241225,CMP0016,Hamilton,51,New,0,0,0,,
L0001601,20241130,CMP0008,Ottawa,46,New,0,0,0,,
L0001602,20240330,CMP0008,Toronto,39,New,0,0,0,,
L0001603,20240318,CMP0011,Ottawa,22,Lost,0,0,0,,
L0001604,20240505,CMP0005,Windsor,12,New,0,0,0,,
L0001605,20240620,CMP0004,Brampton,40,New,0,0,0,,
L0001606,20241118,CMP0007,Toronto,81,Account Opened,1,1,1,,
L0001607,20240925,CMP0015,Toronto,31,Lost,0,0,0,,
L0001608,20240823,CMP0003,Brampton,26,New,0,0,0,,
L0001609,20241117,CMP0008,Toronto,39,Lost,0,0,0,,
L0001610,20240824,CMP0013,Markham,63,Account Opened,1,1,1,,
L0001611,20240518,CMP0013,Kitchener,29,Lost,0,0,0,,
L0001612,20240531,CMP0008,Kitchener,29,New,0,0,0,,
L0001613,20240708,CMP0002,Brampton,20,New,0,0,0,,
L0001614,20240202,CMP0001,Ottawa,39,New,0,0,0,,
L0001615,20240928,CMP0009,Mississauga,29,New,0,0,0,,
L0001616,20240826,CMP0015,Toronto,84,Account Opened,1,1,1,,
L0001617,20240924,CMP0001,Ottawa,91,Qualified,1,0,0,,
L0001618,20240714,CMP0016,Toronto,43,New,0,0,0,,
L0001619,20241013,CMP0013,Toronto,17,New,0,0,0,,
L0001620,20241213,CMP0001,Vaughan,17,New,0,0,0,,
L0001621,20240727,CMP0007,Markham,39,New,0,0,0,,
L0001622,20240611,CMP0004,Kitchener,51,New,0,0,0,,
L0001623,20240208,CMP0018,Mississauga,57,Account Opened,1,1,1,,
L0001624,20241011,CMP0010,Vaughan,37,New,0,0,0,,
L0001625,20241126,CMP0006,Brampton,41,Lost,0,0,0,,
L0001626,20240913,CMP0006,Toronto,35,Lost,0,0,0,,
L0001627,20241112,CMP0011,Ottawa,56,Invested,1,1,1,INV000198,20241126
L0001628,20241111,CMP0001,Ottawa,72,KYC Done,1,1,0,,
L0001629,20241019,CMP0005,Brampton,13,New,0,0,0,,
L0001630,20240703,CMP0003,Markham,53,Account Opened,1,1,1,,
L0001631,20240206,CMP0012,Brampton,68,Invested,1,1,1,INV000199,20240302
L0001632,20240102,CMP0013,Kitchener,70,Invested,1,1,1,INV000200,20240121
L0001633,20240315,CMP0009,Toronto,60,Account Opened,1,1,1,,
L0001634,20240606,CMP0003,London,57,Account Opened,1,1,1,,
L0001635,20240929,CMP0007,Kitchener,71,Lost,1,1,1,,
L0001636,20240615,CMP0016,Ottawa,44,New,0,0,0,,
L0001637,20240109,CMP0004,Vaughan,61,Account Opened,1,1,1,,
L0001638,20240317,CMP0003,London,38,Lost,0,0,0,,
L0001639,20241224,CMP0003,Toronto,49,New,0,0,0,,
L0001640,20241227,CMP0015,Hamilton,21,New,0,0,0,,
L0001641,20240518,CMP0003,Hamilton,41,New,0,0,0,,
L0001642,20241021,CMP0011,Toronto,22,Lost,0,0,0,,
L0001643,20240920,CMP0018,Brampton,30,New,0,0,0,,
L0001644,20241206,CMP0012,Toronto,47,New,0,0,0,,
L0001645,20241120,CMP0008,Mississauga,55,Lost,1,1,1,,
L0001646,20240818,CMP0004,Windsor,94,Account Opened,1,1,1,,
L0001647,20240524,CMP0001,Kitchener,12,New,0,0,0,,
L0001648,20240817,CMP0003,London,90,Invested,1,1,1,INV000201,20240912
L0001649,20240426,CMP0018,Brampton,39,New,0,0,0,,
L0001650,20240507,CMP0003,Brampton,75,Invested,1,1,1,INV000202,20240613
L0001651,20240810,CMP0001,Toronto,71,Invested,1,1,1,INV000203,20240902
L0001652,20240728,CMP0015,Mississauga,97,Lost,1,1,1,,
L0001653,20240731,CMP0008,Markham,19,New,0,0,0,,
L0001654,20240520,CMP0007,Ottawa,97,KYC Done,1,1,0,,
L0001655,20240529,CMP0013,Ottawa,15,New,0,0,0,,
L0001656,20240104,CMP0010,Toronto,88,KYC Done,1,1,0,,
L0001657,20240808,CMP0017,Kitchener,68,Account Opened,1,1,1,,
L0001658,20240729,CMP0009,Mississauga,53,New,0,0,0,,
L0001659,20241208,CMP0013,Brampton,45,New,0,0,0,,
L0001660,20240703,CMP0016,Mississauga,18,New,0,0,0,,
L0001661,20240620,CMP0009,Mississauga,82,Account Opened,1,1,1,,
L0001662,20240125,CMP0006,Hamilton,75,Invested,1,1,1,INV000204,20240202
L0001663,20240313,CMP0018,Hamilton,94,KYC Done,1,1,0,,
L0001664,20240503,CMP0005,Hamilton,75,KYC Done,1,1,0,,
L0001665,20240518,CMP0001,Toronto,96,KYC Done,1,1,0,,
L0001666,20240512,CMP0011,Windsor,89,Account Opened,1,1,1,,
L0001667,20240524,CMP0018,London,48,New,0,0,0,,
L0001668,20241008,CMP0002,Vaughan,73,KYC Done,1,1,0,,
L0001669,20240217,CMP0016,Toronto,33,New,0,0,0,,
L0001670,20240501,CMP0015,Kitchener,81,Account Opened,1,1,1,,
L0001671,20240229,CMP0017,London,64,Qualified,1,0,0,,
L0001672,20240422,CMP0008,Ottawa,49,Qualified,1,0,0,,
L0001673,20240907,CMP0005,Toronto,66,Invested,1,1,1,INV000205,20241015
L0001674,20240118,CMP0010,Mississauga,34,New,0,0,0,,
L0001675,20240504,CMP0003,Markham,66,Account Opened,1,1,1,,
L0001676,20240109,CMP0016,Brampton,52,New,0,0,0,,
L0001677,20241215,CMP0012,Hamilton,38,New,0,0,0,,
L0001678,20240923,CMP0009,London,97,Lost,1,1,1,,
L0001679,20240330,CMP0010,Markham,15,New,0,0,0,,
L0001680,20240313,CMP0013,Brampton,78,KYC Done,1,1,0,,
L0001681,20240206,CMP0010,Kitchener,28,New,0,0,0,,
L0001682,20240622,CMP0016,Mississauga,30,New,0,0,0,,
L0001683,20241002,CMP0017,Markham,23,Lost,0,0,0,,
L0001684,20240801,CMP0018,Brampton,19,New,0,0,0,,
L0001685,20241118,CMP0012,Mississauga,21,New,0,0,0,,
L0001686,20240505,CMP0014,Brampton,84,Invested,1,1,1,INV000206,20240520
L0001687,20240411,CMP0006,Markham,93,Invested,1,1,1,INV000207,20240422
L0001688,20240623,CMP0001,Hamilton,62,KYC Done,1,1,0,,
L0001689,20240314,CMP0008,Toronto,11,New,0,0,0,,
L0001690,20241223,CMP0016,Toronto,87,Account Opened,1,1,1,,
L0001691,20240308,CMP0003,London,64,Invested,1,1,1,INV000208,20240311
L0001692,20240624,CMP0010,Mississauga,56,Qualified,1,0,0,,
L0001693,20240710,CMP0004,Toronto,95,Qualified,1,0,0,,
L0001694,20240121,CMP0008,London,46,Account Opened,1,1,1,,
L0001695,20240620,CMP0003,Mississauga,42,New,0,0,0,,
L0001696,20240615,CMP0014,Toronto,80,KYC Done,1,1,0,,
L0001697,20240404,CMP0015,Brampton,57,Invested,1,1,1,INV000209,20240406
L0001698,20240216,CMP0014,Ottawa,74,Lost,1,1,0,,
L0001699,20240117,CMP0013,Hamilton,72,Qualified,1,0,0,,
L0001700,20240104,CMP0005,Toronto,85,KYC Done,1,1,0,,
L0001701,20240625,CMP0010,Ottawa,38,New,0,0,0,,
L0001702,20240202,CMP0002,Brampton,16,New,0,0,0,,
L0001703,20241217,CMP0007,Ottawa,52,New,0,0,0,,
L0001704,20240330,CMP0010,Toronto,68,Account Opened,1,1,1,,
L0001705,20240826,CMP0013,Mississauga,83,Invested,1,1,1,INV000210,20241009
L0001706,20240903,CMP0002,Hamilton,34,New,0,0,0,,
L0001707,20240630,CMP0015,Toronto,77,Lost,1,1,0,,
L0001708,20241119,CMP0009,Kitchener,84,Invested,1,1,1,INV000211,20241231
L0001709,20240210,CMP0016,Windsor,82,Invested,1,1,1,INV000212,20240319
L0001710,20240326,CMP0010,Brampton,82,KYC Done,1,1,0,,
L0001711,20240402,CMP0010,London,98,Account Opened,1,1,1,,
L0001712,20240219,CMP0013,Hamilton,69,KYC Done,1,1,0,,
L0001713,20240417,CMP0015,Toronto,43,New,0,0,0,,
L0001714,20240424,CMP0003,Brampton,49,New,0,0,0,,
L0001715,20241006,CMP0010,Windsor,77,KYC Done,1,1,0,,
L0001716,20240420,CMP0001,Toronto,31,New,0,0,0,,
L0001717,20241116,CMP0009,Ottawa,64,Qualified,1,0,0,,
L0001718,20241009,CMP0015,Hamilton,61,Account Opened,1,1,1,,
L0001719,20241126,CMP0016,Toronto,69,Invested,1,1,1,INV000213,20241225
L0001720,20240208,CMP0006,Ottawa,47,New,0,0,0,,
L0001721,20241226,CMP0007,Kitchener,76,Lost,1,0,0,,
L0001722,20240812,CMP0010,Toronto,16,New,0,0,0,,
L0001723,20241225,CMP0008,Toronto,77,Account Opened,1,1,1,,
L0001724,20240509,CMP0004,Mississauga,83,Qualified,1,0,0,,
L0001725,20241214,CMP0006,London,89,Account Opened,1,1,1,,
L0001726,20240803,CMP0008,Ottawa,93,Account Opened,1,1,1,,
L0001727,20240127,CMP0010,Ottawa,41,New,0,0,0,,
L0001728,20240530,CMP0017,Markham,14,Lost,0,0,0,,
L0001729,20240220,CMP0010,Windsor,68,Invested,1,1,1,INV000214,20240404
L0001730,20241210,CMP0007,Toronto,18,New,0,0,0,,
L0001731,20240421,CMP0012,Markham,35,New,0,0,0,,
L0001732,20240322,CMP0014,Brampton,73,Lost,1,1,1,,
L0001733,20240721,CMP0008,Toronto,63,Account Opened,1,1,1,,
L0001734,20240604,CMP0009,Mississauga,64,KYC Done,1,1,0,,
L0001735,20240205,CMP0004,Brampton,77,KYC Done,1,1,0,,
L0001736,20241025,CMP0016,Vaughan,24,New,0,0,0,,
L0001737,20241105,CMP0016,Ottawa,81,Account Opened,1,1,1,,
L0001738,20240928,CMP0004,Hamilton,62,Qualified,1,0,0,,
L0001739,20240813,CMP0007,Toronto,47,New,0,0,0,,
L0001740,20240527,CMP0005,Toronto,51,Lost,0,0,0,,
L0001741,20240717,CMP0017,Kitchener,55,Lost,1,1,0,,
L0001742,20240709,CMP0002,Markham,59,Account Opened,1,1,1,,
L0001743,20240301,CMP0004,Ottawa,40,New,0,0,0,,
L0001744,20240130,CMP0006,Toronto,30,New,0,0,0,,
L0001745,20240402,CMP0011,Toronto,25,New,0,0,0,,
L0001746,20240615,CMP0005,Windsor,40,New,0,0,0,,
L0001747,20240228,CMP0010,Toronto,33,Lost,0,0,0,,
L0001748,20240209,CMP0014,Mississauga,56,Account Opened,1,1,1,,
L0001749,20241107,CMP0015,London,92,Account Opened,1,1,1,,
L0001750,20240517,CMP0002,Kitchener,19,New,0,0,0,,
L0001751,20240801,CMP0003,Toronto,37,New,0,0,0,,
L0001752,20240710,CMP0002,Markham,14,New,0,0,0,,
L0001753,20240926,CMP0017,Mississauga,97,Account Opened,1,1,1,,
L0001754,20240927,CMP0012,Hamilton,73,Account Opened,1,1,1,,
L0001755,20240418,CMP0010,Toronto,31,New,0,0,0,,
L0001756,20241106,CMP0015,Vaughan,47,New,0,0,0,,
L0001757,20240515,CMP0011,London,75,Invested,1,1,1,INV000215,20240519
L0001758,20241101,CMP0005,Kitchener,96,KYC Done,1,1,0,,
L0001759,20240528,CMP0010,Ottawa,61,Account Opened,1,1,1,,
L0001760,20240210,CMP0013,Vaughan,34,New,0,0,0,,
L0001761,20241005,CMP0001,Ottawa,72,Account Opened,1,1,1,,
L0001762,20240112,CMP0011,Ottawa,71,Qualified,1,0,0,,
L0001763,20241009,CMP0009,Toronto,67,Invested,1,1,1,INV000216,20241028
L0001764,20240116,CMP0002,Markham,14,New,0,0,0,,
L0001765,20240316,CMP0005,Brampton,73,KYC Done,1,1,0,,
L0001766,20240808,CMP0009,Hamilton,11,New,0,0,0,,
L0001767,20241210,CMP0007,Hamilton,91,Qualified,1,0,0,,
L0001768,20240529,CMP0006,Markham,89,Qualified,1,0,0,,
L0001769,20240214,CMP0012,Ottawa,60,Account Opened,1,1,1,,
L0001770,20240326,CMP0008,Hamilton,68,Lost,1,0,0,,
L0001771,20241123,CMP0009,Ottawa,16,New,0,0,0,,
L0001772,20240922,CMP0015,Hamilton,88,Invested,1,1,1,INV000217,20240923
L0001773,20240206,CMP0002,Ottawa,34,New,0,0,0,,
L0001774,20240520,CMP0007,Markham,33,New,0,0,0,,
L0001775,20240406,CMP0002,Markham,73,Account Opened,1,1,1,,
L0001776,20240306,CMP0017,Ottawa,94,KYC Done,1,1,0,,
L0001777,20241105,CMP0004,Toronto,54,Account Opened,1,1,1,,
L0001778,20240814,CMP0015,Brampton,55,KYC Done,1,1,0,,
L0001779,20240306,CMP0004,Markham,59,Invested,1,1,1,INV000218,20240318
L0001780,20240826,CMP0006,Kitchener,36,New,0,0,0,,
L0001781,20240531,CMP0011,Mississauga,63,Lost,1,1,0,,
L0001782,20240123,CMP0015,Kitchener,96,Qualified,1,0,0,,
L0001783,20240613,CMP0004,Mississauga,44,New,0,0,0,,
L0001784,20240308,CMP0004,Kitchener,79,Account Opened,1,1,1,,
L0001785,20240330,CMP0016,Kitchener,79,Invested,1,1,1,INV000219,20240420
L0001786,20241117,CMP0006,Ottawa,86,Invested,1,1,1,INV000220,20241203
L0001787,20240916,CMP0004,Kitchener,75,Account Opened,1,1,1,,
L0001788,20240219,CMP0014,Ottawa,92,Lost,1,1,0,,
L0001789,20241107,CMP0002,Brampton,74,KYC Done,1,1,0,,
L0001790,20240729,CMP0016,Markham,97,Invested,1,1,1,INV000221,20240907
L0001791,20241116,CMP0016,Toronto,74,KYC Done,1,1,0,,
L0001792,20240930,CMP0016,Toronto,85,Invested,1,1,1,INV000222,20241103
L0001793,20240504,CMP0006,Toronto,90,Lost,1,1,0,,
L0001794,20240714,CMP0003,Hamilton,98,Account Opened,1,1,1,,
L0001795,20240713,CMP0008,London,63,Qualified,1,0,0,,
L0001796,20240920,CMP0007,Markham,73,Account Opened,1,1,1,,
L0001797,20240331,CMP0018,Vaughan,97,Invested,1,1,1,INV000223,20240504
L0001798,20240501,CMP0012,Vaughan,44,New,0,0,0,,
L0001799,20240330,CMP0017,London,20,New,0,0,0,,
L0001800,20240418,CMP0014,Kitchener,89,KYC Done,1,1,0,,
L0001801,20240229,CMP0013,Mississauga,66,Account Opened,1,1,1,,
L0001802,20240114,CMP0003,London,48,New,0,0,0,,
L0001803,20241210,CMP0002,Toronto,74,Qualified,1,0,0,,
L0001804,20240128,CMP0001,Toronto,12,New,0,0,0,,
L0001805,20241121,CMP0011,Mississauga,52,KYC Done,1,1,0,,
L0001806,20240102,CMP0004,Toronto,33,New,0,0,0,,
L0001807,20241011,CMP0018,Windsor,35,New,0,0,0,,
L0001808,20240430,CMP0003,Ottawa,97,Qualified,1,0,0,,
L0001809,20240708,CMP0018,Kitchener,59,KYC Done,1,1,0,,
L0001810,20240413,CMP0013,Ottawa,22,New,0,0,0,,
L0001811,20240628,CMP0002,London,42,New,0,0,0,,
L0001812,20240614,CMP0002,Mississauga,31,New,0,0,0,,
L0001813,20240712,CMP0008,Kitchener,91,KYC Done,1,1,0,,
L0001814,20240523,CMP0007,Toronto,36,New,0,0,0,,
L0001815,20240715,CMP0006,London,42,Lost,0,0,0,,
L0001816,20241029,CMP0010,Kitchener,40,New,0,0,0,,
L0001817,20240608,CMP0003,Markham,25,New,0,0,0,,
L0001818,20240512,CMP0003,Markham,80,Invested,1,1,1,INV000224,20240522
L0001819,20240218,CMP0013,Mississauga,61,Qualified,1,0,0,,
L0001820,20240511,CMP0018,Ottawa,49,Qualified,1,0,0,,
L0001821,20240215,CMP0005,Toronto,45,New,0,0,0,,
L0001822,20240307,CMP0017,Brampton,70,KYC Done,1,1,0,,
L0001823,20241214,CMP0007,Toronto,18,Lost,0,0,0,,
L0001824,20240202,CMP0007,Markham,93,Invested,1,1,1,INV000225,20240218
L0001825,20240625,CMP0002,Kitchener,60,Qualified,1,0,0,,
L0001826,20241101,CMP0008,London,30,New,0,0,0,,
L0001827,20241214,CMP0009,Markham,58,Account Opened,1,1,1,,
L0001828,20240223,CMP0012,Ottawa,86,Account Opened,1,1,1,,
L0001829,20240229,CMP0003,Toronto,25,Lost,0,0,0,,
L0001830,20240516,CMP0004,London,57,Account Opened,1,1,1,,
L0001831,20240721,CMP0008,Mississauga,63,Account Opened,1,1,1,,
L0001832,20241217,CMP0002,Ottawa,82,Invested,1,1,1,INV000226,20241231
L0001833,20240317,CMP0003,Kitchener,61,Qualified,1,0,0,,
L0001834,20240301,CMP0012,Brampton,76,Qualified,1,0,0,,
L0001835,20240402,CMP0018,Mississauga,79,Invested,1,1,1,INV000227,20240508
L0001836,20241116,CMP0011,Toronto,90,Account Opened,1,1,1,,
L0001837,20240111,CMP0003,London,42,New,0,0,0,,
L0001838,20240519,CMP0018,Toronto,73,Qualified,1,0,0,,
L0001839,20240213,CMP0010,Hamilton,32,New,0,0,0,,
L0001840,20240227,CMP0013,Brampton,85,Account Opened,1,1,1,,
L0001841,20241201,CMP0004,Markham,95,Account Opened,1,1,1,,
L0001842,20240101,CMP0011,Vaughan,36,New,0,0,0,,
L0001843,20240427,CMP0002,Mississauga,60,Invested,1,1,1,INV000228,20240527
L0001844,20241201,CMP0012,Markham,84,Account Opened,1,1,1,,
L0001845,20240810,CMP0004,Toronto,12,New,0,0,0,,
L0001846,20240127,CMP0017,Toronto,73,Account Opened,1,1,1,,
L0001847,20240619,CMP0001,Brampton,83,Account Opened,1,1,1,,
L0001848,20241221,CMP0012,Mississauga,88,Invested,1,1,1,INV000229,20241228
L0001849,20240526,CMP0003,Windsor,27,Lost,0,0,0,,
L0001850,20240712,CMP0013,Markham,78,Lost,1,1,1,,
L0001851,20240713,CMP0009,Vaughan,80,Lost,1,1,1,,
L0001852,20240829,CMP0018,Toronto,10,New,0,0,0,,
L0001853,20240309,CMP0012,London,73,Invested,1,1,1,INV000230,20240310
L0001854,20241103,CMP0007,Hamilton,66,Invested,1,1,1,INV000231,20241112
L0001855,20241227,CMP0002,Toronto,97,KYC Done,1,1,0,,
L0001856,20240222,CMP0011,Markham,13,New,0,0,0,,
L0001857,20241026,CMP0008,Vaughan,96,Account Opened,1,1,1,,
L0001858,20241025,CMP0001,Kitchener,61,Account Opened,1,1,1,,
L0001859,20240928,CMP0011,Kitchener,34,New,0,0,0,,
L0001860,20240515,CMP0004,Toronto,44,Lost,0,0,0,,
L0001861,20240620,CMP0005,Vaughan,78,Lost,1,0,0,,
L0001862,20241103,CMP0001,Kitchener,99,Lost,1,1,0,,
L0001863,20240225,CMP0007,London,38,New,0,0,0,,
L0001864,20241030,CMP0004,Toronto,98,Lost,1,1,0,,
L0001865,20241202,CMP0002,Brampton,66,Account Opened,1,1,1,,
L0001866,20240906,CMP0008,Toronto,27,Lost,0,0,0,,
L0001867,20240504,CMP0004,Toronto,63,Account Opened,1,1,1,,
L0001868,20240723,CMP0003,Kitchener,82,KYC Done,1,1,0,,
L0001869,20240119,CMP0009,Windsor,14,New,0,0,0,,
L0001870,20241207,CMP0002,Kitchener,17,New,0,0,0,,
L0001871,20240505,CMP0018,Mississauga,10,New,0,0,0,,
L0001872,20240121,CMP0009,Hamilton,61,Invested,1,1,1,INV000232,20240125
L0001873,20241017,CMP0018,Ottawa,15,New,0,0,0,,
L0001874,20240828,CMP0016,Ottawa,93,Invested,1,1,1,INV000233,20240908
L0001875,20240815,CMP0018,Brampton,21,New,0,0,0,,
L0001876,20240120,CMP0010,Kitchener,16,New,0,0,0,,
L0001877,20241001,CMP0008,Markham,33,New,0,0,0,,
L0001878,20240821,CMP0013,Vaughan,78,Invested,1,1,1,INV000234,20240912
L0001879,20241017,CMP0002,Toronto,91,Account Opened,1,1,1,,
L0001880,20241029,CMP0016,Brampton,32,New,0,0,0,,
L0001881,20240318,CMP0006,Hamilton,56,Lost,1,1,0,,
L0001882,20240318,CMP0001,Hamilton,79,KYC Done,1,1,0,,
L0001883,20241204,CMP0005,Vaughan,81,Qualified,1,0,0,,
L0001884,20240713,CMP0005,Toronto,23,Lost,0,0,0,,
L0001885,20240609,CMP0001,Toronto,85,Account Opened,1,1,1,,
L0001886,20240415,CMP0013,Vaughan,88,Qualified,1,0,0,,
L0001887,20240821,CMP0002,Ottawa,76,Lost,1,1,0,,
L0001888,20241002,CMP0016,Ottawa,57,Account Opened,1,1,1,,
L0001889,20240101,CMP0009,Vaughan,45,Lost,0,0,0,,
L0001890,20240721,CMP0013,London,90,Invested,1,1,1,INV000235,20240805
L0001891,20241229,CMP0007,London,87,Account Opened,1,1,1,,
L0001892,20240412,CMP0003,Toronto,56,Qualified,1,0,0,,
L0001893,20240412,CMP0004,Hamilton,76,Qualified,1,0,0,,
L0001894,20241117,CMP0012,Ottawa,45,Account Opened,1,1,1,,
L0001895,20240123,CMP0013,Hamilton,76,Qualified,1,0,0,,
L0001896,20240525,CMP0005,Ottawa,18,Lost,0,0,0,,
L0001897,20240616,CMP0007,Toronto,91,Qualified,1,0,0,,
L0001898,20241019,CMP0018,Brampton,56,Qualified,1,0,0,,
L0001899,20240217,CMP0016,Ottawa,63,Qualified,1,0,0,,
L0001900,20240607,CMP0008,Ottawa,27,New,0,0,0,,
L0001901,20240225,CMP0005,Toronto,57,Qualified,1,0,0,,
L0001902,20241015,CMP0006,Vaughan,10,New,0,0,0,,
L0001903,20240819,CMP0010,Mississauga,90,Account Opened,1,1,1,,
L0001904,20240630,CMP0011,Ottawa,77,Account Opened,1,1,1,,
L0001905,20240523,CMP0004,Hamilton,50,Invested,1,1,1,INV000236,20240603
L0001906,20240226,CMP0002,London,85,KYC Done,1,1,0,,
L0001907,20241203,CMP0009,Brampton,83,Qualified,1,0,0,,
L0001908,20240825,CMP0015,Toronto,20,New,0,0,0,,
L0001909,20240426,CMP0003,Toronto,14,New,0,0,0,,
L0001910,20240531,CMP0008,Toronto,32,New,0,0,0,,
L0001911,20240922,CMP0003,Mississauga,10,New,0,0,0,,
L0001912,20240920,CMP0005,Hamilton,61,Qualified,1,0,0,,
L0001913,20240617,CMP0012,Ottawa,57,Account Opened,1,1,1,,
L0001914,20240420,CMP0006,Toronto,58,Account Opened,1,1,1,,
L0001915,20240829,CMP0005,London,16,New,0,0,0,,
L0001916,20240828,CMP0018,Toronto,92,Qualified,1,0,0,,
L0001917,20240807,CMP0004,Kitchener,97,Qualified,1,0,0,,
L0001918,20240127,CMP0004,Ottawa,63,KYC Done,1,1,0,,
L0001919,20240622,CMP0017,Hamilton,10,New,0,0,0,,
L0001920,20240812,CMP0010,Mississauga,45,New,0,0,0,,
L0001921,20241213,CMP0001,Ottawa,74,Invested,1,1,1,INV000237,20241222
L0001922,20240711,CMP0008,Brampton,77,Qualified,1,0,0,,
L0001923,20240505,CMP0011,Kitchener,31,New,0,0,0,,
L0001924,20240722,CMP0005,Toronto,84,Qualified,1,0,0,,
L0001925,20240305,CMP0010,Ottawa,97,Qualified,1,0,0,,
L0001926,20240203,CMP0012,Markham,55,New,0,0,0,,
L0001927,20240905,CMP0005,Ottawa,44,New,0,0,0,,
L0001928,20241226,CMP0015,Ottawa,57,Lost,1,1,1,,
L0001929,20241105,CMP0009,Kitchener,12,New,0,0,0,,
L0001930,20240801,CMP0018,Brampton,57,Account Opened,1,1,1,,
L0001931,20240115,CMP0002,Toronto,12,New,0,0,0,,
L0001932,20241227,CMP0006,Kitchener,13,Lost,0,0,0,,
L0001933,20240613,CMP0013,Toronto,59,KYC Done,1,1,0,,
L0001934,20240416,CMP0017,Markham,55,Lost,1,0,0,,
L0001935,20241122,CMP0004,Toronto,98,Qualified,1,0,0,,
L0001936,20240930,CMP0018,Toronto,55,New,0,0,0,,
L0001937,20241001,CMP0004,Brampton,98,Account Opened,1,1,1,,
L0001938,20240411,CMP0008,Vaughan,82,Account Opened,1,1,1,,
L0001939,20241229,CMP0006,Toronto,40,New,0,0,0,,
L0001940,20240614,CMP0008,Mississauga,93,Account Opened,1,1,1,,
L0001941,20240713,CMP0017,Mississauga,53,New,0,0,0,,
L0001942,20241001,CMP0014,Toronto,63,KYC Done,1,1,0,,
L0001943,20240829,CMP0015,Toronto,19,Lost,0,0,0,,
L0001944,20240304,CMP0005,Kitchener,29,New,0,0,0,,
L0001945,20240420,CMP0018,London,56,Lost,1,1,1,,
L0001946,20240512,CMP0008,Mississauga,34,New,0,0,0,,
L0001947,20241212,CMP0012,Mississauga,63,KYC Done,1,1,0,,
L0001948,20240918,CMP0013,Toronto,17,New,0,0,0,,
L0001949,20240514,CMP0012,Brampton,32,New,0,0,0,,
L0001950,20240925,CMP0011,Mississauga,69,Lost,1,1,1,,
L0001951,20240927,CMP0009,Kitchener,65,Account Opened,1,1,1,,
L0001952,20240524,CMP0012,Mississauga,98,Qualified,1,0,0,,
L0001953,20240527,CMP0017,Brampton,90,Qualified,1,0,0,,
L0001954,20241123,CMP0008,London,82,Qualified,1,0,0,,
L0001955,20240724,CMP0010,Mississauga,10,Lost,0,0,0,,
L0001956,20240224,CMP0004,Markham,64,Account Opened,1,1,1,,
L0001957,20240920,CMP0007,London,30,New,0,0,0,,
L0001958,20240803,CMP0014,Toronto,34,New,0,0,0,,
L0001959,20240705,CMP0012,Vaughan,28,New,0,0,0,,
L0001960,20240922,CMP0004,Brampton,51,New,0,0,0,,
L0001961,20241127,CMP0010,Toronto,21,New,0,0,0,,
L0001962,20240430,CMP0015,London,57,Account Opened,1,1,1,,
L0001963,20240602,CMP0003,London,24,New,0,0,0,,
L0001964,20240310,CMP0002,Toronto,55,Invested,1,1,1,INV000238,20240319
L0001965,20240824,CMP0008,Brampton,66,Account Opened,1,1,1,,
L0001966,20240527,CMP0012,Vaughan,26,New,0,0,0,,
L0001967,20240505,CMP0006,Hamilton,19,New,0,0,0,,
L0001968,20240911,CMP0015,Ottawa,82,KYC Done,1,1,0,,
L0001969,20240529,CMP0016,Ottawa,76,Invested,1,1,1,INV000239,20240610
L0001970,20240618,CMP0010,Hamilton,33,New,0,0,0,,
L0001971,20240610,CMP0007,Hamilton,89,KYC Done,1,1,0,,
L0001972,20240404,CMP0001,Toronto,29,New,0,0,0,,
L0001973,20240216,CMP0015,Mississauga,93,Account Opened,1,1,1,,
L0001974,20241029,CMP0017,Ottawa,20,New,0,0,0,,
L0001975,20240203,CMP0008,London,69,Invested,1,1,1,INV000240,20240223
L0001976,20240428,CMP0010,London,11,Lost,0,0,0,,
L0001977,20240901,CMP0014,Hamilton,27,New,0,0,0,,
L0001978,20240218,CMP0013,Hamilton,46,New,0,0,0,,
L0001979,20240827,CMP0003,Brampton,17,New,0,0,0,,
L0001980,20240925,CMP0013,Markham,51,Account Opened,1,1,1,,
L0001981,20240830,CMP0017,Kitchener,30,New,0,0,0,,
L0001982,20240421,CMP0014,Vaughan,18,New,0,0,0,,
L0001983,20240108,CMP0009,Vaughan,96,Lost,1,0,0,,
L0001984,20241120,CMP0010,Kitchener,98,Invested,1,1,1,INV000241,20241230
L0001985,20240429,CMP0005,Toronto,96,Qualified,1,0,0,,
L0001986,20241021,CMP0012,Ottawa,23,Lost,0,0,0,,
L0001987,20240313,CMP0005,Ottawa,44,Lost,0,0,0,,
L0001988,20240229,CMP0007,Ottawa,39,New,0,0,0,,
L0001989,20241011,CMP0005,Vaughan,39,New,0,0,0,,
L0001990,20241209,CMP0007,Mississauga,47,New,0,0,0,,
L0001991,20241110,CMP0007,Toronto,55,New,0,0,0,,
L0001992,20241001,CMP0002,Mississauga,53,Account Opened,1,1,1,,
L0001993,20240331,CMP0013,Toronto,36,New,0,0,0,,
L0001994,20241130,CMP0008,Brampton,98,Qualified,1,0,0,,
L0001995,20240901,CMP0018,Toronto,98,Account Opened,1,1,1,,
L0001996,20240304,CMP0004,Toronto,39,New,0,0,0,,
L0001997,20240217,CMP0013,Ottawa,29,New,0,0,0,,
L0001998,20241114,CMP0004,Hamilton,57,Qualified,1,0,0,,
L0001999,20240410,CMP0010,Hamilton,43,New,0,0,0,,
L0002000,20241007,CMP0009,Toronto,98,Qualified,1,0,0,,
L0002001,20240220,CMP0009,Windsor,48,New,0,0,0,,
L0002002,20240412,CMP0012,Toronto,13,New,0,0,0,,
L0002003,20240413,CMP0015,Hamilton,21,New,0,0,0,,
L0002004,20240412,CMP0006,Vaughan,16,Lost,0,0,0,,
L0002005,20240903,CMP0016,Vaughan,44,New,0,0,0,,
L0002006,20241130,CMP0004,Ottawa,38,New,0,0,0,,
L0002007,20241129,CMP0006,Mississauga,87,KYC Done,1,1,0,,
L0002008,20240928,CMP0006,Markham,90,Invested,1,1,1,INV000242,20241008
L0002009,20240315,CMP0018,Hamilton,22,New,0,0,0,,
L0002010,20241217,CMP0003,Markham,95,Invested,1,1,1,INV000243,20241231
L0002011,20240717,CMP0008,Brampton,62,Invested,1,1,1,INV000244,20240720
L0002012,20240718,CMP0008,Kitchener,37,New,0,0,0,,
L0002013,20240913,CMP0015,Kitchener,46,New,0,0,0,,
L0002014,20241008,CMP0009,London,49,New,0,0,0,,
L0002015,20241214,CMP0018,Kitchener,25,New,0,0,0,,
L0002016,20240801,CMP0014,Ottawa,88,Account Opened,1,1,1,,
L0002017,20240811,CMP0013,Toronto,11,New,0,0,0,,
L0002018,20240929,CMP0014,Hamilton,16,New,0,0,0,,
L0002019,20240403,CMP0003,Hamilton,34,New,0,0,0,,
L0002020,20240422,CMP0009,Ottawa,22,New,0,0,0,,
L0002021,20240816,CMP0011,Mississauga,15,New,0,0,0,,
L0002022,20240124,CMP0004,Hamilton,44,New,0,0,0,,
L0002023,20240427,CMP0003,Toronto,43,New,0,0,0,,
L0002024,20240919,CMP0003,London,21,New,0,0,0,,
L0002025,20241223,CMP0015,Kitchener,82,Account Opened,1,1,1,,
L0002026,20240709,CMP0012,Toronto,89,Invested,1,1,1,INV000245,20240728
L0002027,20240526,CMP0006,Markham,74,Invested,1,1,1,INV000246,20240605
L0002028,20240610,CMP0014,Toronto,56,Lost,1,1,1,,
L0002029,20240907,CMP0013,Ottawa,95,Account Opened,1,1,1,,
L0002030,20240718,CMP0015,Kitchener,41,New,0,0,0,,
L0002031,20240109,CMP0017,Toronto,48,KYC Done,1,1,0,,
L0002032,20240716,CMP0016,Toronto,11,New,0,0,0,,
L0002033,20240526,CMP0004,Kitchener,73,KYC Done,1,1,0,,
L0002034,20240913,CMP0014,Toronto,18,New,0,0,0,,
L0002035,20241116,CMP0008,Brampton,69,Invested,1,1,1,INV000247,20241121
L0002036,20241218,CMP0008,Ottawa,80,Account Opened,1,1,1,,
L0002037,20240811,CMP0012,Toronto,29,New,0,0,0,,
L0002038,20240512,CMP0011,Toronto,65,KYC Done,1,1,0,,
L0002039,20240611,CMP0008,Markham,37,New,0,0,0,,
L0002040,20240305,CMP0018,Ottawa,45,New,0,0,0,,
L0002041,20241208,CMP0004,Brampton,57,Account Opened,1,1,1,,
L0002042,20241106,CMP0002,London,32,New,0,0,0,,
L0002043,20241108,CMP0001,Mississauga,81,Qualified,1,0,0,,
L0002044,20240430,CMP0015,Brampton,45,Lost,0,0,0,,
L0002045,20240427,CMP0008,Windsor,51,New,0,0,0,,
L0002046,20241109,CMP0008,Markham,83,Invested,1,1,1,INV000248,20241219
L0002047,20240718,CMP0012,Ottawa,30,New,0,0,0,,
L0002048,20240914,CMP0008,Ottawa,50,New,0,0,0,,
L0002049,20240628,CMP0011,Vaughan,99,Qualified,1,0,0,,
L0002050,20240611,CMP0002,Hamilton,45,Qualified,1,0,0,,
L0002051,20240819,CMP0003,Mississauga,20,New,0,0,0,,
L0002052,20241024,CMP0017,Brampton,35,New,0,0,0,,
L0002053,20240502,CMP0009,Toronto,96,Invested,1,1,1,INV000249,20240513
L0002054,20241023,CMP0004,Kitchener,78,Invested,1,1,1,INV000250,20241118
L0002055,20240330,CMP0007,Hamilton,82,Account Opened,1,1,1,,
L0002056,20240527,CMP0007,Brampton,32,New,0,0,0,,
L0002057,20241130,CMP0005,Brampton,85,Lost,1,0,0,,
L0002058,20241215,CMP0006,Kitchener,45,New,0,0,0,,
L0002059,20241204,CMP0014,Brampton,81,Account Opened,1,1,1,,
L0002060,20240425,CMP0002,London,89,Account Opened,1,1,1,,
L0002061,20241104,CMP0006,Markham,28,New,0,0,0,,
L0002062,20241208,CMP0009,Kitchener,94,Invested,1,1,1,INV000251,20241220
L0002063,20241224,CMP0010,Brampton,66,Lost,1,0,0,,
L0002064,20240108,CMP0016,Markham,75,Invested,1,1,1,INV000252,20240130
L0002065,20240929,CMP0017,Mississauga,78,Account Opened,1,1,1,,
L0002066,20241230,CMP0006,Kitchener,25,New,0,0,0,,
L0002067,20241006,CMP0010,Toronto,77,KYC Done,1,1,0,,
L0002068,20240326,CMP0001,Ottawa,29,New,0,0,0,,
L0002069,20241006,CMP0012,Ottawa,34,New,0,0,0,,
L0002070,20240208,CMP0003,Vaughan,20,New,0,0,0,,
L0002071,20240624,CMP0002,Toronto,26,New,0,0,0,,
L0002072,20240817,CMP0013,Toronto,98,Qualified,1,0,0,,
L0002073,20240616,CMP0004,Vaughan,39,New,0,0,0,,
L0002074,20240913,CMP0009,Brampton,44,New,0,0,0,,
L0002075,20240328,CMP0002,Mississauga,53,New,0,0,0,,
L0002076,20240809,CMP0014,Toronto,74,Account Opened,1,1,1,,
L0002077,20240824,CMP0014,Kitchener,61,Qualified,1,0,0,,
L0002078,20240819,CMP0011,Hamilton,58,Lost,1,0,0,,
L0002079,20240415,CMP0016,London,85,Qualified,1,0,0,,
L0002080,20240421,CMP0008,Vaughan,54,Account Opened,1,1,1,,
L0002081,20240404,CMP0004,Vaughan,79,KYC Done,1,1,0,,
L0002082,20240618,CMP0003,Ottawa,91,Invested,1,1,1,INV000253,20240725
L0002083,20240802,CMP0004,Toronto,70,Invested,1,1,1,INV000254,20240825
L0002084,20240512,CMP0004,Hamilton,13,New,0,0,0,,
L0002085,20240530,CMP0006,Hamilton,33,New,0,0,0,,
L0002086,20240414,CMP0004,Toronto,65,Qualified,1,0,0,,
L0002087,20240321,CMP0011,Vaughan,53,Invested,1,1,1,INV000255,20240404
L0002088,20240828,CMP0003,Mississauga,35,New,0,0,0,,
L0002089,20241025,CMP0012,Brampton,40,New,0,0,0,,
L0002090,20240416,CMP0007,Ottawa,17,New,0,0,0,,
L0002091,20241110,CMP0013,Kitchener,31,New,0,0,0,,
L0002092,20240727,CMP0010,Toronto,80,Lost,1,0,0,,
L0002093,20240302,CMP0017,Brampton,10,New,0,0,0,,
L0002094,20240513,CMP0008,Ottawa,85,Qualified,1,0,0,,
L0002095,20240103,CMP0006,Windsor,40,New,0,0,0,,
L0002096,20240115,CMP0011,Brampton,82,Qualified,1,0,0,,
L0002097,20240503,CMP0012,Brampton,33,New,0,0,0,,
L0002098,20240615,CMP0008,Kitchener,84,Invested,1,1,1,INV000256,20240617
L0002099,20241018,CMP0011,Hamilton,61,Lost,1,0,0,,
L0002100,20240219,CMP0009,Toronto,86,KYC Done,1,1,0,,
L0002101,20241103,CMP0006,Toronto,15,New,0,0,0,,
L0002102,20240326,CMP0006,Hamilton,81,Qualified,1,0,0,,
L0002103,20240220,CMP0017,Ottawa,34,Lost,0,0,0,,
L0002104,20240913,CMP0013,Toronto,42,New,0,0,0,,
L0002105,20241010,CMP0002,Ottawa,14,Lost,0,0,0,,
L0002106,20240809,CMP0018,Kitchener,95,Qualified,1,0,0,,
L0002107,20240212,CMP0013,London,67,Invested,1,1,1,INV000257,20240226
L0002108,20240212,CMP0001,Ottawa,98,Account Opened,1,1,1,,
L0002109,20240522,CMP0014,Toronto,61,Qualified,1,0,0,,
L0002110,20240613,CMP0011,Mississauga,24,New,0,0,0,,
L0002111,20241231,CMP0017,Windsor,40,New,0,0,0,,
L0002112,20240414,CMP0009,Hamilton,49,KYC Done,1,1,0,,
L0002113,20240311,CMP0010,Mississauga,23,Lost,0,0,0,,
L0002114,20241212,CMP0006,London,93,Account Opened,1,1,1,,
L0002115,20240226,CMP0006,Toronto,96,Account Opened,1,1,1,,
L0002116,20240110,CMP0012,Brampton,60,Account Opened,1,1,1,,
L0002117,20240603,CMP0015,Mississauga,62,Qualified,1,0,0,,
L0002118,20240526,CMP0017,Vaughan,73,KYC Done,1,1,0,,
L0002119,20240814,CMP0014,London,71,Account Opened,1,1,1,,
L0002120,20241117,CMP0011,Ottawa,15,New,0,0,0,,
L0002121,20241207,CMP0010,Brampton,57,Account Opened,1,1,1,,
L0002122,20240416,CMP0007,Vaughan,79,KYC Done,1,1,0,,
L0002123,20241224,CMP0014,Toronto,82,Account Opened,1,1,1,,
L0002124,20240819,CMP0006,Toronto,63,Qualified,1,0,0,,
L0002125,20240126,CMP0005,Vaughan,90,Account Opened,1,1,1,,
L0002126,20241209,CMP0016,Vaughan,62,KYC Done,1,1,0,,
L0002127,20240220,CMP0011,Mississauga,44,New,0,0,0,,
L0002128,20240803,CMP0007,Toronto,49,Qualified,1,0,0,,
L0002129,20241016,CMP0016,London,72,KYC Done,1,1,0,,
L0002130,20240401,CMP0018,Toronto,89,KYC Done,1,1,0,,
L0002131,20240409,CMP0006,Hamilton,30,New,0,0,0,,
L0002132,20240623,CMP0010,London,36,New,0,0,0,,
L0002133,20241119,CMP0009,Hamilton,68,Account Opened,1,1,1,,
L0002134,20240322,CMP0013,Brampton,78,Invested,1,1,1,INV000258,20240331
L0002135,20240830,CMP0018,Markham,45,New,0,0,0,,
L0002136,20240614,CMP0010,Kitchener,67,Qualified,1,0,0,,
L0002137,20240210,CMP0015,London,10,New,0,0,0,,
L0002138,20240917,CMP0011,Brampton,36,New,0,0,0,,
L0002139,20241031,CMP0016,Windsor,95,Lost,1,1,1,,
L0002140,20240729,CMP0008,Ottawa,61,Qualified,1,0,0,,
L0002141,20240305,CMP0007,Toronto,88,Qualified,1,0,0,,
L0002142,20240226,CMP0008,Toronto,29,New,0,0,0,,
L0002143,20240603,CMP0018,Brampton,36,New,0,0,0,,
L0002144,20240704,CMP0012,Toronto,97,Invested,1,1,1,INV000259,20240718
L0002145,20240721,CMP0003,Markham,99,Qualified,1,0,0,,
L0002146,20240330,CMP0001,Toronto,88,KYC Done,1,1,0,,
L0002147,20240702,CMP0010,Brampton,38,New,0,0,0,,
L0002148,20240417,CMP0015,Vaughan,82,Qualified,1,0,0,,
L0002149,20240908,CMP0009,Toronto,51,New,0,0,0,,
L0002150,20241018,CMP0011,Ottawa,85,Lost,1,1,0,,
L0002151,20240826,CMP0015,Kitchener,86,Lost,1,0,0,,
L0002152,20240101,CMP0010,Toronto,49,KYC Done,1,1,0,,
L0002153,20241229,CMP0017,Brampton,37,New,0,0,0,,
L0002154,20240109,CMP0012,Toronto,97,Qualified,1,0,0,,
L0002155,20241231,CMP0014,London,50,New,0,0,0,,
L0002156,20240112,CMP0015,Brampton,48,New,0,0,0,,
L0002157,20240708,CMP0012,Kitchener,69,Qualified,1,0,0,,
L0002158,20240208,CMP0001,London,94,Invested,1,1,1,INV000260,20240218
L0002159,20240204,CMP0008,Hamilton,21,New,0,0,0,,
L0002160,20240907,CMP0003,Kitchener,98,Lost,1,1,0,,
L0002161,20240923,CMP0010,Toronto,48,New,0,0,0,,
L0002162,20240213,CMP0003,Markham,12,New,0,0,0,,
L0002163,20241223,CMP0010,London,37,New,0,0,0,,
L0002164,20240427,CMP0007,Hamilton,51,KYC Done,1,1,0,,
L0002165,20240426,CMP0001,Hamilton,70,KYC Done,1,1,0,,
L0002166,20240418,CMP0003,Toronto,60,KYC Done,1,1,0,,
L0002167,20240617,CMP0010,Markham,22,New,0,0,0,,
L0002168,20240306,CMP0002,Hamilton,53,KYC Done,1,1,0,,
L0002169,20240604,CMP0016,Markham,30,Lost,0,0,0,,
L0002170,20240317,CMP0014,Vaughan,34,New,0,0,0,,
L0002171,20240119,CMP0013,Ottawa,74,KYC Done,1,1,0,,
L0002172,20240514,CMP0004,Kitchener,82,Qualified,1,0,0,,
L0002173,20240903,CMP0015,Toronto,24,New,0,0,0,,
L0002174,20241006,CMP0012,Toronto,64,KYC Done,1,1,0,,
L0002175,20240509,CMP0008,Mississauga,47,Invested,1,1,1,INV000261,20240531
L0002176,20240428,CMP0001,Toronto,40,New,0,0,0,,
L0002177,20241015,CMP0010,Ottawa,74,Qualified,1,0,0,,
L0002178,20240906,CMP0015,Mississauga,32,New,0,0,0,,
L0002179,20241031,CMP0001,London,78,Lost,1,0,0,,
L0002180,20241127,CMP0001,Kitchener,46,New,0,0,0,,
L0002181,20241027,CMP0007,Markham,18,New,0,0,0,,
L0002182,20241208,CMP0010,Brampton,81,Invested,1,1,1,INV000262,20241226
L0002183,20240601,CMP0009,Windsor,86,Qualified,1,0,0,,
L0002184,20240524,CMP0008,Markham,60,KYC Done,1,1,0,,
L0002185,20240427,CMP0005,Markham,75,Lost,1,1,0,,
L0002186,20240327,CMP0002,Toronto,23,New,0,0,0,,
L0002187,20241001,CMP0001,London,40,Lost,0,0,0,,
L0002188,20240918,CMP0002,Toronto,41,New,0,0,0,,
L0002189,20241020,CMP0013,Mississauga,78,Qualified,1,0,0,,
L0002190,20240302,CMP0015,Toronto,41,New,0,0,0,,
L0002191,20240628,CMP0008,London,75,KYC Done,1,1,0,,
L0002192,20240322,CMP0002,Toronto,37,New,0,0,0,,
L0002193,20241122,CMP0008,Ottawa,64,Invested,1,1,1,INV000263,20241222
L0002194,20240407,CMP0018,Hamilton,28,New,0,0,0,,
L0002195,20240222,CMP0005,Mississauga,60,Invested,1,1,1,INV000264,20240318
L0002196,20240727,CMP0009,Brampton,17,New,0,0,0,,
L0002197,20241117,CMP0010,Vaughan,76,Invested,1,1,1,INV000265,20241221
L0002198,20241201,CMP0006,Kitchener,12,New,0,0,0,,
L0002199,20240205,CMP0008,Vaughan,99,Invested,1,1,1,INV000266,20240220
L0002200,20240429,CMP0009,London,85,Account Opened,1,1,1,,
L0002201,20240226,CMP0009,Mississauga,62,Qualified,1,0,0,,
L0002202,20240422,CMP0013,Toronto,91,Qualified,1,0,0,,
L0002203,20240714,CMP0011,Ottawa,82,KYC Done,1,1,0,,
L0002204,20240412,CMP0001,Kitchener,22,New,0,0,0,,
L0002205,20240125,CMP0001,Mississauga,76,Account Opened,1,1,1,,
L0002206,20240705,CMP0008,Toronto,43,New,0,0,0,,
L0002207,20240120,CMP0017,Markham,87,Lost,1,1,0,,
L0002208,20240323,CMP0001,Hamilton,87,Account Opened,1,1,1,,
L0002209,20240101,CMP0002,Brampton,95,Account Opened,1,1,1,,
L0002210,20240201,CMP0013,Vaughan,50,New,0,0,0,,
L0002211,20240608,CMP0009,Hamilton,27,New,0,0,0,,
L0002212,20241107,CMP0005,Kitchener,21,New,0,0,0,,
L0002213,20241010,CMP0004,Brampton,24,New,0,0,0,,
L0002214,20240206,CMP0012,Ottawa,99,Qualified,1,0,0,,
L0002215,20240113,CMP0010,Toronto,62,Account Opened,1,1,1,,
L0002216,20240503,CMP0012,Brampton,41,Lost,0,0,0,,
L0002217,20240826,CMP0006,Toronto,50,Lost,0,0,0,,
L0002218,20240930,CMP0010,Toronto,25,New,0,0,0,,
L0002219,20241028,CMP0016,Mississauga,61,Qualified,1,0,0,,
L0002220,20240505,CMP0006,Ottawa,48,New,0,0,0,,
L0002221,20240302,CMP0008,Mississauga,81,KYC Done,1,1,0,,
L0002222,20240110,CMP0003,Toronto,11,Lost,0,0,0,,
L0002223,20240223,CMP0012,Ottawa,93,Account Opened,1,1,1,,
L0002224,20240124,CMP0001,Toronto,15,New,0,0,0,,
L0002225,20241111,CMP0005,Toronto,47,New,0,0,0,,
L0002226,20240408,CMP0013,Windsor,40,New,0,0,0,,
L0002227,20241028,CMP0001,Ottawa,74,Account Opened,1,1,1,,
L0002228,20240721,CMP0018,Markham,69,Invested,1,1,1,INV000267,20240801
L0002229,20240716,CMP0008,Toronto,27,New,0,0,0,,
L0002230,20240615,CMP0008,Ottawa,54,New,0,0,0,,
L0002231,20241026,CMP0010,Toronto,58,Invested,1,1,1,INV000268,20241106
L0002232,20240116,CMP0012,Brampton,51,Invested,1,1,1,INV000269,20240220
L0002233,20240203,CMP0009,Markham,11,New,0,0,0,,
L0002234,20240603,CMP0016,Vaughan,26,New,0,0,0,,
L0002235,20240524,CMP0018,Ottawa,55,KYC Done,1,1,0,,
L0002236,20240718,CMP0004,Mississauga,33,Lost,0,0,0,,
L0002237,20240927,CMP0013,London,59,Qualified,1,0,0,,
L0002238,20240803,CMP0006,Hamilton,24,New,0,0,0,,
L0002239,20240404,CMP0018,Ottawa,76,Invested,1,1,1,INV000270,20240429
L0002240,20240429,CMP0005,Ottawa,26,New,0,0,0,,
L0002241,20241002,CMP0006,Ottawa,68,Account Opened,1,1,1,,
L0002242,20240314,CMP0013,Mississauga,85,Lost,1,0,0,,
L0002243,20240703,CMP0015,Ottawa,42,New,0,0,0,,
L0002244,20240716,CMP0003,Toronto,22,New,0,0,0,,
L0002245,20241001,CMP0011,Ottawa,10,New,0,0,0,,
L0002246,20240918,CMP0007,Ottawa,42,New,0,0,0,,
L0002247,20240619,CMP0012,Brampton,20,Lost,0,0,0,,
L0002248,20240423,CMP0011,Mississauga,89,Invested,1,1,1,INV000271,20240512
L0002249,20240514,CMP0018,Hamilton,97,Invested,1,1,1,INV000272,20240515
L0002250,20240530,CMP0017,Ottawa,98,Lost,1,1,0,,
L0002251,20240321,CMP0012,Toronto,93,Qualified,1,0,0,,
L0002252,20240816,CMP0013,Brampton,62,Lost,1,1,1,,
L0002253,20240317,CMP0017,Toronto,39,New,0,0,0,,
L0002254,20240825,CMP0004,Brampton,50,New,0,0,0,,
L0002255,20241002,CMP0014,Ottawa,33,New,0,0,0,,
L0002256,20241218,CMP0014,Brampton,85,Account Opened,1,1,1,,
L0002257,20240213,CMP0003,Brampton,49,New,0,0,0,,
L0002258,20241005,CMP0016,Mississauga,44,New,0,0,0,,
L0002259,20240201,CMP0013,Brampton,72,Qualified,1,0,0,,
L0002260,20240503,CMP0007,Toronto,43,New,0,0,0,,
L0002261,20240305,CMP0009,Windsor,42,New,0,0,0,,
L0002262,20240229,CMP0009,Ottawa,30,New,0,0,0,,
L0002263,20240305,CMP0017,Hamilton,16,New,0,0,0,,
L0002264,20240117,CMP0018,Toronto,13,New,0,0,0,,
L0002265,20241028,CMP0015,Kitchener,46,Invested,1,1,1,INV000273,20241209
L0002266,20240123,CMP0012,Ottawa,99,Invested,1,1,1,INV000274,20240131
L0002267,20240525,CMP0002,Brampton,33,New,0,0,0,,
L0002268,20240912,CMP0017,London,67,KYC Done,1,1,0,,
L0002269,20241228,CMP0003,Mississauga,39,Lost,0,0,0,,
L0002270,20241108,CMP0004,Kitchener,37,New,0,0,0,,
L0002271,20240220,CMP0002,Toronto,24,New,0,0,0,,
L0002272,20241227,CMP0018,Markham,60,KYC Done,1,1,0,,
L0002273,20240827,CMP0009,Windsor,69,Invested,1,1,1,INV000275,20241002
L0002274,20240306,CMP0005,Ottawa,41,New,0,0,0,,
L0002275,20240613,CMP0002,Vaughan,57,New,0,0,0,,
L0002276,20241201,CMP0008,Toronto,52,New,0,0,0,,
L0002277,20240523,CMP0014,Hamilton,34,New,0,0,0,,
L0002278,20240308,CMP0018,Brampton,72,Account Opened,1,1,1,,
L0002279,20241116,CMP0010,Brampton,59,Account Opened,1,1,1,,
L0002280,20241214,CMP0011,Ottawa,15,New,0,0,0,,
L0002281,20241223,CMP0016,Hamilton,54,Account Opened,1,1,1,,
L0002282,20241215,CMP0017,Hamilton,45,New,0,0,0,,
L0002283,20241115,CMP0006,Mississauga,81,Account Opened,1,1,1,,
L0002284,20240615,CMP0018,Brampton,37,New,0,0,0,,
L0002285,20240311,CMP0010,Mississauga,96,Account Opened,1,1,1,,
L0002286,20240813,CMP0017,Hamilton,65,Lost,1,1,1,,
L0002287,20240321,CMP0003,Toronto,21,New,0,0,0,,
L0002288,20240622,CMP0002,Brampton,46,New,0,0,0,,
L0002289,20240828,CMP0016,Windsor,89,KYC Done,1,1,0,,
L0002290,20241212,CMP0013,Windsor,32,New,0,0,0,,
L0002291,20240415,CMP0004,Ottawa,73,KYC Done,1,1,0,,
L0002292,20240402,CMP0017,Mississauga,80,KYC Done,1,1,0,,
L0002293,20240925,CMP0002,Hamilton,72,Account Opened,1,1,1,,
L0002294,20240103,CMP0013,Ottawa,18,New,0,0,0,,
L0002295,20240726,CMP0004,Toronto,43,New,0,0,0,,
L0002296,20240930,CMP0002,Windsor,41,New,0,0,0,,
L0002297,20240720,CMP0015,Mississauga,40,New,0,0,0,,
L0002298,20240520,CMP0016,Brampton,89,Invested,1,1,1,INV000276,20240528
L0002299,20241030,CMP0002,Ottawa,10,New,0,0,0,,
L0002300,20240515,CMP0002,Vaughan,58,Account Opened,1,1,1,,
L0002301,20240917,CMP0012,Markham,98,Qualified,1,0,0,,
L0002302,20240618,CMP0001,Toronto,88,Invested,1,1,1,INV000277,20240703
L0002303,20240110,CMP0014,London,64,Account Opened,1,1,1,,
L0002304,20240713,CMP0017,Vaughan,99,Qualified,1,0,0,,
L0002305,20240119,CMP0014,London,46,New,0,0,0,,
L0002306,20241206,CMP0005,Toronto,65,KYC Done,1,1,0,,
L0002307,20240808,CMP0004,Ottawa,58,Invested,1,1,1,INV000278,20240818
L0002308,20240516,CMP0013,Markham,14,Lost,0,0,0,,
L0002309,20240626,CMP0002,Toronto,13,New,0,0,0,,
L0002310,20240814,CMP0010,Ottawa,90,Account Opened,1,1,1,,
L0002311,20240405,CMP0009,Hamilton,25,New,0,0,0,,
L0002312,20240415,CMP0014,Hamilton,41,New,0,0,0,,
L0002313,20240602,CMP0004,Toronto,66,Qualified,1,0,0,,
L0002314,20240404,CMP0014,Mississauga,61,Qualified,1,0,0,,
L0002315,20241004,CMP0013,Ottawa,56,Qualified,1,0,0,,
L0002316,20240207,CMP0005,Toronto,98,Qualified,1,0,0,,
L0002317,20241029,CMP0007,Mississauga,80,Account Opened,1,1,1,,
L0002318,20240507,CMP0002,Brampton,94,Invested,1,1,1,INV000279,20240527
L0002319,20240724,CMP0009,Toronto,69,Lost,1,0,0,,
L0002320,20240227,CMP0005,Ottawa,98,Account Opened,1,1,1,,
L0002321,20240521,CMP0003,Windsor,64,Account Opened,1,1,1,,
L0002322,20241003,CMP0011,Brampton,58,Invested,1,1,1,INV000280,20241103
L0002323,20240409,CMP0011,Mississauga,83,KYC Done,1,1,0,,
L0002324,20240218,CMP0002,Mississauga,88,KYC Done,1,1,0,,
L0002325,20240710,CMP0004,Ottawa,16,Lost,0,0,0,,
L0002326,20240229,CMP0002,Ottawa,91,Account Opened,1,1,1,,
L0002327,20240425,CMP0013,Vaughan,72,Lost,1,1,1,,
L0002328,20240613,CMP0007,Hamilton,90,KYC Done,1,1,0,,
L0002329,20240725,CMP0002,Brampton,74,Invested,1,1,1,INV000281,20240904
L0002330,20240822,CMP0004,Brampton,93,KYC Done,1,1,0,,
L0002331,20240904,CMP0018,Ottawa,34,New,0,0,0,,
L0002332,20241105,CMP0005,Mississauga,26,New,0,0,0,,
L0002333,20240125,CMP0013,Brampton,27,New,0,0,0,,
L0002334,20240512,CMP0009,Mississauga,32,New,0,0,0,,
L0002335,20240101,CMP0004,Ottawa,29,New,0,0,0,,
L0002336,20240104,CMP0006,Ottawa,49,Account Opened,1,1,1,,
L0002337,20240318,CMP0001,Vaughan,27,New,0,0,0,,
L0002338,20240806,CMP0014,Mississauga,24,New,0,0,0,,
L0002339,20241123,CMP0007,Kitchener,57,Account Opened,1,1,1,,
L0002340,20241010,CMP0009,Ottawa,81,Qualified,1,0,0,,
L0002341,20240824,CMP0003,London,22,New,0,0,0,,
L0002342,20241011,CMP0015,Hamilton,56,KYC Done,1,1,0,,
L0002343,20240303,CMP0004,Markham,69,Lost,1,1,1,,
L0002344,20241103,CMP0011,Hamilton,73,Lost,1,1,0,,
L0002345,20241121,CMP0016,Toronto,19,New,0,0,0,,
L0002346,20240204,CMP0013,Brampton,76,Account Opened,1,1,1,,
L0002347,20240621,CMP0011,Kitchener,12,New,0,0,0,,
L0002348,20241030,CMP0016,Ottawa,31,New,0,0,0,,
L0002349,20240623,CMP0004,Markham,38,New,0,0,0,,
L0002350,20241103,CMP0018,Vaughan,86,Account Opened,1,1,1,,
L0002351,20241208,CMP0011,Mississauga,27,New,0,0,0,,
L0002352,20240622,CMP0008,Vaughan,80,Qualified,1,0,0,,
L0002353,20240122,CMP0005,Brampton,98,Account Opened,1,1,1,,
L0002354,20240504,CMP0014,Toronto,96,Account Opened,1,1,1,,
L0002355,20240319,CMP0018,London,37,New,0,0,0,,
L0002356,20240622,CMP0013,Markham,18,New,0,0,0,,
L0002357,20240802,CMP0001,Ottawa,29,New,0,0,0,,
L0002358,20240618,CMP0009,Toronto,79,Invested,1,1,1,INV000282,20240704
L0002359,20240312,CMP0014,Hamilton,27,New,0,0,0,,
L0002360,20240420,CMP0008,London,68,KYC Done,1,1,0,,
L0002361,20240905,CMP0014,Hamilton,43,New,0,0,0,,
L0002362,20240110,CMP0013,Brampton,79,Account Opened,1,1,1,,
L0002363,20240319,CMP0002,Brampton,64,Qualified,1,0,0,,
L0002364,20241122,CMP0011,Ottawa,62,KYC Done,1,1,0,,
L0002365,20240206,CMP0004,Toronto,80,Lost,1,1,1,,
L0002366,20240531,CMP0009,Vaughan,95,KYC Done,1,1,0,,
L0002367,20240316,CMP0007,Toronto,42,New,0,0,0,,
L0002368,20240208,CMP0015,Ottawa,57,Account Opened,1,1,1,,
L0002369,20240603,CMP0016,Vaughan,66,KYC Done,1,1,0,,
L0002370,20240709,CMP0009,Ottawa,84,Qualified,1,0,0,,
L0002371,20240305,CMP0010,Markham,53,KYC Done,1,1,0,,
L0002372,20240129,CMP0012,Mississauga,43,New,0,0,0,,
L0002373,20240219,CMP0012,Ottawa,86,KYC Done,1,1,0,,
L0002374,20240826,CMP0012,London,95,KYC Done,1,1,0,,
L0002375,20241110,CMP0015,Vaughan,61,Invested,1,1,1,INV000283,20241129
L0002376,20240306,CMP0018,Hamilton,19,New,0,0,0,,
L0002377,20240427,CMP0015,Mississauga,36,New,0,0,0,,
L0002378,20240505,CMP0003,Toronto,51,KYC Done,1,1,0,,
L0002379,20240512,CMP0009,Vaughan,73,Qualified,1,0,0,,
L0002380,20240330,CMP0009,Ottawa,70,Qualified,1,0,0,,
L0002381,20240121,CMP0010,Toronto,83,Account Opened,1,1,1,,
L0002382,20240711,CMP0010,Ottawa,12,New,0,0,0,,
L0002383,20240510,CMP0013,Toronto,51,KYC Done,1,1,0,,
L0002384,20240505,CMP0008,Toronto,73,KYC Done,1,1,0,,
L0002385,20240406,CMP0005,Kitchener,98,Account Opened,1,1,1,,
L0002386,20241206,CMP0009,Ottawa,22,New,0,0,0,,
L0002387,20240811,CMP0016,Mississauga,89,KYC Done,1,1,0,,
L0002388,20240602,CMP0006,Vaughan,10,New,0,0,0,,
L0002389,20240316,CMP0001,Windsor,27,New,0,0,0,,
L0002390,20241020,CMP0018,Vaughan,86,Invested,1,1,1,INV000284,20241117
L0002391,20241121,CMP0004,London,80,Invested,1,1,1,INV000285,20241124
L0002392,20240112,CMP0011,Windsor,97,Invested,1,1,1,INV000286,20240214
L0002393,20241206,CMP0015,Toronto,64,Account Opened,1,1,1,,
L0002394,20240912,CMP0005,Vaughan,65,Account Opened,1,1,1,,
L0002395,20240206,CMP0007,Brampton,58,KYC Done,1,1,0,,
L0002396,20241002,CMP0006,Toronto,56,Account Opened,1,1,1,,
L0002397,20240209,CMP0003,Toronto,56,New,0,0,0,,
L0002398,20240119,CMP0003,Toronto,36,New,0,0,0,,
L0002399,20240212,CMP0004,Markham,86,Invested,1,1,1,INV000287,20240224
L0002400,20240617,CMP0009,Vaughan,42,New,0,0,0,,
L0002401,20240814,CMP0010,Toronto,64,Account Opened,1,1,1,,
L0002402,20240529,CMP0001,Vaughan,70,Invested,1,1,1,INV000288,20240607
L0002403,20240214,CMP0016,London,58,KYC Done,1,1,0,,
L0002404,20240313,CMP0013,Toronto,65,Lost,1,1,0,,
L0002405,20241107,CMP0002,London,14,New,0,0,0,,
L0002406,20241218,CMP0016,Toronto,38,New,0,0,0,,
L0002407,20241003,CMP0001,Mississauga,50,Lost,0,0,0,,
L0002408,20240207,CMP0011,Ottawa,45,New,0,0,0,,
L0002409,20241027,CMP0009,Kitchener,91,Invested,1,1,1,INV000289,20241031
L0002410,20240910,CMP0010,Toronto,90,Lost,1,1,1,,
L0002411,20240711,CMP0018,Brampton,74,Account Opened,1,1,1,,
L0002412,20240222,CMP0017,Ottawa,41,New,0,0,0,,
L0002413,20241230,CMP0006,London,14,Lost,0,0,0,,
L0002414,20240610,CMP0011,Kitchener,77,Account Opened,1,1,1,,
L0002415,20240117,CMP0018,Ottawa,89,KYC Done,1,1,0,,
L0002416,20240317,CMP0014,Vaughan,54,Qualified,1,0,0,,
L0002417,20240526,CMP0016,Hamilton,84,KYC Done,1,1,0,,
L0002418,20240123,CMP0008,Toronto,93,KYC Done,1,1,0,,
L0002419,20240428,CMP0006,Ottawa,59,Invested,1,1,1,INV000290,20240530
L0002420,20240620,CMP0010,Mississauga,28,Lost,0,0,0,,
L0002421,20241213,CMP0015,London,12,New,0,0,0,,
L0002422,20240201,CMP0017,Mississauga,78,Qualified,1,0,0,,
L0002423,20240730,CMP0013,Mississauga,60,KYC Done,1,1,0,,
L0002424,20241201,CMP0013,Kitchener,23,New,0,0,0,,
L0002425,20241022,CMP0010,Kitchener,14,New,0,0,0,,
L0002426,20241204,CMP0006,Ottawa,97,Account Opened,1,1,1,,
L0002427,20240303,CMP0008,Markham,38,Lost,0,0,0,,
L0002428,20241020,CMP0009,Windsor,39,New,0,0,0,,
L0002429,20241224,CMP0015,Toronto,66,Qualified,1,0,0,,
L0002430,20240429,CMP0010,Hamilton,42,New,0,0,0,,
L0002431,20240701,CMP0015,Mississauga,92,KYC Done,1,1,0,,
L0002432,20240713,CMP0001,Markham,71,KYC Done,1,1,0,,
L0002433,20240629,CMP0014,Toronto,42,New,0,0,0,,
L0002434,20240416,CMP0010,Markham,33,Lost,0,0,0,,
L0002435,20241221,CMP0018,Toronto,87,Invested,1,1,1,INV000291,20241231
L0002436,20241216,CMP0009,Ottawa,63,Invested,1,1,1,INV000292,20241231
L0002437,20240519,CMP0009,Markham,92,Invested,1,1,1,INV000293,20240604
L0002438,20241021,CMP0003,Toronto,41,New,0,0,0,,
L0002439,20240525,CMP0015,Kitchener,11,New,0,0,0,,
L0002440,20241017,CMP0013,Toronto,90,Qualified,1,0,0,,
L0002441,20240802,CMP0016,Ottawa,31,New,0,0,0,,
L0002442,20240621,CMP0002,London,86,KYC Done,1,1,0,,
L0002443,20240216,CMP0004,Toronto,73,Qualified,1,0,0,,
L0002444,20240827,CMP0016,Hamilton,30,New,0,0,0,,
L0002445,20240427,CMP0001,Ottawa,78,Account Opened,1,1,1,,
L0002446,20240320,CMP0010,Hamilton,17,New,0,0,0,,
L0002447,20240311,CMP0008,Hamilton,45,New,0,0,0,,
L0002448,20241225,CMP0017,Brampton,42,Lost,0,0,0,,
L0002449,20240207,CMP0016,Mississauga,69,Account Opened,1,1,1,,
L0002450,20241019,CMP0017,Toronto,58,Qualified,1,0,0,,
L0002451,20241113,CMP0006,Kitchener,65,KYC Done,1,1,0,,
L0002452,20240112,CMP0011,Brampton,52,New,0,0,0,,
L0002453,20240803,CMP0013,Mississauga,76,Account Opened,1,1,1,,
L0002454,20240730,CMP0018,Toronto,24,New,0,0,0,,
L0002455,20240511,CMP0001,London,74,Lost,1,1,0,,
L0002456,20240901,CMP0018,Ottawa,14,New,0,0,0,,
L0002457,20240529,CMP0007,Toronto,17,New,0,0,0,,
L0002458,20240609,CMP0003,Vaughan,75,Qualified,1,0,0,,
L0002459,20240606,CMP0012,Kitchener,24,New,0,0,0,,
L0002460,20241020,CMP0015,Vaughan,79,Invested,1,1,1,INV000294,20241104
L0002461,20240819,CMP0003,Ottawa,21,New,0,0,0,,
L0002462,20240518,CMP0001,Brampton,23,New,0,0,0,,
L0002463,20241205,CMP0017,Toronto,93,Account Opened,1,1,1,,
L0002464,20241020,CMP0017,Brampton,25,New,0,0,0,,
L0002465,20241207,CMP0003,Hamilton,92,KYC Done,1,1,0,,
L0002466,20240924,CMP0017,Mississauga,41,New,0,0,0,,
L0002467,20240523,CMP0017,Ottawa,81,KYC Done,1,1,0,,
L0002468,20241009,CMP0018,Ottawa,94,Account Opened,1,1,1,,
L0002469,20240430,CMP0004,London,20,New,0,0,0,,
L0002470,20240409,CMP0011,Toronto,39,New,0,0,0,,
L0002471,20240614,CMP0018,Vaughan,61,Qualified,1,0,0,,
L0002472,20241220,CMP0017,Ottawa,87,KYC Done,1,1,0,,
L0002473,20240726,CMP0011,Hamilton,26,Lost,0,0,0,,
L0002474,20240520,CMP0004,Kitchener,26,New,0,0,0,,
L0002475,20240618,CMP0002,Toronto,43,New,0,0,0,,
L0002476,20240416,CMP0005,Vaughan,28,New,0,0,0,,
L0002477,20240829,CMP0002,Markham,34,Lost,0,0,0,,
L0002478,20240508,CMP0004,Windsor,21,New,0,0,0,,
L0002479,20240721,CMP0002,Brampton,84,Invested,1,1,1,INV000295,20240825
L0002480,20240515,CMP0014,Toronto,81,Invested,1,1,1,INV000296,20240524
L0002481,20240427,CMP0011,Toronto,23,New,0,0,0,,
L0002482,20241221,CMP0010,Markham,58,Invested,1,1,1,INV000297,20241231
L0002483,20240506,CMP0015,Toronto,68,Account Opened,1,1,1,,
L0002484,20240126,CMP0008,Mississauga,66,Lost,1,0,0,,
L0002485,20240518,CMP0008,Windsor,98,Lost,1,0,0,,
L0002486,20240713,CMP0004,Ottawa,67,Invested,1,1,1,INV000298,20240818
L0002487,20240204,CMP0009,Mississauga,71,Qualified,1,0,0,,
L0002488,20240421,CMP0004,London,12,New,0,0,0,,
L0002489,20240301,CMP0011,Mississauga,17,New,0,0,0,,
L0002490,20240702,CMP0018,Ottawa,65,Qualified,1,0,0,,
L0002491,20240921,CMP0010,Toronto,91,Invested,1,1,1,INV000299,20241009
L0002492,20241220,CMP0006,Ottawa,45,New,0,0,0,,
L0002493,20240522,CMP0013,Toronto,67,Invested,1,1,1,INV000300,20240703
L0002494,20241111,CMP0015,Markham,28,New,0,0,0,,
L0002495,20240319,CMP0009,Brampton,51,Invested,1,1,1,INV000301,20240407
L0002496,20241012,CMP0005,Mississauga,77,Lost,1,1,0,,
L0002497,20240724,CMP0013,Windsor,69,Account Opened,1,1,1,,
L0002498,20241004,CMP0004,Markham,20,New,0,0,0,,
L0002499,20241003,CMP0018,Ottawa,89,Account Opened,1,1,1,,
L0002500,20240713,CMP0006,Kitchener,93,Qualified,1,0,0,,
L0002501,20240404,CMP0007,Toronto,52,New,0,0,0,,
L0002502,20240711,CMP0014,Ottawa,40,New,0,0,0,,
L0002503,20241029,CMP0001,Kitchener,57,New,0,0,0,,
L0002504,20241221,CMP0004,Ottawa,82,Qualified,1,0,0,,
L0002505,20241205,CMP0003,Mississauga,50,New,0,0,0,,
L0002506,20240307,CMP0008,Markham,12,New,0,0,0,,
L0002507,20240806,CMP0010,Toronto,16,New,0,0,0,,
L0002508,20240208,CMP0004,Toronto,83,Lost,1,0,0,,
L0002509,20240901,CMP0007,London,80,Qualified,1,0,0,,
L0002510,20241229,CMP0014,Toronto,79,Qualified,1,0,0,,
L0002511,20240120,CMP0017,Toronto,21,Lost,0,0,0,,
L0002512,20240828,CMP0001,Brampton,25,New,0,0,0,,
L0002513,20241212,CMP0012,Brampton,45,New,0,0,0,,
L0002514,20241106,CMP0001,Ottawa,30,New,0,0,0,,
L0002515,20240523,CMP0010,London,44,New,0,0,0,,
L0002516,20240208,CMP0016,Ottawa,60,Qualified,1,0,0,,
L0002517,20241204,CMP0015,London,35,New,0,0,0,,
L0002518,20241203,CMP0005,Toronto,21,New,0,0,0,,
L0002519,20240730,CMP0005,Mississauga,46,New,0,0,0,,
L0002520,20241224,CMP0015,Windsor,75,KYC Done,1,1,0,,
L0002521,20240102,CMP0015,Brampton,65,Invested,1,1,1,INV000302,20240212
L0002522,20240813,CMP0006,Mississauga,38,Lost,0,0,0,,
L0002523,20240115,CMP0001,Windsor,38,Lost,0,0,0,,
L0002524,20241208,CMP0009,Brampton,62,Account Opened,1,1,1,,
L0002525,20240906,CMP0012,Ottawa,25,New,0,0,0,,
L0002526,20241130,CMP0008,Mississauga,85,Account Opened,1,1,1,,
L0002527,20240724,CMP0017,Hamilton,88,Account Opened,1,1,1,,
L0002528,20240131,CMP0015,Toronto,12,New,0,0,0,,
L0002529,20240110,CMP0015,Hamilton,97,Invested,1,1,1,INV000303,20240202
L0002530,20240502,CMP0001,London,12,New,0,0,0,,
L0002531,20240929,CMP0016,Hamilton,51,Lost,0,0,0,,
L0002532,20240225,CMP0014,Toronto,70,Account Opened,1,1,1,,
L0002533,20241107,CMP0008,Toronto,39,New,0,0,0,,
L0002534,20240328,CMP0011,Vaughan,28,New,0,0,0,,
L0002535,20240630,CMP0015,Kitchener,14,New,0,0,0,,
L0002536,20240315,CMP0017,Toronto,75,Account Opened,1,1,1,,
L0002537,20240619,CMP0010,Brampton,13,New,0,0,0,,
L0002538,20240614,CMP0001,Hamilton,53,New,0,0,0,,
L0002539,20240103,CMP0012,Markham,45,New,0,0,0,,
L0002540,20240726,CMP0013,Kitchener,97,Lost,1,0,0,,
L0002541,20241014,CMP0002,London,93,Account Opened,1,1,1,,
L0002542,20241208,CMP0015,Toronto,83,Lost,1,1,1,,
L0002543,20240501,CMP0004,Markham,75,KYC Done,1,1,0,,
L0002544,20241118,CMP0017,Vaughan,58,Invested,1,1,1,INV000304,20241225
L0002545,20241117,CMP0010,Brampton,41,New,0,0,0,,
L0002546,20241227,CMP0006,Ottawa,24,New,0,0,0,,
L0002547,20240516,CMP0002,Toronto,97,Lost,1,1,1,,
L0002548,20241107,CMP0001,Mississauga,44,New,0,0,0,,
L0002549,20240725,CMP0014,Vaughan,48,Account Opened,1,1,1,,
L0002550,20240122,CMP0007,Toronto,22,New,0,0,0,,
L0002551,20240408,CMP0016,Markham,34,New,0,0,0,,
L0002552,20240902,CMP0005,Toronto,67,Qualified,1,0,0,,
L0002553,20240228,CMP0017,Mississauga,48,New,0,0,0,,
L0002554,20240608,CMP0017,Hamilton,62,Account Opened,1,1,1,,
L0002555,20241010,CMP0002,Toronto,29,New,0,0,0,,
L0002556,20240224,CMP0012,Hamilton,17,New,0,0,0,,
L0002557,20240630,CMP0017,Mississauga,89,Invested,1,1,1,INV000305,20240731
L0002558,20240319,CMP0006,London,48,New,0,0,0,,
L0002559,20240715,CMP0002,Windsor,42,New,0,0,0,,
L0002560,20240329,CMP0016,Brampton,35,New,0,0,0,,
L0002561,20241219,CMP0009,Toronto,69,Qualified,1,0,0,,
L0002562,20240129,CMP0001,Vaughan,60,Invested,1,1,1,INV000306,20240313
L0002563,20241218,CMP0016,Mississauga,45,Lost,0,0,0,,
L0002564,20241016,CMP0013,Toronto,93,Lost,1,1,0,,
L0002565,20241109,CMP0002,Vaughan,91,KYC Done,1,1,0,,
L0002566,20241107,CMP0005,Mississauga,27,New,0,0,0,,
L0002567,20240309,CMP0001,Hamilton,67,Invested,1,1,1,INV000307,20240323
L0002568,20241206,CMP0018,Mississauga,97,Account Opened,1,1,1,,
L0002569,20240805,CMP0001,London,53,New,0,0,0,,
L0002570,20241218,CMP0015,Hamilton,12,New,0,0,0,,
L0002571,20241117,CMP0010,Ottawa,21,New,0,0,0,,
L0002572,20240731,CMP0011,Ottawa,70,Invested,1,1,1,INV000308,20240822
L0002573,20240517,CMP0015,Mississauga,91,Invested,1,1,1,INV000309,20240629
L0002574,20240212,CMP0017,Toronto,21,Lost,0,0,0,,
L0002575,20240207,CMP0003,Markham,59,KYC Done,1,1,0,,
L0002576,20240522,CMP0001,Vaughan,54,KYC Done,1,1,0,,
L0002577,20241023,CMP0003,Markham,35,New,0,0,0,,
L0002578,20240703,CMP0013,London,66,Invested,1,1,1,INV000310,20240710
L0002579,20240625,CMP0011,Ottawa,89,Lost,1,0,0,,
L0002580,20240330,CMP0002,Hamilton,31,New,0,0,0,,
L0002581,20240725,CMP0005,London,14,New,0,0,0,,
L0002582,20240821,CMP0010,Toronto,42,New,0,0,0,,
L0002583,20241225,CMP0014,Brampton,38,New,0,0,0,,
L0002584,20240923,CMP0007,Mississauga,75,Account Opened,1,1,1,,
L0002585,20240810,CMP0018,Brampton,58,Account Opened,1,1,1,,
L0002586,20241129,CMP0018,London,11,New,0,0,0,,
L0002587,20240604,CMP0014,Brampton,40,New,0,0,0,,
L0002588,20241208,CMP0009,London,76,KYC Done,1,1,0,,
L0002589,20240515,CMP0016,Windsor,52,New,0,0,0,,
L0002590,20240216,CMP0014,Kitchener,60,Account Opened,1,1,1,,
L0002591,20240601,CMP0010,Markham,33,New,0,0,0,,
L0002592,20240217,CMP0008,Vaughan,38,New,0,0,0,,
L0002593,20240213,CMP0015,Brampton,21,New,0,0,0,,
L0002594,20241118,CMP0011,London,17,New,0,0,0,,
L0002595,20241017,CMP0004,Hamilton,13,New,0,0,0,,
L0002596,20240321,CMP0018,Windsor,66,Invested,1,1,1,INV000311,20240410
L0002597,20241102,CMP0002,Ottawa,24,New,0,0,0,,
L0002598,20240126,CMP0013,Brampton,61,Invested,1,1,1,INV000312,20240303
L0002599,20240414,CMP0012,Markham,95,KYC Done,1,1,0,,
L0002600,20240915,CMP0011,London,72,Invested,1,1,1,INV000313,20241029
L0002601,20240421,CMP0001,Toronto,61,Account Opened,1,1,1,,
L0002602,20240924,CMP0009,Hamilton,20,Lost,0,0,0,,
L0002603,20241116,CMP0017,Hamilton,54,Qualified,1,0,0,,
L0002604,20240125,CMP0005,Hamilton,90,Account Opened,1,1,1,,
L0002605,20240109,CMP0013,Kitchener,44,New,0,0,0,,
L0002606,20241210,CMP0016,Hamilton,84,Account Opened,1,1,1,,
L0002607,20240709,CMP0018,Vaughan,73,Invested,1,1,1,INV000314,20240814
L0002608,20240704,CMP0010,Brampton,34,New,0,0,0,,
L0002609,20240618,CMP0006,Toronto,22,New,0,0,0,,
L0002610,20240607,CMP0013,Brampton,11,New,0,0,0,,
L0002611,20240909,CMP0009,Ottawa,34,New,0,0,0,,
L0002612,20240731,CMP0012,Markham,39,New,0,0,0,,
L0002613,20240229,CMP0014,Hamilton,69,KYC Done,1,1,0,,
L0002614,20240817,CMP0013,Ottawa,61,Qualified,1,0,0,,
L0002615,20240901,CMP0005,Ottawa,53,New,0,0,0,,
L0002616,20240211,CMP0014,Windsor,75,Invested,1,1,1,INV000315,20240229
L0002617,20240517,CMP0010,Toronto,79,Account Opened,1,1,1,,
L0002618,20241016,CMP0017,Toronto,74,Account Opened,1,1,1,,
L0002619,20240814,CMP0012,Hamilton,90,Lost,1,1,0,,
L0002620,20240219,CMP0017,London,42,New,0,0,0,,
L0002621,20240115,CMP0018,Brampton,84,Qualified,1,0,0,,
L0002622,20240731,CMP0018,Toronto,47,New,0,0,0,,
L0002623,20240617,CMP0014,Ottawa,26,New,0,0,0,,
L0002624,20241217,CMP0011,Toronto,23,New,0,0,0,,
L0002625,20240710,CMP0003,Toronto,18,Lost,0,0,0,,
L0002626,20241206,CMP0007,Brampton,96,Account Opened,1,1,1,,
L0002627,20240319,CMP0009,Toronto,25,New,0,0,0,,
L0002628,20240612,CMP0015,Brampton,85,Qualified,1,0,0,,
L0002629,20240221,CMP0011,Markham,80,Qualified,1,0,0,,
L0002630,20240729,CMP0008,Toronto,49,KYC Done,1,1,0,,
L0002631,20240309,CMP0003,Ottawa,92,Invested,1,1,1,INV000316,20240411
L0002632,20240629,CMP0013,Ottawa,91,Qualified,1,0,0,,
L0002633,20240505,CMP0008,Toronto,93,KYC Done,1,1,0,,
L0002634,20240308,CMP0001,London,54,Account Opened,1,1,1,,
L0002635,20240205,CMP0006,Toronto,36,New,0,0,0,,
L0002636,20240706,CMP0016,Kitchener,13,New,0,0,0,,
L0002637,20241212,CMP0003,Hamilton,85,Qualified,1,0,0,,
L0002638,20240313,CMP0008,Mississauga,88,Invested,1,1,1,INV000317,20240416
L0002639,20240528,CMP0010,Kitchener,58,Lost,1,1,1,,
L0002640,20240323,CMP0002,Brampton,16,Lost,0,0,0,,
L0002641,20241023,CMP0003,Mississauga,84,Account Opened,1,1,1,,
L0002642,20240531,CMP0017,Brampton,36,New,0,0,0,,
L0002643,20241222,CMP0011,Hamilton,59,Invested,1,1,1,INV000318,20241231
L0002644,20240330,CMP0004,London,69,Qualified,1,0,0,,
L0002645,20240130,CMP0004,Hamilton,23,New,0,0,0,,
L0002646,20240801,CMP0008,Kitchener,15,New,0,0,0,,
L0002647,20240826,CMP0014,Kitchener,17,Lost,0,0,0,,
L0002648,20241228,CMP0014,Toronto,96,KYC Done,1,1,0,,
L0002649,20241114,CMP0004,Kitchener,96,Account Opened,1,1,1,,
L0002650,20241119,CMP0014,Toronto,48,New,0,0,0,,
L0002651,20240820,CMP0017,Kitchener,48,New,0,0,0,,
L0002652,20240511,CMP0005,Mississauga,46,Lost,0,0,0,,
L0002653,20240606,CMP0001,Mississauga,41,New,0,0,0,,
L0002654,20240218,CMP0018,Brampton,58,Account Opened,1,1,1,,
L0002655,20240606,CMP0010,Toronto,42,Lost,0,0,0,,
L0002656,20240513,CMP0014,Markham,65,Account Opened,1,1,1,,
L0002657,20240114,CMP0006,Toronto,44,Lost,0,0,0,,
L0002658,20240315,CMP0006,Brampton,66,Account Opened,1,1,1,,
L0002659,20240714,CMP0005,Kitchener,95,Qualified,1,0,0,,
L0002660,20240515,CMP0004,Hamilton,28,New,0,0,0,,
L0002661,20241229,CMP0009,Hamilton,15,New,0,0,0,,
L0002662,20240624,CMP0002,Windsor,57,Invested,1,1,1,INV000319,20240725
L0002663,20241216,CMP0016,Toronto,20,New,0,0,0,,
L0002664,20240829,CMP0010,Mississauga,30,New,0,0,0,,
L0002665,20240115,CMP0017,Toronto,81,Lost,1,1,0,,
L0002666,20240315,CMP0010,Toronto,47,Lost,1,1,1,,
L0002667,20240915,CMP0006,Toronto,59,Qualified,1,0,0,,
L0002668,20240718,CMP0010,Hamilton,79,Invested,1,1,1,INV000320,20240727
L0002669,20240420,CMP0003,Mississauga,21,New,0,0,0,,
L0002670,20240710,CMP0015,Hamilton,53,New,0,0,0,,
L0002671,20241126,CMP0013,London,13,New,0,0,0,,
L0002672,20240522,CMP0003,Brampton,54,New,0,0,0,,
L0002673,20240117,CMP0011,Ottawa,30,New,0,0,0,,
L0002674,20240423,CMP0010,Toronto,92,Account Opened,1,1,1,,
L0002675,20241208,CMP0004,London,33,New,0,0,0,,
L0002676,20241005,CMP0003,Brampton,28,New,0,0,0,,
L0002677,20241102,CMP0014,Markham,11,New,0,0,0,,
L0002678,20241129,CMP0005,Ottawa,21,New,0,0,0,,
L0002679,20240213,CMP0010,London,29,New,0,0,0,,
L0002680,20240413,CMP0005,Brampton,30,New,0,0,0,,
L0002681,20240122,CMP0012,Brampton,76,Account Opened,1,1,1,,
L0002682,20240102,CMP0001,Brampton,89,Account Opened,1,1,1,,
L0002683,20241101,CMP0007,Hamilton,86,Account Opened,1,1,1,,
L0002684,20241208,CMP0010,Ottawa,96,Account Opened,1,1,1,,
L0002685,20240227,CMP0008,Markham,90,KYC Done,1,1,0,,
L0002686,20240921,CMP0012,Toronto,50,Qualified,1,0,0,,
L0002687,20240714,CMP0004,Kitchener,45,Account Opened,1,1,1,,
L0002688,20240126,CMP0008,Kitchener,68,KYC Done,1,1,0,,
L0002689,20241201,CMP0014,Mississauga,38,New,0,0,0,,
L0002690,20241114,CMP0007,Toronto,64,Account Opened,1,1,1,,
L0002691,20240726,CMP0003,Ottawa,99,Qualified,1,0,0,,
L0002692,20240916,CMP0016,Toronto,27,Lost,0,0,0,,
L0002693,20240525,CMP0015,Mississauga,79,Invested,1,1,1,INV000321,20240527
L0002694,20241017,CMP0013,Ottawa,94,Account Opened,1,1,1,,
L0002695,20240611,CMP0015,Hamilton,58,Qualified,1,0,0,,
L0002696,20241228,CMP0015,Toronto,42,New,0,0,0,,
L0002697,20240124,CMP0014,Kitchener,32,New,0,0,0,,
L0002698,20240304,CMP0010,Toronto,25,New,0,0,0,,
L0002699,20241220,CMP0001,Toronto,38,New,0,0,0,,
L0002700,20240415,CMP0011,Toronto,77,Qualified,1,0,0,,
L0002701,20240423,CMP0005,Kitchener,56,Qualified,1,0,0,,
L0002702,20241016,CMP0014,Vaughan,29,New,0,0,0,,
L0002703,20240310,CMP0009,Toronto,58,Lost,1,1,0,,
L0002704,20240706,CMP0017,London,82,Qualified,1,0,0,,
L0002705,20240414,CMP0011,Toronto,11,Lost,0,0,0,,
L0002706,20240313,CMP0010,Toronto,11,New,0,0,0,,
L0002707,20241218,CMP0017,Toronto,96,Lost,1,1,1,,
L0002708,20240314,CMP0009,Markham,77,KYC Done,1,1,0,,
L0002709,20240204,CMP0007,Brampton,61,Account Opened,1,1,1,,
L0002710,20240903,CMP0007,Ottawa,91,KYC Done,1,1,0,,
L0002711,20241113,CMP0016,Toronto,63,Invested,1,1,1,INV000322,20241226
L0002712,20240216,CMP0014,Kitchener,56,Qualified,1,0,0,,
L0002713,20240916,CMP0003,Windsor,29,New,0,0,0,,
L0002714,20240716,CMP0009,Mississauga,82,Account Opened,1,1,1,,
L0002715,20241030,CMP0007,Hamilton,78,Invested,1,1,1,INV000323,20241031
L0002716,20240216,CMP0012,Hamilton,36,Lost,0,0,0,,
L0002717,20241223,CMP0001,Windsor,76,Account Opened,1,1,1,,
L0002718,20240814,CMP0013,Ottawa,75,Invested,1,1,1,INV000324,20240828
L0002719,20241104,CMP0014,Mississauga,18,New,0,0,0,,
L0002720,20240512,CMP0005,Brampton,24,New,0,0,0,,
L0002721,20241211,CMP0003,Hamilton,63,Qualified,1,0,0,,
L0002722,20240817,CMP0012,Ottawa,66,KYC Done,1,1,0,,
L0002723,20240216,CMP0005,Toronto,69,Account Opened,1,1,1,,
L0002724,20241203,CMP0017,Markham,43,New,0,0,0,,
L0002725,20241018,CMP0014,Vaughan,85,Qualified,1,0,0,,
L0002726,20240419,CMP0018,Ottawa,50,New,0,0,0,,
L0002727,20240718,CMP0010,Ottawa,28,New,0,0,0,,
L0002728,20240522,CMP0017,Ottawa,20,New,0,0,0,,
L0002729,20240717,CMP0001,Ottawa,88,KYC Done,1,1,0,,
L0002730,20241219,CMP0006,Toronto,73,Qualified,1,0,0,,
L0002731,20241125,CMP0001,Brampton,51,Account Opened,1,1,1,,
L0002732,20240319,CMP0013,Ottawa,28,New,0,0,0,,
L0002733,20241221,CMP0010,Windsor,18,New,0,0,0,,
L0002734,20240609,CMP0006,Toronto,23,New,0,0,0,,
L0002735,20240914,CMP0006,Mississauga,19,New,0,0,0,,
L0002736,20241006,CMP0012,Ottawa,57,Account Opened,1,1,1,,
L0002737,20240625,CMP0004,Vaughan,27,New,0,0,0,,
L0002738,20240616,CMP0010,Ottawa,21,Lost,0,0,0,,
L0002739,20240616,CMP0012,Mississauga,35,New,0,0,0,,
L0002740,20241111,CMP0005,Ottawa,72,Qualified,1,0,0,,
L0002741,20240521,CMP0005,Mississauga,54,Invested,1,1,1,INV000325,20240603
L0002742,20240412,CMP0007,Ottawa,23,Lost,0,0,0,,
L0002743,20240512,CMP0011,London,77,Invested,1,1,1,INV000326,20240523
L0002744,20240312,CMP0005,Ottawa,54,Invested,1,1,1,INV000327,20240415
L0002745,20240523,CMP0007,Hamilton,26,New,0,0,0,,
L0002746,20240211,CMP0010,Toronto,72,Account Opened,1,1,1,,
L0002747,20240202,CMP0004,Hamilton,99,Account Opened,1,1,1,,
L0002748,20240921,CMP0011,Windsor,58,KYC Done,1,1,0,,
L0002749,20240129,CMP0003,Ottawa,24,New,0,0,0,,
L0002750,20240726,CMP0003,Markham,37,New,0,0,0,,
L0002751,20241012,CMP0005,Ottawa,63,Invested,1,1,1,INV000328,20241122
L0002752,20240922,CMP0006,London,99,Lost,1,1,0,,
L0002753,20240612,CMP0001,Mississauga,93,Account Opened,1,1,1,,
L0002754,20240311,CMP0018,Windsor,93,Lost,1,1,0,,
L0002755,20241206,CMP0006,Toronto,84,Invested,1,1,1,INV000329,20241208
L0002756,20241101,CMP0015,Toronto,61,Account Opened,1,1,1,,
L0002757,20240812,CMP0017,Toronto,68,Qualified,1,0,0,,
L0002758,20240201,CMP0015,Ottawa,76,KYC Done,1,1,0,,
L0002759,20240113,CMP0015,Hamilton,74,Qualified,1,0,0,,
L0002760,20240425,CMP0002,Hamilton,67,Invested,1,1,1,INV000330,20240523
L0002761,20240227,CMP0007,Toronto,22,New,0,0,0,,
L0002762,20241110,CMP0014,Hamilton,89,KYC Done,1,1,0,,
L0002763,20240316,CMP0011,Toronto,10,New,0,0,0,,
L0002764,20240413,CMP0001,London,48,New,0,0,0,,
L0002765,20241223,CMP0011,Mississauga,49,New,0,0,0,,
L0002766,20241026,CMP0015,Brampton,99,Lost,1,1,0,,
L0002767,20240321,CMP0015,Brampton,18,New,0,0,0,,
L0002768,20240520,CMP0007,Brampton,52,Account Opened,1,1,1,,
L0002769,20240707,CMP0005,London,42,Lost,0,0,0,,
L0002770,20240831,CMP0006,Windsor,18,New,0,0,0,,
L0002771,20241208,CMP0006,Ottawa,30,New,0,0,0,,
L0002772,20241114,CMP0007,Brampton,47,New,0,0,0,,
L0002773,20241223,CMP0006,Mississauga,92,Qualified,1,0,0,,
L0002774,20240115,CMP0009,Hamilton,44,New,0,0,0,,
L0002775,20240327,CMP0001,Ottawa,89,Invested,1,1,1,INV000331,20240410
L0002776,20240725,CMP0005,Markham,76,Qualified,1,0,0,,
L0002777,20240118,CMP0006,Hamilton,83,Account Opened,1,1,1,,
L0002778,20240510,CMP0003,Brampton,86,Account Opened,1,1,1,,
L0002779,20240226,CMP0016,Kitchener,74,Qualified,1,0,0,,
L0002780,20241207,CMP0013,Toronto,76,Invested,1,1,1,INV000332,20241225
L0002781,20240124,CMP0017,London,23,New,0,0,0,,
L0002782,20240224,CMP0011,Brampton,74,Invested,1,1,1,INV000333,20240320
L0002783,20240312,CMP0002,Toronto,14,Lost,0,0,0,,
L0002784,20240224,CMP0017,Toronto,76,Account Opened,1,1,1,,
L0002785,20240727,CMP0009,Hamilton,68,KYC Done,1,1,0,,
L0002786,20240513,CMP0013,Toronto,78,KYC Done,1,1,0,,
L0002787,20241129,CMP0007,Vaughan,67,Invested,1,1,1,INV000334,20241231
L0002788,20240405,CMP0009,Mississauga,43,New,0,0,0,,
L0002789,20240715,CMP0009,Brampton,43,New,0,0,0,,
L0002790,20240829,CMP0006,Hamilton,63,Account Opened,1,1,1,,
L0002791,20240817,CMP0010,Mississauga,52,Account Opened,1,1,1,,
L0002792,20241018,CMP0014,Toronto,40,New,0,0,0,,
L0002793,20240314,CMP0001,Ottawa,54,Invested,1,1,1,INV000335,20240401
L0002794,20240704,CMP0003,Ottawa,58,Account Opened,1,1,1,,
L0002795,20241020,CMP0016,Ottawa,31,New,0,0,0,,
L0002796,20241111,CMP0011,Ottawa,67,Invested,1,1,1,INV000336,20241205
L0002797,20240814,CMP0018,Hamilton,38,New,0,0,0,,
L0002798,20240826,CMP0011,Vaughan,34,Lost,0,0,0,,
L0002799,20241112,CMP0012,Brampton,47,New,0,0,0,,
L0002800,20240816,CMP0017,Markham,19,New,0,0,0,,
L0002801,20241213,CMP0012,Toronto,64,Qualified,1,0,0,,
L0002802,20240216,CMP0006,Ottawa,76,Invested,1,1,1,INV000337,20240301
L0002803,20240507,CMP0010,Brampton,96,Invested,1,1,1,INV000338,20240618
L0002804,20240211,CMP0005,Ottawa,35,New,0,0,0,,
L0002805,20240203,CMP0007,Toronto,58,Account Opened,1,1,1,,
L0002806,20240621,CMP0013,Toronto,55,New,0,0,0,,
L0002807,20240323,CMP0003,Mississauga,75,Lost,1,1,1,,
L0002808,20240529,CMP0013,Mississauga,66,KYC Done,1,1,0,,
L0002809,20240609,CMP0011,Brampton,82,Account Opened,1,1,1,,
L0002810,20240815,CMP0006,Ottawa,86,Lost,1,1,1,,
L0002811,20241212,CMP0001,Mississauga,20,New,0,0,0,,
L0002812,20241106,CMP0013,Hamilton,41,New,0,0,0,,
L0002813,20240518,CMP0015,Brampton,68,Account Opened,1,1,1,,
L0002814,20240429,CMP0014,Toronto,58,Account Opened,1,1,1,,
L0002815,20241009,CMP0008,Mississauga,53,New,0,0,0,,
L0002816,20240215,CMP0012,Ottawa,25,New,0,0,0,,
L0002817,20240716,CMP0008,Hamilton,61,Invested,1,1,1,INV000339,20240822
L0002818,20240603,CMP0007,Markham,76,Qualified,1,0,0,,
L0002819,20240307,CMP0006,Mississauga,13,New,0,0,0,,
L0002820,20240813,CMP0004,Ottawa,63,Account Opened,1,1,1,,
L0002821,20240427,CMP0018,Ottawa,91,Account Opened,1,1,1,,
L0002822,20240308,CMP0012,Vaughan,61,Account Opened,1,1,1,,
L0002823,20240827,CMP0004,London,95,Qualified,1,0,0,,
L0002824,20240304,CMP0016,Toronto,41,New,0,0,0,,
L0002825,20240903,CMP0003,Kitchener,10,New,0,0,0,,
L0002826,20240229,CMP0011,Brampton,71,Invested,1,1,1,INV000340,20240409
L0002827,20240608,CMP0003,Kitchener,29,New,0,0,0,,
L0002828,20241022,CMP0007,Mississauga,10,New,0,0,0,,
L0002829,20240324,CMP0012,Ottawa,26,New,0,0,0,,
L0002830,20241007,CMP0018,Ottawa,94,Account Opened,1,1,1,,
L0002831,20240921,CMP0018,Toronto,80,Qualified,1,0,0,,
L0002832,20241126,CMP0017,London,34,New,0,0,0,,
L0002833,20240302,CMP0005,Toronto,63,Invested,1,1,1,INV000341,20240408
L0002834,20240918,CMP0002,Toronto,40,New,0,0,0,,
L0002835,20241208,CMP0017,Mississauga,25,Lost,0,0,0,,
L0002836,20241006,CMP0017,Windsor,98,Account Opened,1,1,1,,
L0002837,20240309,CMP0006,Windsor,83,Qualified,1,0,0,,
L0002838,20241027,CMP0001,Ottawa,42,Lost,0,0,0,,
L0002839,20240209,CMP0012,Ottawa,41,New,0,0,0,,
L0002840,20240803,CMP0002,Toronto,83,Qualified,1,0,0,,
L0002841,20240701,CMP0001,Brampton,51,New,0,0,0,,
L0002842,20240713,CMP0017,Windsor,43,New,0,0,0,,
L0002843,20240709,CMP0009,Markham,44,New,0,0,0,,
L0002844,20240112,CMP0003,London,50,New,0,0,0,,
L0002845,20240704,CMP0012,Mississauga,56,Account Opened,1,1,1,,
L0002846,20241208,CMP0007,Markham,13,New,0,0,0,,
L0002847,20240608,CMP0010,Windsor,53,Qualified,1,0,0,,
L0002848,20240411,CMP0017,Windsor,49,New,0,0,0,,
L0002849,20241230,CMP0005,Hamilton,34,New,0,0,0,,
L0002850,20240206,CMP0012,Toronto,41,New,0,0,0,,
L0002851,20240626,CMP0015,Windsor,48,Invested,1,1,1,INV000342,20240727
L0002852,20240706,CMP0008,Ottawa,42,New,0,0,0,,
L0002853,20240623,CMP0018,Toronto,91,KYC Done,1,1,0,,
L0002854,20241203,CMP0009,Toronto,57,KYC Done,1,1,0,,
L0002855,20240603,CMP0009,Ottawa,55,New,0,0,0,,
L0002856,20241222,CMP0016,Markham,33,New,0,0,0,,
L0002857,20240125,CMP0012,Kitchener,92,Account Opened,1,1,1,,
L0002858,20240925,CMP0016,Kitchener,12,New,0,0,0,,
L0002859,20240805,CMP0015,Ottawa,59,Account Opened,1,1,1,,
L0002860,20240329,CMP0013,Windsor,25,Lost,0,0,0,,
L0002861,20240324,CMP0005,Toronto,79,Account Opened,1,1,1,,
L0002862,20240920,CMP0008,Toronto,44,New,0,0,0,,
L0002863,20240821,CMP0016,Toronto,36,New,0,0,0,,
L0002864,20240811,CMP0012,Markham,15,New,0,0,0,,
L0002865,20240119,CMP0006,Kitchener,81,Qualified,1,0,0,,
L0002866,20240806,CMP0006,Markham,45,New,0,0,0,,
L0002867,20241225,CMP0014,Kitchener,33,Lost,0,0,0,,
L0002868,20240107,CMP0004,Ottawa,85,Account Opened,1,1,1,,
L0002869,20240620,CMP0003,Markham,11,New,0,0,0,,
L0002870,20240629,CMP0014,Mississauga,52,Account Opened,1,1,1,,
L0002871,20241124,CMP0006,Markham,24,New,0,0,0,,
L0002872,20240413,CMP0014,London,21,New,0,0,0,,
L0002873,20240623,CMP0010,Brampton,11,New,0,0,0,,
L0002874,20240919,CMP0018,Toronto,26,New,0,0,0,,
L0002875,20240123,CMP0010,Mississauga,95,Account Opened,1,1,1,,
L0002876,20241020,CMP0016,Vaughan,50,Lost,0,0,0,,
L0002877,20241027,CMP0016,Hamilton,99,KYC Done,1,1,0,,
L0002878,20240920,CMP0004,Brampton,34,New,0,0,0,,
L0002879,20240825,CMP0018,Kitchener,78,Qualified,1,0,0,,
L0002880,20240930,CMP0014,Brampton,18,New,0,0,0,,
L0002881,20241013,CMP0002,Mississauga,19,New,0,0,0,,
L0002882,20241126,CMP0001,Markham,11,New,0,0,0,,
L0002883,20240605,CMP0005,Brampton,90,Lost,1,1,1,,
L0002884,20240615,CMP0001,Ottawa,70,Lost,1,1,0,,
L0002885,20240821,CMP0007,London,76,Account Opened,1,1,1,,
L0002886,20240311,CMP0018,Brampton,93,Account Opened,1,1,1,,
L0002887,20241109,CMP0009,Mississauga,39,Lost,0,0,0,,
L0002888,20241009,CMP0001,Toronto,75,Lost,1,0,0,,
L0002889,20240818,CMP0009,Vaughan,55,Lost,1,1,0,,
L0002890,20240420,CMP0004,Ottawa,58,KYC Done,1,1,0,,
L0002891,20240507,CMP0016,Vaughan,69,Qualified,1,0,0,,
L0002892,20240608,CMP0002,Hamilton,52,New,0,0,0,,
L0002893,20240830,CMP0014,Toronto,12,Lost,0,0,0,,
L0002894,20241011,CMP0009,Brampton,16,New,0,0,0,,
L0002895,20240902,CMP0001,Brampton,55,Qualified,1,0,0,,
L0002896,20241206,CMP0013,London,61,Account Opened,1,1,1,,
L0002897,20241217,CMP0009,Ottawa,75,KYC Done,1,1,0,,
L0002898,20240914,CMP0014,Hamilton,61,KYC Done,1,1,0,,
L0002899,20240515,CMP0012,London,26,Lost,0,0,0,,
L0002900,20240807,CMP0015,Mississauga,43,New,0,0,0,,
L0002901,20240604,CMP0009,Vaughan,49,Lost,0,0,0,,
L0002902,20240818,CMP0001,Ottawa,98,KYC Done,1,1,0,,
L0002903,20241024,CMP0003,Hamilton,57,Account Opened,1,1,1,,
L0002904,20240515,CMP0009,Toronto,67,Lost,1,1,1,,
L0002905,20240704,CMP0008,Mississauga,76,Qualified,1,0,0,,
L0002906,20240117,CMP0015,London,42,New,0,0,0,,
L0002907,20240926,CMP0008,Brampton,96,Account Opened,1,1,1,,
L0002908,20240628,CMP0016,Vaughan,70,Invested,1,1,1,INV000343,20240801
L0002909,20240617,CMP0004,Hamilton,86,Invested,1,1,1,INV000344,20240621
L0002910,20240713,CMP0007,Hamilton,77,Lost,1,0,0,,
L0002911,20240319,CMP0014,Brampton,65,Lost,1,1,0,,
L0002912,20240806,CMP0003,Kitchener,12,New,0,0,0,,
L0002913,20240929,CMP0006,Kitchener,62,Invested,1,1,1,INV000345,20241110
L0002914,20240507,CMP0014,Mississauga,21,New,0,0,0,,
L0002915,20240218,CMP0011,Ottawa,64,Lost,1,0,0,,
L0002916,20240521,CMP0015,Kitchener,73,Qualified,1,0,0,,
L0002917,20240313,CMP0010,Toronto,59,KYC Done,1,1,0,,
L0002918,20240516,CMP0016,Mississauga,37,New,0,0,0,,
L0002919,20240817,CMP0016,Kitchener,15,New,0,0,0,,
L0002920,20240211,CMP0018,Ottawa,70,Qualified,1,0,0,,
L0002921,20240930,CMP0003,Kitchener,72,Lost,1,1,0,,
L0002922,20240323,CMP0011,Brampton,53,KYC Done,1,1,0,,
L0002923,20241123,CMP0003,Ottawa,74,Account Opened,1,1,1,,
L0002924,20240925,CMP0005,Ottawa,80,Account Opened,1,1,1,,
L0002925,20240409,CMP0006,Ottawa,56,Qualified,1,0,0,,
L0002926,20240725,CMP0012,Kitchener,14,New,0,0,0,,
L0002927,20240210,CMP0008,London,88,KYC Done,1,1,0,,
L0002928,20240206,CMP0016,Kitchener,52,KYC Done,1,1,0,,
L0002929,20241215,CMP0006,Mississauga,70,Qualified,1,0,0,,
L0002930,20241020,CMP0012,Windsor,91,Invested,1,1,1,INV000346,20241201
L0002931,20240226,CMP0014,London,42,New,0,0,0,,
L0002932,20240413,CMP0018,Toronto,65,Qualified,1,0,0,,
L0002933,20240313,CMP0005,Brampton,11,New,0,0,0,,
L0002934,20240524,CMP0014,Mississauga,89,Account Opened,1,1,1,,
L0002935,20240416,CMP0002,Mississauga,15,Lost,0,0,0,,
L0002936,20240430,CMP0010,Kitchener,58,Qualified,1,0,0,,
L0002937,20240712,CMP0008,Kitchener,41,New,0,0,0,,
L0002938,20240310,CMP0018,Toronto,13,New,0,0,0,,
L0002939,20241119,CMP0014,Toronto,51,Lost,1,1,1,,
L0002940,20240923,CMP0017,Mississauga,94,KYC Done,1,1,0,,
L0002941,20241005,CMP0016,Vaughan,25,New,0,0,0,,
L0002942,20240303,CMP0008,Hamilton,36,New,0,0,0,,
L0002943,20240916,CMP0014,Ottawa,27,New,0,0,0,,
L0002944,20241102,CMP0001,Hamilton,21,New,0,0,0,,
L0002945,20240305,CMP0011,Kitchener,30,New,0,0,0,,
L0002946,20241001,CMP0001,Mississauga,61,Qualified,1,0,0,,
L0002947,20240510,CMP0014,Toronto,80,Account Opened,1,1,1,,
L0002948,20241015,CMP0018,Hamilton,72,Lost,1,1,0,,
L0002949,20240624,CMP0013,Windsor,79,KYC Done,1,1,0,,
L0002950,20241020,CMP0016,London,74,Qualified,1,0,0,,
L0002951,20240223,CMP0005,Vaughan,44,Lost,0,0,0,,
L0002952,20240522,CMP0018,Vaughan,91,Invested,1,1,1,INV000347,20240625
L0002953,20240410,CMP0010,Toronto,25,Lost,0,0,0,,
L0002954,20240331,CMP0013,London,72,Qualified,1,0,0,,
L0002955,20240422,CMP0014,Vaughan,19,New,0,0,0,,
L0002956,20240519,CMP0012,Toronto,78,KYC Done,1,1,0,,
L0002957,20240216,CMP0006,Hamilton,17,New,0,0,0,,
L0002958,20240915,CMP0012,Mississauga,29,New,0,0,0,,
L0002959,20240720,CMP0012,Markham,45,New,0,0,0,,
L0002960,20241030,CMP0016,Mississauga,72,Qualified,1,0,0,,
L0002961,20240915,CMP0009,Brampton,14,New,0,0,0,,
L0002962,20240224,CMP0010,Hamilton,33,Lost,0,0,0,,
L0002963,20240126,CMP0010,Ottawa,40,New,0,0,0,,
L0002964,20240603,CMP0003,Toronto,75,Qualified,1,0,0,,
L0002965,20240625,CMP0002,Mississauga,96,Lost,1,1,1,,
L0002966,20240328,CMP0001,Vaughan,65,Account Opened,1,1,1,,
L0002967,20241013,CMP0012,Windsor,55,Qualified,1,0,0,,
L0002968,20240731,CMP0008,London,40,Lost,0,0,0,,
L0002969,20240930,CMP0016,Toronto,84,Account Opened,1,1,1,,
L0002970,20240209,CMP0013,London,19,New,0,0,0,,
L0002971,20241025,CMP0003,Hamilton,21,New,0,0,0,,
L0002972,20240316,CMP0002,Brampton,28,New,0,0,0,,
L0002973,20240613,CMP0007,Mississauga,34,New,0,0,0,,
L0002974,20240609,CMP0017,Toronto,51,New,0,0,0,,
L0002975,20241027,CMP0001,Toronto,95,KYC Done,1,1,0,,
L0002976,20240411,CMP0004,Hamilton,68,KYC Done,1,1,0,,
L0002977,20240329,CMP0001,Mississauga,44,Lost,0,0,0,,
L0002978,20240504,CMP0008,Ottawa,29,New,0,0,0,,
L0002979,20240512,CMP0018,Ottawa,68,Account Opened,1,1,1,,
L0002980,20240307,CMP0013,Hamilton,32,New,0,0,0,,
L0002981,20240305,CMP0009,Hamilton,97,Lost,1,0,0,,
L0002982,20240325,CMP0003,Ottawa,52,New,0,0,0,,
L0002983,20240620,CMP0007,Toronto,59,Qualified,1,0,0,,
L0002984,20240505,CMP0010,Toronto,91,KYC Done,1,1,0,,
L0002985,20240523,CMP0005,Ottawa,37,New,0,0,0,,
L0002986,20240920,CMP0013,Brampton,52,Qualified,1,0,0,,
L0002987,20240329,CMP0018,Brampton,57,Account Opened,1,1,1,,
L0002988,20241129,CMP0004,Brampton,34,New,0,0,0,,
L0002989,20241002,CMP0005,Toronto,14,New,0,0,0,,
L0002990,20240304,CMP0003,Toronto,35,New,0,0,0,,
L0002991,20240424,CMP0014,Hamilton,20,New,0,0,0,,
L0002992,20240308,CMP0009,Ottawa,70,Qualified,1,0,0,,
L0002993,20240409,CMP0006,Hamilton,10,New,0,0,0,,
L0002994,20240513,CMP0004,Toronto,38,New,0,0,0,,
L0002995,20240217,CMP0002,Markham,89,Account Opened,1,1,1,,
L0002996,20240106,CMP0009,Brampton,61,Qualified,1,0,0,,
L0002997,20240609,CMP0013,Hamilton,70,Qualified,1,0,0,,
L0002998,20240913,CMP0005,Ottawa,70,Lost,1,0,0,,
L0002999,20240420,CMP0001,Ottawa,36,New,0,0,0,,
L0003000,20241110,CMP0009,Markham,66,Account Opened,1,1,1,,
L0003001,20240515,CMP0013,Toronto,29,New,0,0,0,,
L0003002,20241125,CMP0007,Toronto,67,Qualified,1,0,0,,
L0003003,20240327,CMP0005,Toronto,71,Lost,1,0,0,,
L0003004,20240716,CMP0003,Windsor,88,Qualified,1,0,0,,
L0003005,20241006,CMP0014,Kitchener,92,Qualified,1,0,0,,
L0003006,20240122,CMP0016,London,12,New,0,0,0,,
L0003007,20241206,CMP0014,Ottawa,36,New,0,0,0,,
L0003008,20240513,CMP0010,Toronto,59,Qualified,1,0,0,,
L0003009,20240701,CMP0014,Markham,38,Lost,0,0,0,,
L0003010,20240818,CMP0008,Toronto,65,Account Opened,1,1,1,,
L0003011,20240823,CMP0001,Mississauga,86,Account Opened,1,1,1,,
L0003012,20240109,CMP0007,Vaughan,33,New,0,0,0,,
L0003013,20241113,CMP0013,Mississauga,90,Qualified,1,0,0,,
L0003014,20240816,CMP0012,Vaughan,89,Qualified,1,0,0,,
L0003015,20241231,CMP0018,Markham,92,Account Opened,1,1,1,,
L0003016,20240621,CMP0018,Markham,16,New,0,0,0,,
L0003017,20240812,CMP0005,Hamilton,36,New,0,0,0,,
L0003018,20240610,CMP0001,Brampton,21,New,0,0,0,,
L0003019,20241121,CMP0005,Hamilton,20,New,0,0,0,,
L0003020,20241031,CMP0016,Markham,14,Lost,0,0,0,,
L0003021,20241128,CMP0015,London,49,Account Opened,1,1,1,,
L0003022,20240703,CMP0002,Vaughan,17,New,0,0,0,,
L0003023,20241016,CMP0003,Windsor,36,New,0,0,0,,
L0003024,20240511,CMP0011,London,98,Account Opened,1,1,1,,
L0003025,20240617,CMP0012,Kitchener,89,KYC Done,1,1,0,,
L0003026,20241005,CMP0018,Mississauga,94,Invested,1,1,1,INV000348,20241008
L0003027,20240130,CMP0014,Windsor,13,Lost,0,0,0,,
L0003028,20240917,CMP0004,Kitchener,69,Lost,1,1,0,,
L0003029,20240106,CMP0001,Toronto,67,Invested,1,1,1,INV000349,20240117
L0003030,20240731,CMP0012,Hamilton,21,New,0,0,0,,
L0003031,20240623,CMP0010,Ottawa,91,Invested,1,1,1,INV000350,20240802
L0003032,20240620,CMP0017,Markham,46,New,0,0,0,,
L0003033,20240629,CMP0011,Toronto,97,Account Opened,1,1,1,,
L0003034,20240629,CMP0010,Ottawa,20,New,0,0,0,,
L0003035,20240529,CMP0006,Ottawa,68,KYC Done,1,1,0,,
L0003036,20240614,CMP0002,Brampton,21,Lost,0,0,0,,
L0003037,20240726,CMP0016,Windsor,95,Lost,1,1,0,,
L0003038,20241006,CMP0015,Ottawa,64,KYC Done,1,1,0,,
L0003039,20240721,CMP0003,Brampton,16,New,0,0,0,,
L0003040,20240823,CMP0013,Vaughan,29,New,0,0,0,,
L0003041,20241102,CMP0007,Toronto,42,New,0,0,0,,
L0003042,20241228,CMP0008,Mississauga,11,New,0,0,0,,
L0003043,20240209,CMP0016,Mississauga,10,New,0,0,0,,
L0003044,20240917,CMP0016,Kitchener,93,Lost,1,1,1,,
L0003045,20240323,CMP0004,Vaughan,98,Qualified,1,0,0,,
L0003046,20240313,CMP0006,Hamilton,58,Invested,1,1,1,INV000351,20240316
L0003047,20241017,CMP0015,Mississauga,91,Invested,1,1,1,INV000352,20241031
L0003048,20240126,CMP0017,Ottawa,68,Invested,1,1,1,INV000353,20240219
L0003049,20241106,CMP0002,Ottawa,12,New,0,0,0,,
L0003050,20241009,CMP0016,Ottawa,74,Account Opened,1,1,1,,
L0003051,20241230,CMP0009,Mississauga,11,New,0,0,0,,
L0003052,20240901,CMP0011,Toronto,83,Account Opened,1,1,1,,
L0003053,20241115,CMP0002,Kitchener,43,New,0,0,0,,
L0003054,20240213,CMP0013,Hamilton,22,New,0,0,0,,
L0003055,20241121,CMP0013,Toronto,33,Lost,0,0,0,,
L0003056,20240228,CMP0012,Windsor,71,Qualified,1,0,0,,
L0003057,20240425,CMP0015,Brampton,86,Account Opened,1,1,1,,
L0003058,20240216,CMP0018,London,61,Account Opened,1,1,1,,
L0003059,20240527,CMP0016,Toronto,24,Lost,0,0,0,,
L0003060,20241001,CMP0014,Kitchener,91,Qualified,1,0,0,,
L0003061,20240408,CMP0018,Toronto,81,Account Opened,1,1,1,,
L0003062,20241027,CMP0013,Kitchener,46,New,0,0,0,,
L0003063,20240809,CMP0013,London,59,Invested,1,1,1,INV000354,20240829
L0003064,20240818,CMP0010,Mississauga,96,Qualified,1,0,0,,
L0003065,20241209,CMP0014,Toronto,43,New,0,0,0,,
L0003066,20240607,CMP0002,Markham,12,New,0,0,0,,
L0003067,20240506,CMP0010,Toronto,23,New,0,0,0,,
L0003068,20241230,CMP0008,Toronto,64,Lost,1,1,1,,
L0003069,20240722,CMP0017,Hamilton,99,Account Opened,1,1,1,,
L0003070,20240812,CMP0002,Toronto,76,Qualified,1,0,0,,
L0003071,20240418,CMP0012,Ottawa,65,KYC Done,1,1,0,,
L0003072,20240319,CMP0004,Ottawa,39,New,0,0,0,,
L0003073,20240303,CMP0016,Toronto,49,New,0,0,0,,
L0003074,20240322,CMP0016,Brampton,13,New,0,0,0,,
L0003075,20240312,CMP0005,Toronto,43,New,0,0,0,,
L0003076,20240930,CMP0016,Windsor,66,Invested,1,1,1,INV000355,20241102
L0003077,20240122,CMP0009,Toronto,91,Qualified,1,0,0,,
L0003078,20240818,CMP0018,London,93,Invested,1,1,1,INV000356,20240926
L0003079,20241213,CMP0014,Hamilton,83,Qualified,1,0,0,,
L0003080,20241007,CMP0001,Markham,11,New,0,0,0,,
L0003081,20240527,CMP0004,Mississauga,83,KYC Done,1,1,0,,
L0003082,20240122,CMP0008,Toronto,29,New,0,0,0,,
L0003083,20241101,CMP0004,Ottawa,65,Invested,1,1,1,INV000357,20241116
L0003084,20240102,CMP0003,London,95,KYC Done,1,1,0,,
L0003085,20240906,CMP0018,London,89,Invested,1,1,1,INV000358,20241008
L0003086,20240902,CMP0016,Toronto,69,KYC Done,1,1,0,,
L0003087,20240311,CMP0008,London,36,New,0,0,0,,
L0003088,20240927,CMP0004,Toronto,56,Qualified,1,0,0,,
L0003089,20240305,CMP0004,Ottawa,73,KYC Done,1,1,0,,
L0003090,20240323,CMP0017,Ottawa,56,Lost,1,1,1,,
L0003091,20241024,CMP0006,Toronto,46,KYC Done,1,1,0,,
L0003092,20241224,CMP0001,Windsor,46,New,0,0,0,,
L0003093,20240406,CMP0008,Hamilton,63,Qualified,1,0,0,,
L0003094,20241203,CMP0009,Mississauga,13,New,0,0,0,,
L0003095,20241130,CMP0012,Toronto,99,Account Opened,1,1,1,,
L0003096,20241008,CMP0007,Markham,19,New,0,0,0,,
L0003097,20240221,CMP0017,Vaughan,98,Invested,1,1,1,INV000359,20240224
L0003098,20240419,CMP0012,Toronto,13,New,0,0,0,,
L0003099,20240905,CMP0018,Mississauga,56,New,0,0,0,,
L0003100,20241231,CMP0007,Hamilton,47,Lost,0,0,0,,
L0003101,20241025,CMP0012,Brampton,61,Account Opened,1,1,1,,
L0003102,20240602,CMP0007,Brampton,49,New,0,0,0,,
L0003103,20240327,CMP0013,Brampton,90,Account Opened,1,1,1,,
L0003104,20241217,CMP0014,Ottawa,11,New,0,0,0,,
L0003105,20240411,CMP0006,Toronto,98,KYC Done,1,1,0,,
L0003106,20240505,CMP0017,Brampton,72,Account Opened,1,1,1,,
L0003107,20241219,CMP0016,Toronto,80,Invested,1,1,1,INV000360,20241231
L0003108,20240724,CMP0017,Toronto,22,New,0,0,0,,
L0003109,20240406,CMP0004,Windsor,15,New,0,0,0,,
L0003110,20240102,CMP0013,Toronto,45,New,0,0,0,,
L0003111,20240606,CMP0002,Toronto,39,Lost,0,0,0,,
L0003112,20241226,CMP0002,Vaughan,80,Invested,1,1,1,INV000361,20241231
L0003113,20240607,CMP0018,Windsor,90,Invested,1,1,1,INV000362,20240705
L0003114,20240913,CMP0003,Vaughan,48,New,0,0,0,,
L0003115,20240402,CMP0016,Toronto,79,KYC Done,1,1,0,,
L0003116,20241010,CMP0008,Hamilton,15,New,0,0,0,,
L0003117,20241010,CMP0006,London,76,Account Opened,1,1,1,,
L0003118,20240810,CMP0002,Markham,18,New,0,0,0,,
L0003119,20241009,CMP0013,Toronto,70,Lost,1,1,1,,
L0003120,20240730,CMP0013,Brampton,44,New,0,0,0,,
L0003121,20240518,CMP0009,Mississauga,47,Invested,1,1,1,INV000363,20240610
L0003122,20240927,CMP0015,Hamilton,34,New,0,0,0,,
L0003123,20241101,CMP0006,Brampton,46,New,0,0,0,,
L0003124,20241103,CMP0010,Ottawa,88,KYC Done,1,1,0,,
L0003125,20240318,CMP0006,Hamilton,82,Account Opened,1,1,1,,
L0003126,20240904,CMP0011,Vaughan,40,New,0,0,0,,
L0003127,20240102,CMP0003,Kitchener,36,New,0,0,0,,
L0003128,20240728,CMP0009,London,55,Qualified,1,0,0,,
L0003129,20240728,CMP0010,Toronto,71,Lost,1,0,0,,
L0003130,20240513,CMP0011,Vaughan,26,New,0,0,0,,
L0003131,20241229,CMP0009,Toronto,75,Qualified,1,0,0,,
L0003132,20241119,CMP0012,Toronto,95,Account Opened,1,1,1,,
L0003133,20240115,CMP0010,Brampton,86,KYC Done,1,1,0,,
L0003134,20240317,CMP0006,London,59,Qualified,1,0,0,,
L0003135,20240317,CMP0004,Toronto,38,New,0,0,0,,
L0003136,20241124,CMP0012,Mississauga,39,New,0,0,0,,
L0003137,20240708,CMP0017,Toronto,76,KYC Done,1,1,0,,
L0003138,20240923,CMP0014,Hamilton,50,New,0,0,0,,
L0003139,20241023,CMP0012,London,19,Lost,0,0,0,,
L0003140,20241007,CMP0017,Ottawa,70,Invested,1,1,1,INV000364,20241017
L0003141,20240202,CMP0017,Ottawa,22,Lost,0,0,0,,
L0003142,20240221,CMP0010,Vaughan,98,Account Opened,1,1,1,,
L0003143,20240524,CMP0002,Brampton,47,New,0,0,0,,
L0003144,20240503,CMP0012,Ottawa,40,New,0,0,0,,
L0003145,20240930,CMP0012,Ottawa,14,New,0,0,0,,
L0003146,20240227,CMP0005,London,25,New,0,0,0,,
L0003147,20240515,CMP0016,Markham,95,Account Opened,1,1,1,,
L0003148,20240327,CMP0016,Toronto,58,Account Opened,1,1,1,,
L0003149,20240310,CMP0006,Vaughan,91,Lost,1,1,0,,
L0003150,20240304,CMP0009,Ottawa,96,Lost,1,0,0,,
L0003151,20240312,CMP0004,Kitchener,14,Lost,0,0,0,,
L0003152,20240725,CMP0004,Ottawa,44,New,0,0,0,,
L0003153,20240530,CMP0005,Ottawa,85,Invested,1,1,1,INV000365,20240710
L0003154,20240608,CMP0007,Toronto,54,Qualified,1,0,0,,
L0003155,20240624,CMP0005,Ottawa,55,Account Opened,1,1,1,,
L0003156,20240928,CMP0003,Ottawa,61,Lost,1,1,1,,
L0003157,20241111,CMP0009,Vaughan,73,Invested,1,1,1,INV000366,20241127
L0003158,20240711,CMP0012,Vaughan,94,Account Opened,1,1,1,,
L0003159,20240823,CMP0006,Ottawa,89,Lost,1,1,1,,
L0003160,20240927,CMP0010,Vaughan,66,Account Opened,1,1,1,,
L0003161,20240909,CMP0005,Vaughan,61,Account Opened,1,1,1,,
L0003162,20240219,CMP0013,Kitchener,42,New,0,0,0,,
L0003163,20241225,CMP0012,Brampton,20,New,0,0,0,,
L0003164,20240301,CMP0018,Toronto,73,Lost,1,1,0,,
L0003165,20240530,CMP0001,Kitchener,10,New,0,0,0,,
L0003166,20240826,CMP0016,Hamilton,72,Lost,1,1,1,,
L0003167,20240527,CMP0007,Ottawa,54,New,0,0,0,,
L0003168,20240329,CMP0002,Brampton,80,Account Opened,1,1,1,,
L0003169,20241203,CMP0013,Toronto,95,Account Opened,1,1,1,,
L0003170,20240127,CMP0004,Toronto,59,KYC Done,1,1,0,,
L0003171,20240330,CMP0004,Mississauga,61,KYC Done,1,1,0,,
L0003172,20241229,CMP0018,Ottawa,53,New,0,0,0,,
L0003173,20240924,CMP0004,Ottawa,43,New,0,0,0,,
L0003174,20240201,CMP0010,Ottawa,17,New,0,0,0,,
L0003175,20241003,CMP0004,Toronto,12,New,0,0,0,,
L0003176,20241220,CMP0003,Toronto,75,Invested,1,1,1,INV000367,20241231
L0003177,20240205,CMP0001,Ottawa,92,Invested,1,1,1,INV000368,20240206
L0003178,20240531,CMP0001,Toronto,14,New,0,0,0,,
L0003179,20240620,CMP0009,Vaughan,39,New,0,0,0,,
L0003180,20240217,CMP0008,Brampton,64,Account Opened,1,1,1,,
L0003181,20240314,CMP0001,Brampton,73,Invested,1,1,1,INV000369,20240328
L0003182,20240304,CMP0007,Ottawa,76,Qualified,1,0,0,,
L0003183,20240308,CMP0005,Hamilton,72,Lost,1,1,1,,
L0003184,20240527,CMP0011,Toronto,17,New,0,0,0,,
L0003185,20240618,CMP0018,London,32,New,0,0,0,,
L0003186,20240328,CMP0013,Toronto,52,New,0,0,0,,
L0003187,20240415,CMP0017,Brampton,15,New,0,0,0,,
L0003188,20240311,CMP0004,Brampton,40,New,0,0,0,,
L0003189,20241018,CMP0004,Ottawa,44,New,0,0,0,,
L0003190,20240318,CMP0014,London,98,Qualified,1,0,0,,
L0003191,20241128,CMP0006,Markham,38,New,0,0,0,,
L0003192,20240716,CMP0016,Ottawa,97,Qualified,1,0,0,,
L0003193,20241020,CMP0009,Toronto,73,Qualified,1,0,0,,
L0003194,20240820,CMP0004,London,72,Invested,1,1,1,INV000370,20240821
L0003195,20240407,CMP0016,Ottawa,83,Invested,1,1,1,INV000371,20240521
L0003196,20240808,CMP0010,Hamilton,85,KYC Done,1,1,0,,
L0003197,20240410,CMP0015,Ottawa,30,New,0,0,0,,
L0003198,20240213,CMP0009,Brampton,47,Lost,0,0,0,,
L0003199,20240403,CMP0003,London,57,Qualified,1,0,0,,
L0003200,20240410,CMP0013,Ottawa,97,Lost,1,1,1,,
L0003201,20240219,CMP0003,Vaughan,13,New,0,0,0,,
L0003202,20240109,CMP0012,London,52,New,0,0,0,,
L0003203,20241211,CMP0008,Ottawa,29,New,0,0,0,,
L0003204,20240706,CMP0015,Toronto,28,New,0,0,0,,
L0003205,20240527,CMP0016,Toronto,78,Account Opened,1,1,1,,
L0003206,20241206,CMP0008,Toronto,28,New,0,0,0,,
L0003207,20240323,CMP0016,Mississauga,81,Account Opened,1,1,1,,
L0003208,20240527,CMP0002,Toronto,99,Qualified,1,0,0,,
L0003209,20241105,CMP0002,Hamilton,79,Account Opened,1,1,1,,
L0003210,20240819,CMP0018,Mississauga,25,New,0,0,0,,
L0003211,20240526,CMP0011,Toronto,22,New,0,0,0,,
L0003212,20240403,CMP0009,Brampton,49,Invested,1,1,1,INV000372,20240411
L0003213,20240113,CMP0003,Markham,59,KYC Done,1,1,0,,
L0003214,20240201,CMP0006,Mississauga,80,Invested,1,1,1,INV000373,20240205
L0003215,20240229,CMP0013,Kitchener,48,KYC Done,1,1,0,,
L0003216,20241014,CMP0015,Vaughan,25,New,0,0,0,,
L0003217,20240821,CMP0017,Vaughan,99,Invested,1,1,1,INV000374,20240920
L0003218,20240607,CMP0008,Hamilton,91,KYC Done,1,1,0,,
L0003219,20241013,CMP0009,Markham,68,KYC Done,1,1,0,,
L0003220,20240228,CMP0003,Brampton,72,Invested,1,1,1,INV000375,20240320
L0003221,20240318,CMP0002,London,94,Account Opened,1,1,1,,
L0003222,20240523,CMP0008,Mississauga,52,Qualified,1,0,0,,
L0003223,20241201,CMP0011,Toronto,23,New,0,0,0,,
L0003224,20240812,CMP0002,Kitchener,64,Qualified,1,0,0,,
L0003225,20241107,CMP0008,Ottawa,50,New,0,0,0,,
L0003226,20240331,CMP0012,Toronto,81,Qualified,1,0,0,,
L0003227,20241106,CMP0015,Toronto,79,Qualified,1,0,0,,
L0003228,20240127,CMP0017,Ottawa,52,New,0,0,0,,
L0003229,20240324,CMP0007,Vaughan,43,Lost,0,0,0,,
L0003230,20240710,CMP0008,Vaughan,47,Qualified,1,0,0,,
L0003231,20240119,CMP0016,Toronto,66,KYC Done,1,1,0,,
L0003232,20241110,CMP0013,Toronto,67,Lost,1,1,1,,
L0003233,20241113,CMP0005,Toronto,56,Qualified,1,0,0,,
L0003234,20240717,CMP0013,Hamilton,57,Account Opened,1,1,1,,
L0003235,20240421,CMP0003,Ottawa,99,Account Opened,1,1,1,,
L0003236,20240206,CMP0009,London,32,New,0,0,0,,
L0003237,20240814,CMP0006,Hamilton,25,New,0,0,0,,
L0003238,20240715,CMP0018,Toronto,81,Invested,1,1,1,INV000376,20240809
L0003239,20241005,CMP0001,Mississauga,94,Invested,1,1,1,INV000377,20241008
L0003240,20240808,CMP0016,Mississauga,64,Account Opened,1,1,1,,
L0003241,20240216,CMP0006,London,46,New,0,0,0,,
L0003242,20240214,CMP0001,Hamilton,41,New,0,0,0,,
L0003243,20241012,CMP0012,Kitchener,52,New,0,0,0,,
L0003244,20240228,CMP0013,Toronto,14,New,0,0,0,,
L0003245,20241209,CMP0003,Kitchener,57,Account Opened,1,1,1,,
L0003246,20240208,CMP0001,Mississauga,34,Lost,0,0,0,,
L0003247,20240923,CMP0003,Brampton,33,New,0,0,0,,
L0003248,20241222,CMP0008,Toronto,60,Account Opened,1,1,1,,
L0003249,20240610,CMP0003,Mississauga,96,Qualified,1,0,0,,
L0003250,20240121,CMP0013,Toronto,28,New,0,0,0,,
L0003251,20241116,CMP0002,Toronto,92,Invested,1,1,1,INV000378,20241205
L0003252,20240309,CMP0015,Ottawa,56,Account Opened,1,1,1,,
L0003253,20240712,CMP0016,Markham,97,KYC Done,1,1,0,,
L0003254,20241226,CMP0013,London,44,New,0,0,0,,
L0003255,20240929,CMP0017,Markham,99,KYC Done,1,1,0,,
L0003256,20240117,CMP0017,London,69,Invested,1,1,1,INV000379,20240201
L0003257,20241027,CMP0001,Windsor,70,KYC Done,1,1,0,,
L0003258,20240229,CMP0007,Toronto,60,Qualified,1,0,0,,
L0003259,20241001,CMP0014,Windsor,50,New,0,0,0,,
L0003260,20240815,CMP0007,Brampton,57,New,0,0,0,,
L0003261,20240415,CMP0014,Ottawa,86,KYC Done,1,1,0,,
L0003262,20240604,CMP0014,Ottawa,81,KYC Done,1,1,0,,
L0003263,20240213,CMP0018,Toronto,12,Lost,0,0,0,,
L0003264,20241227,CMP0006,Toronto,72,Account Opened,1,1,1,,
L0003265,20240328,CMP0007,Ottawa,85,Account Opened,1,1,1,,
L0003266,20240422,CMP0001,Markham,76,KYC Done,1,1,0,,
L0003267,20240703,CMP0006,Vaughan,54,New,0,0,0,,
L0003268,20240903,CMP0006,Toronto,40,Lost,0,0,0,,
L0003269,20240703,CMP0009,Mississauga,70,Account Opened,1,1,1,,
L0003270,20240703,CMP0008,Hamilton,69,Account Opened,1,1,1,,
L0003271,20240801,CMP0016,Brampton,43,New,0,0,0,,
L0003272,20241109,CMP0014,Mississauga,46,New,0,0,0,,
L0003273,20240524,CMP0014,Brampton,43,New,0,0,0,,
L0003274,20241031,CMP0001,London,14,New,0,0,0,,
L0003275,20241015,CMP0009,Toronto,12,New,0,0,0,,
L0003276,20241217,CMP0014,Toronto,17,New,0,0,0,,
L0003277,20241130,CMP0005,Toronto,48,New,0,0,0,,
L0003278,20241019,CMP0008,Ottawa,55,Lost,1,1,1,,
L0003279,20240331,CMP0014,Mississauga,46,KYC Done,1,1,0,,
L0003280,20241010,CMP0015,Ottawa,95,KYC Done,1,1,0,,
L0003281,20240926,CMP0016,Vaughan,30,New,0,0,0,,
L0003282,20240415,CMP0008,Mississauga,45,New,0,0,0,,
L0003283,20240905,CMP0008,Toronto,32,New,0,0,0,,
L0003284,20240402,CMP0007,Toronto,36,New,0,0,0,,
L0003285,20240710,CMP0013,Windsor,62,Qualified,1,0,0,,
L0003286,20241018,CMP0008,Ottawa,37,New,0,0,0,,
L0003287,20240310,CMP0008,Markham,38,New,0,0,0,,
L0003288,20240503,CMP0004,Vaughan,70,Qualified,1,0,0,,
L0003289,20241018,CMP0009,Windsor,84,KYC Done,1,1,0,,
L0003290,20240615,CMP0005,Vaughan,29,New,0,0,0,,
L0003291,20241217,CMP0010,Mississauga,20,New,0,0,0,,
L0003292,20240103,CMP0016,Ottawa,31,New,0,0,0,,
L0003293,20240921,CMP0014,Windsor,61,Account Opened,1,1,1,,
L0003294,20241024,CMP0009,Hamilton,96,KYC Done,1,1,0,,
L0003295,20241201,CMP0018,Markham,24,New,0,0,0,,
L0003296,20240227,CMP0018,Kitchener,13,New,0,0,0,,
L0003297,20241226,CMP0008,Hamilton,57,Account Opened,1,1,1,,
L0003298,20240523,CMP0014,London,99,Invested,1,1,1,INV000380,20240608
L0003299,20240508,CMP0007,Hamilton,59,Qualified,1,0,0,,
L0003300,20240510,CMP0016,Mississauga,93,Account Opened,1,1,1,,
L0003301,20240821,CMP0007,Mississauga,67,Account Opened,1,1,1,,
L0003302,20240829,CMP0005,Hamilton,12,New,0,0,0,,
L0003303,20240622,CMP0003,Windsor,48,KYC Done,1,1,0,,
L0003304,20240126,CMP0016,Kitchener,79,Account Opened,1,1,1,,
L0003305,20241227,CMP0006,Toronto,55,Invested,1,1,1,INV000381,20241231
L0003306,20240322,CMP0015,Vaughan,27,Lost,0,0,0,,
L0003307,20240204,CMP0002,Toronto,26,Lost,0,0,0,,
L0003308,20240806,CMP0010,Hamilton,69,KYC Done,1,1,0,,
L0003309,20240530,CMP0008,Kitchener,51,Lost,0,0,0,,
L0003310,20240813,CMP0008,Kitchener,61,Lost,1,0,0,,
L0003311,20241116,CMP0004,Hamilton,43,Lost,0,0,0,,
L0003312,20240205,CMP0002,Hamilton,40,New,0,0,0,,
L0003313,20240413,CMP0007,Brampton,69,Qualified,1,0,0,,
L0003314,20240708,CMP0009,London,10,New,0,0,0,,
L0003315,20241015,CMP0015,Mississauga,49,Lost,0,0,0,,
L0003316,20240807,CMP0009,Toronto,43,New,0,0,0,,
L0003317,20240520,CMP0005,Markham,80,Qualified,1,0,0,,
L0003318,20240811,CMP0005,Toronto,75,Invested,1,1,1,INV000382,20240814
L0003319,20241224,CMP0012,Hamilton,48,New,0,0,0,,
L0003320,20240624,CMP0008,Brampton,33,New,0,0,0,,
L0003321,20241119,CMP0017,Toronto,31,New,0,0,0,,
L0003322,20241012,CMP0008,Toronto,29,New,0,0,0,,
L0003323,20240420,CMP0011,Toronto,34,New,0,0,0,,
L0003324,20240401,CMP0002,Toronto,78,Account Opened,1,1,1,,
L0003325,20241008,CMP0004,Hamilton,14,New,0,0,0,,
L0003326,20240316,CMP0016,Ottawa,12,New,0,0,0,,
L0003327,20240503,CMP0007,Brampton,58,KYC Done,1,1,0,,
L0003328,20240327,CMP0008,Vaughan,30,New,0,0,0,,
L0003329,20240809,CMP0011,London,84,Qualified,1,0,0,,
L0003330,20240417,CMP0002,London,77,Qualified,1,0,0,,
L0003331,20240829,CMP0010,Hamilton,79,Account Opened,1,1,1,,
L0003332,20241208,CMP0007,London,51,Invested,1,1,1,INV000383,20241211
L0003333,20241030,CMP0003,Mississauga,49,New,0,0,0,,
L0003334,20241212,CMP0008,Mississauga,48,KYC Done,1,1,0,,
L0003335,20240109,CMP0009,Mississauga,27,Lost,0,0,0,,
L0003336,20240615,CMP0004,London,61,Invested,1,1,1,INV000384,20240725
L0003337,20240321,CMP0010,Brampton,87,Lost,1,1,1,,
L0003338,20241201,CMP0014,Kitchener,33,New,0,0,0,,
L0003339,20240917,CMP0005,Toronto,15,Lost,0,0,0,,
L0003340,20240427,CMP0018,Brampton,60,Account Opened,1,1,1,,
L0003341,20240725,CMP0012,Toronto,45,Lost,0,0,0,,
L0003342,20240809,CMP0014,Markham,81,Qualified,1,0,0,,
L0003343,20240630,CMP0002,Ottawa,87,Qualified,1,0,0,,
L0003344,20240622,CMP0014,Hamilton,95,Account Opened,1,1,1,,
L0003345,20240121,CMP0007,Hamilton,45,New,0,0,0,,
L0003346,20240614,CMP0013,Toronto,91,Account Opened,1,1,1,,
L0003347,20240507,CMP0015,Markham,20,New,0,0,0,,
L0003348,20241026,CMP0005,Markham,43,New,0,0,0,,
L0003349,20241112,CMP0005,Hamilton,33,New,0,0,0,,
L0003350,20241001,CMP0002,Mississauga,93,Account Opened,1,1,1,,
L0003351,20240112,CMP0011,London,64,Invested,1,1,1,INV000385,20240224
L0003352,20241103,CMP0014,London,42,New,0,0,0,,
L0003353,20240525,CMP0008,Kitchener,23,New,0,0,0,,
L0003354,20240601,CMP0003,Toronto,80,KYC Done,1,1,0,,
L0003355,20241211,CMP0006,Kitchener,68,Invested,1,1,1,INV000386,20241231
L0003356,20241113,CMP0008,Vaughan,86,Account Opened,1,1,1,,
L0003357,20240119,CMP0017,Mississauga,49,Qualified,1,0,0,,
L0003358,20240511,CMP0003,London,23,New,0,0,0,,
L0003359,20241001,CMP0007,Mississauga,40,New,0,0,0,,
L0003360,20240716,CMP0012,Mississauga,65,Invested,1,1,1,INV000387,20240717
L0003361,20240404,CMP0005,Hamilton,31,New,0,0,0,,
L0003362,20240711,CMP0016,Toronto,16,New,0,0,0,,
L0003363,20241113,CMP0017,Toronto,84,Account Opened,1,1,1,,
L0003364,20240322,CMP0007,Hamilton,57,Qualified,1,0,0,,
L0003365,20240930,CMP0014,Kitchener,45,New,0,0,0,,
L0003366,20240925,CMP0014,Toronto,59,Lost,1,1,0,,
L0003367,20241120,CMP0013,Toronto,76,KYC Done,1,1,0,,
L0003368,20240419,CMP0004,Toronto,10,Lost,0,0,0,,
L0003369,20240320,CMP0001,Toronto,49,New,0,0,0,,
L0003370,20240719,CMP0007,Kitchener,32,New,0,0,0,,
L0003371,20240713,CMP0003,Ottawa,18,New,0,0,0,,
L0003372,20240529,CMP0006,London,13,New,0,0,0,,
L0003373,20241012,CMP0012,Brampton,49,New,0,0,0,,
L0003374,20241019,CMP0011,Windsor,58,KYC Done,1,1,0,,
L0003375,20240330,CMP0004,Ottawa,55,New,0,0,0,,
L0003376,20241018,CMP0001,Kitchener,80,Qualified,1,0,0,,
L0003377,20240325,CMP0005,Hamilton,51,New,0,0,0,,
L0003378,20240529,CMP0009,Kitchener,63,Lost,1,1,0,,
L0003379,20240110,CMP0015,Ottawa,83,Qualified,1,0,0,,
L0003380,20240504,CMP0007,Vaughan,69,Qualified,1,0,0,,
L0003381,20241216,CMP0006,Mississauga,91,Invested,1,1,1,INV000388,20241222
L0003382,20240610,CMP0010,Hamilton,29,New,0,0,0,,
L0003383,20240916,CMP0002,Hamilton,80,Invested,1,1,1,INV000389,20241023
L0003384,20240209,CMP0005,Ottawa,72,Account Opened,1,1,1,,
L0003385,20240820,CMP0001,Ottawa,62,Lost,1,0,0,,
L0003386,20240515,CMP0010,Toronto,10,New,0,0,0,,
L0003387,20240929,CMP0008,Kitchener,58,Account Opened,1,1,1,,
L0003388,20241205,CMP0011,Ottawa,87,Qualified,1,0,0,,
L0003389,20240713,CMP0012,Toronto,68,Invested,1,1,1,INV000390,20240821
L0003390,20240207,CMP0008,London,10,New,0,0,0,,
L0003391,20240623,CMP0016,London,35,New,0,0,0,,
L0003392,20240215,CMP0017,Toronto,61,KYC Done,1,1,0,,
L0003393,20240613,CMP0002,Mississauga,83,Account Opened,1,1,1,,
L0003394,20240123,CMP0017,Hamilton,50,Invested,1,1,1,INV000391,20240216
L0003395,20240822,CMP0004,Markham,87,Qualified,1,0,0,,
L0003396,20240423,CMP0005,Mississauga,81,Account Opened,1,1,1,,
L0003397,20240314,CMP0010,Mississauga,34,Lost,0,0,0,,
L0003398,20240107,CMP0001,London,27,New,0,0,0,,
L0003399,20241121,CMP0007,Toronto,91,Qualified,1,0,0,,
L0003400,20241102,CMP0004,Vaughan,63,Invested,1,1,1,INV000392,20241215
L0003401,20241024,CMP0009,Markham,86,KYC Done,1,1,0,,
L0003402,20240122,CMP0015,Vaughan,92,Qualified,1,0,0,,
L0003403,20240507,CMP0017,Brampton,48,New,0,0,0,,
L0003404,20241221,CMP0004,Toronto,14,New,0,0,0,,
L0003405,20240730,CMP0010,Hamilton,91,Account Opened,1,1,1,,
L0003406,20240217,CMP0009,Toronto,62,Account Opened,1,1,1,,
L0003407,20240221,CMP0008,Mississauga,20,New,0,0,0,,
L0003408,20240406,CMP0012,Brampton,57,KYC Done,1,1,0,,
L0003409,20241221,CMP0018,Ottawa,12,New,0,0,0,,
L0003410,20240303,CMP0008,Mississauga,36,New,0,0,0,,
L0003411,20241126,CMP0002,Mississauga,41,New,0,0,0,,
L0003412,20240905,CMP0017,Mississauga,50,Account Opened,1,1,1,,
L0003413,20241203,CMP0017,London,60,Qualified,1,0,0,,
L0003414,20241029,CMP0006,Mississauga,85,KYC Done,1,1,0,,
L0003415,20240501,CMP0010,London,41,New,0,0,0,,
L0003416,20241030,CMP0016,London,76,Account Opened,1,1,1,,
L0003417,20240302,CMP0010,London,94,Invested,1,1,1,INV000393,20240304
L0003418,20240416,CMP0009,Kitchener,77,Invested,1,1,1,INV000394,20240520
L0003419,20240318,CMP0017,Kitchener,32,New,0,0,0,,
L0003420,20240218,CMP0015,Toronto,70,Qualified,1,0,0,,
L0003421,20240202,CMP0010,Mississauga,35,New,0,0,0,,
L0003422,20240309,CMP0003,Markham,53,Account Opened,1,1,1,,
L0003423,20240213,CMP0008,Markham,67,KYC Done,1,1,0,,
L0003424,20240519,CMP0013,Toronto,36,New,0,0,0,,
L0003425,20240127,CMP0005,Windsor,10,New,0,0,0,,
L0003426,20240123,CMP0010,Vaughan,85,Invested,1,1,1,INV000395,20240222
L0003427,20241228,CMP0012,Vaughan,75,Lost,1,1,1,,
L0003428,20240202,CMP0002,Toronto,21,Lost,0,0,0,,
L0003429,20240128,CMP0011,Ottawa,43,New,0,0,0,,
L0003430,20240112,CMP0014,Ottawa,33,New,0,0,0,,
L0003431,20240218,CMP0004,Brampton,97,Invested,1,1,1,INV000396,20240308
L0003432,20240712,CMP0010,Mississauga,94,Qualified,1,0,0,,
L0003433,20241029,CMP0013,Toronto,72,KYC Done,1,1,0,,
L0003434,20240925,CMP0001,Vaughan,49,Account Opened,1,1,1,,
L0003435,20240731,CMP0012,Ottawa,14,New,0,0,0,,
L0003436,20240201,CMP0005,Hamilton,32,New,0,0,0,,
L0003437,20241010,CMP0008,Mississauga,18,New,0,0,0,,
L0003438,20240114,CMP0012,Kitchener,81,Invested,1,1,1,INV000397,20240119
L0003439,20240818,CMP0001,Kitchener,17,New,0,0,0,,
L0003440,20240529,CMP0001,Hamilton,70,Lost,1,1,0,,
L0003441,20241118,CMP0009,Mississauga,95,Account Opened,1,1,1,,
L0003442,20240422,CMP0018,Mississauga,37,New,0,0,0,,
L0003443,20240821,CMP0001,Hamilton,71,Invested,1,1,1,INV000398,20240905
L0003444,20240610,CMP0015,Markham,89,Account Opened,1,1,1,,
L0003445,20240710,CMP0002,Windsor,48,New,0,0,0,,
L0003446,20241209,CMP0009,Toronto,50,Lost,0,0,0,,
L0003447,20240917,CMP0008,Mississauga,28,New,0,0,0,,
L0003448,20240531,CMP0009,Brampton,48,Qualified,1,0,0,,
L0003449,20240612,CMP0002,Brampton,88,Account Opened,1,1,1,,
L0003450,20240914,CMP0014,Hamilton,69,Qualified,1,0,0,,
L0003451,20240506,CMP0005,Ottawa,28,New,0,0,0,,
L0003452,20240302,CMP0014,Vaughan,57,Qualified,1,0,0,,
L0003453,20240620,CMP0012,Mississauga,73,Qualified,1,0,0,,
L0003454,20240125,CMP0010,Brampton,16,New,0,0,0,,
L0003455,20240303,CMP0006,Ottawa,78,KYC Done,1,1,0,,
L0003456,20240602,CMP0012,Markham,28,New,0,0,0,,
L0003457,20241018,CMP0018,Markham,36,New,0,0,0,,
L0003458,20241012,CMP0017,Vaughan,47,Lost,0,0,0,,
L0003459,20240405,CMP0017,Ottawa,55,Qualified,1,0,0,,
L0003460,20240603,CMP0004,Mississauga,92,Lost,1,1,1,,
L0003461,20240226,CMP0011,London,30,New,0,0,0,,
L0003462,20241003,CMP0008,Kitchener,33,New,0,0,0,,
L0003463,20240331,CMP0018,Mississauga,44,New,0,0,0,,
L0003464,20241019,CMP0018,Toronto,87,KYC Done,1,1,0,,
L0003465,20241104,CMP0016,Toronto,96,Account Opened,1,1,1,,
L0003466,20240909,CMP0003,Hamilton,50,New,0,0,0,,
L0003467,20240430,CMP0006,Ottawa,72,Lost,1,1,0,,
L0003468,20241214,CMP0013,Toronto,92,KYC Done,1,1,0,,
L0003469,20240908,CMP0014,Toronto,86,Invested,1,1,1,INV000399,20241008
L0003470,20240824,CMP0007,Hamilton,71,KYC Done,1,1,0,,
L0003471,20241109,CMP0003,Brampton,58,Lost,1,1,0,,
L0003472,20241118,CMP0003,Mississauga,98,Account Opened,1,1,1,,
L0003473,20240129,CMP0013,Hamilton,31,New,0,0,0,,
L0003474,20241118,CMP0009,Toronto,42,New,0,0,0,,
L0003475,20241006,CMP0009,Toronto,74,KYC Done,1,1,0,,
L0003476,20240316,CMP0015,Mississauga,11,New,0,0,0,,
L0003477,20240422,CMP0001,Mississauga,55,New,0,0,0,,
L0003478,20241002,CMP0014,Toronto,86,Qualified,1,0,0,,
L0003479,20240320,CMP0005,Toronto,25,New,0,0,0,,
L0003480,20240614,CMP0017,Toronto,82,Qualified,1,0,0,,
L0003481,20240909,CMP0018,London,47,Lost,0,0,0,,
L0003482,20240826,CMP0010,Markham,87,Invested,1,1,1,INV000400,20241008
L0003483,20241128,CMP0006,Toronto,67,Invested,1,1,1,INV000401,20241222
L0003484,20240210,CMP0005,Hamilton,24,New,0,0,0,,
L0003485,20240417,CMP0004,Mississauga,76,Account Opened,1,1,1,,
L0003486,20241226,CMP0018,Vaughan,15,New,0,0,0,,
L0003487,20240727,CMP0004,Mississauga,31,New,0,0,0,,
L0003488,20240401,CMP0009,Toronto,89,Invested,1,1,1,INV000402,20240511
L0003489,20240416,CMP0009,Brampton,88,Account Opened,1,1,1,,
L0003490,20240504,CMP0013,Toronto,14,New,0,0,0,,
L0003491,20240721,CMP0016,Toronto,44,New,0,0,0,,
L0003492,20240414,CMP0011,Mississauga,18,New,0,0,0,,
L0003493,20240815,CMP0014,Hamilton,34,New,0,0,0,,
L0003494,20240611,CMP0011,Toronto,97,Invested,1,1,1,INV000403,20240723
L0003495,20240811,CMP0008,Mississauga,27,New,0,0,0,,
L0003496,20240226,CMP0003,Vaughan,67,Account Opened,1,1,1,,
L0003497,20240816,CMP0004,Mississauga,82,Invested,1,1,1,INV000404,20240926
L0003498,20241204,CMP0008,Toronto,89,Invested,1,1,1,INV000405,20241231
L0003499,20240219,CMP0001,Ottawa,41,New,0,0,0,,
L0003500,20240429,CMP0006,Toronto,72,Lost,1,1,1,,
L0003501,20240910,CMP0009,Markham,53,Invested,1,1,1,INV000406,20241014
L0003502,20240813,CMP0009,Mississauga,19,Lost,0,0,0,,
L0003503,20240903,CMP0015,Toronto,30,New,0,0,0,,
L0003504,20240723,CMP0018,Markham,77,Invested,1,1,1,INV000407,20240725
L0003505,20240906,CMP0014,Vaughan,71,Account Opened,1,1,1,,
L0003506,20240811,CMP0002,London,56,Qualified,1,0,0,,
L0003507,20240128,CMP0008,Mississauga,80,Invested,1,1,1,INV000408,20240221
L0003508,20241001,CMP0014,Ottawa,72,Lost,1,0,0,,
L0003509,20240612,CMP0011,Windsor,40,New,0,0,0,,
L0003510,20240119,CMP0009,Ottawa,36,New,0,0,0,,
L0003511,20240529,CMP0008,Kitchener,95,KYC Done,1,1,0,,
L0003512,20240608,CMP0008,Hamilton,97,Qualified,1,0,0,,
L0003513,20240201,CMP0011,Vaughan,12,New,0,0,0,,
L0003514,20241230,CMP0004,Toronto,81,Invested,1,1,1,INV000409,20241231
L0003515,20240322,CMP0010,Kitchener,21,Lost,0,0,0,,
L0003516,20240501,CMP0004,Vaughan,87,KYC Done,1,1,0,,
L0003517,20240610,CMP0013,Markham,62,Lost,1,1,1,,
L0003518,20241031,CMP0016,Kitchener,71,Qualified,1,0,0,,
L0003519,20240928,CMP0010,Markham,73,KYC Done,1,1,0,,
L0003520,20241009,CMP0007,Ottawa,64,Account Opened,1,1,1,,
L0003521,20240327,CMP0017,Hamilton,32,New,0,0,0,,
L0003522,20241105,CMP0012,Markham,82,Account Opened,1,1,1,,
L0003523,20241030,CMP0008,London,59,Lost,1,0,0,,
L0003524,20240618,CMP0001,Hamilton,59,KYC Done,1,1,0,,
L0003525,20240718,CMP0001,Hamilton,38,New,0,0,0,,
L0003526,20240114,CMP0004,Vaughan,10,New,0,0,0,,
L0003527,20241005,CMP0005,Toronto,59,Account Opened,1,1,1,,
L0003528,20241217,CMP0013,London,41,New,0,0,0,,
L0003529,20240621,CMP0010,Ottawa,69,KYC Done,1,1,0,,
L0003530,20240716,CMP0018,Markham,42,New,0,0,0,,
L0003531,20240701,CMP0010,Toronto,97,Qualified,1,0,0,,
L0003532,20240131,CMP0017,Ottawa,71,Account Opened,1,1,1,,
L0003533,20240814,CMP0010,Toronto,51,Invested,1,1,1,INV000410,20240908
L0003534,20240921,CMP0007,Hamilton,73,Account Opened,1,1,1,,
L0003535,20241205,CMP0013,Markham,68,KYC Done,1,1,0,,
L0003536,20241206,CMP0009,Hamilton,65,Qualified,1,0,0,,
L0003537,20240629,CMP0005,Ottawa,62,Account Opened,1,1,1,,
L0003538,20241216,CMP0009,Brampton,93,Account Opened,1,1,1,,
L0003539,20240712,CMP0012,Hamilton,38,New,0,0,0,,
L0003540,20240822,CMP0007,Vaughan,48,New,0,0,0,,
L0003541,20240808,CMP0013,London,32,New,0,0,0,,
L0003542,20241231,CMP0018,Toronto,61,Invested,1,1,1,INV000411,20241231
L0003543,20240926,CMP0008,Ottawa,98,Account Opened,1,1,1,,
L0003544,20240213,CMP0006,London,64,Account Opened,1,1,1,,
L0003545,20240127,CMP0008,Ottawa,28,New,0,0,0,,
L0003546,20240530,CMP0016,Hamilton,92,KYC Done,1,1,0,,
L0003547,20240707,CMP0004,Kitchener,81,Invested,1,1,1,INV000412,20240708
L0003548,20240901,CMP0018,Vaughan,49,Account Opened,1,1,1,,
L0003549,20240625,CMP0008,Toronto,23,New,0,0,0,,
L0003550,20240707,CMP0016,Ottawa,46,New,0,0,0,,
L0003551,20241203,CMP0015,Hamilton,82,Account Opened,1,1,1,,
L0003552,20240502,CMP0015,Vaughan,61,KYC Done,1,1,0,,
L0003553,20240629,CMP0017,Mississauga,26,New,0,0,0,,
L0003554,20240723,CMP0004,Toronto,24,New,0,0,0,,
L0003555,20240620,CMP0011,Hamilton,97,Invested,1,1,1,INV000413,20240625
L0003556,20241220,CMP0002,Ottawa,50,New,0,0,0,,
L0003557,20241218,CMP0006,Mississauga,71,Invested,1,1,1,INV000414,20241231
L0003558,20240706,CMP0001,Kitchener,42,New,0,0,0,,
L0003559,20240613,CMP0013,Mississauga,18,New,0,0,0,,
L0003560,20240803,CMP0011,Toronto,47,Invested,1,1,1,INV000415,20240819
L0003561,20240307,CMP0014,Toronto,72,Account Opened,1,1,1,,
L0003562,20240604,CMP0004,Toronto,40,New,0,0,0,,
L0003563,20240320,CMP0006,Toronto,64,Qualified,1,0,0,,
L0003564,20240222,CMP0013,Brampton,49,Invested,1,1,1,INV000416,20240305
L0003565,20240204,CMP0015,Toronto,40,New,0,0,0,,
L0003566,20240802,CMP0016,Ottawa,32,New,0,0,0,,
L0003567,20240101,CMP0002,Brampton,33,Lost,0,0,0,,
L0003568,20240824,CMP0008,Hamilton,33,New,0,0,0,,
L0003569,20240607,CMP0001,Windsor,74,Account Opened,1,1,1,,
L0003570,20240514,CMP0015,Windsor,40,New,0,0,0,,
L0003571,20241008,CMP0003,Brampton,76,KYC Done,1,1,0,,
L0003572,20240716,CMP0015,Brampton,37,New,0,0,0,,
L0003573,20240925,CMP0003,London,39,New,0,0,0,,
L0003574,20240916,CMP0001,Brampton,93,KYC Done,1,1,0,,
L0003575,20240112,CMP0016,Markham,88,Account Opened,1,1,1,,
L0003576,20240319,CMP0008,Hamilton,46,New,0,0,0,,
L0003577,20240727,CMP0008,Toronto,34,New,0,0,0,,
L0003578,20241223,CMP0012,Brampton,74,Invested,1,1,1,INV000417,20241226
L0003579,20240226,CMP0005,Vaughan,16,New,0,0,0,,
L0003580,20240208,CMP0013,Ottawa,51,New,0,0,0,,
L0003581,20241210,CMP0008,London,63,Invested,1,1,1,INV000418,20241224
L0003582,20241219,CMP0005,London,70,Qualified,1,0,0,,
L0003583,20240302,CMP0008,Ottawa,19,New,0,0,0,,
L0003584,20240527,CMP0001,Mississauga,10,New,0,0,0,,
L0003585,20240817,CMP0006,Hamilton,34,New,0,0,0,,
L0003586,20240312,CMP0011,Toronto,20,New,0,0,0,,
L0003587,20240429,CMP0003,Hamilton,55,KYC Done,1,1,0,,
L0003588,20240524,CMP0003,Toronto,92,Lost,1,1,1,,
L0003589,20240822,CMP0012,Kitchener,35,New,0,0,0,,
L0003590,20240422,CMP0008,London,50,New,0,0,0,,
L0003591,20240530,CMP0003,Toronto,29,New,0,0,0,,
L0003592,20240415,CMP0014,Markham,13,New,0,0,0,,
L0003593,20241005,CMP0014,London,73,KYC Done,1,1,0,,
L0003594,20240226,CMP0001,London,33,New,0,0,0,,
L0003595,20240325,CMP0004,Mississauga,59,Account Opened,1,1,1,,
L0003596,20240401,CMP0007,Ottawa,71,KYC Done,1,1,0,,
L0003597,20241127,CMP0014,Hamilton,85,Lost,1,1,0,,
L0003598,20241211,CMP0002,Brampton,26,New,0,0,0,,
L0003599,20240702,CMP0015,Ottawa,62,Qualified,1,0,0,,
L0003600,20240227,CMP0006,Mississauga,91,KYC Done,1,1,0,,
L0003601,20241003,CMP0003,Vaughan,53,New,0,0,0,,
L0003602,20240629,CMP0016,Windsor,13,New,0,0,0,,
L0003603,20241107,CMP0002,Mississauga,33,New,0,0,0,,
L0003604,20240511,CMP0003,Brampton,81,Qualified,1,0,0,,
L0003605,20241231,CMP0018,Toronto,81,Account Opened,1,1,1,,
L0003606,20241022,CMP0010,Vaughan,38,New,0,0,0,,
L0003607,20240322,CMP0009,Toronto,27,New,0,0,0,,
L0003608,20240922,CMP0013,Markham,36,New,0,0,0,,
L0003609,20240415,CMP0012,Markham,31,New,0,0,0,,
L0003610,20240508,CMP0012,Mississauga,76,Invested,1,1,1,INV000419,20240510
L0003611,20240401,CMP0001,Markham,85,Invested,1,1,1,INV000420,20240428
L0003612,20240906,CMP0010,Ottawa,14,New,0,0,0,,
L0003613,20240406,CMP0006,Brampton,76,Account Opened,1,1,1,,
L0003614,20240821,CMP0015,Vaughan,77,Qualified,1,0,0,,
L0003615,20240801,CMP0010,Ottawa,65,Account Opened,1,1,1,,
L0003616,20241001,CMP0003,Toronto,88,Invested,1,1,1,INV000421,20241102
L0003617,20241229,CMP0016,Hamilton,13,New,0,0,0,,
L0003618,20240104,CMP0006,Hamilton,72,Account Opened,1,1,1,,
L0003619,20241228,CMP0005,Hamilton,21,New,0,0,0,,
L0003620,20240210,CMP0017,Brampton,90,Account Opened,1,1,1,,
L0003621,20240711,CMP0014,Hamilton,54,Invested,1,1,1,INV000422,20240728
L0003622,20240504,CMP0016,Mississauga,18,New,0,0,0,,
L0003623,20240821,CMP0012,Ottawa,77,Qualified,1,0,0,,
L0003624,20240921,CMP0017,Toronto,77,Account Opened,1,1,1,,
L0003625,20241110,CMP0003,Hamilton,51,Invested,1,1,1,INV000423,20241210
L0003626,20240527,CMP0011,Markham,37,New,0,0,0,,
L0003627,20241207,CMP0006,Toronto,11,Lost,0,0,0,,
L0003628,20240428,CMP0008,Toronto,91,KYC Done,1,1,0,,
L0003629,20240315,CMP0005,Markham,26,Lost,0,0,0,,
L0003630,20240518,CMP0004,Mississauga,85,Qualified,1,0,0,,
L0003631,20240712,CMP0008,Mississauga,62,Invested,1,1,1,INV000424,20240721
L0003632,20240901,CMP0017,Ottawa,71,KYC Done,1,1,0,,
L0003633,20241031,CMP0012,Ottawa,72,Qualified,1,0,0,,
L0003634,20240323,CMP0007,Toronto,87,KYC Done,1,1,0,,
L0003635,20240420,CMP0008,Markham,13,New,0,0,0,,
L0003636,20241209,CMP0010,Toronto,99,Qualified,1,0,0,,
L0003637,20240609,CMP0005,Markham,13,Lost,0,0,0,,
L0003638,20240329,CMP0010,Markham,99,Account Opened,1,1,1,,
L0003639,20241226,CMP0013,Toronto,33,New,0,0,0,,
L0003640,20240613,CMP0005,London,86,Qualified,1,0,0,,
L0003641,20241226,CMP0011,Hamilton,17,New,0,0,0,,
L0003642,20241202,CMP0013,Windsor,51,New,0,0,0,,
L0003643,20241127,CMP0010,London,58,New,0,0,0,,
L0003644,20240731,CMP0006,Brampton,95,Invested,1,1,1,INV000425,20240912
L0003645,20241019,CMP0010,Hamilton,21,New,0,0,0,,
L0003646,20241217,CMP0015,Hamilton,13,New,0,0,0,,
L0003647,20240408,CMP0004,London,68,Qualified,1,0,0,,
L0003648,20240114,CMP0011,Ottawa,14,Lost,0,0,0,,
L0003649,20240427,CMP0013,Markham,79,Account Opened,1,1,1,,
L0003650,20240821,CMP0006,Mississauga,13,Lost,0,0,0,,
L0003651,20240719,CMP0007,Windsor,97,Invested,1,1,1,INV000426,20240730
L0003652,20240130,CMP0016,Mississauga,57,Account Opened,1,1,1,,
L0003653,20240724,CMP0007,Toronto,95,Account Opened,1,1,1,,
L0003654,20240304,CMP0011,Toronto,21,Lost,0,0,0,,
L0003655,20240704,CMP0003,Kitchener,34,New,0,0,0,,
L0003656,20240729,CMP0017,Markham,50,KYC Done,1,1,0,,
L0003657,20240821,CMP0011,Brampton,12,New,0,0,0,,
L0003658,20240530,CMP0014,Kitchener,19,New,0,0,0,,
L0003659,20240529,CMP0011,Mississauga,39,New,0,0,0,,
L0003660,20240905,CMP0007,Mississauga,76,Account Opened,1,1,1,,
L0003661,20241001,CMP0007,Toronto,73,KYC Done,1,1,0,,
L0003662,20241022,CMP0013,Ottawa,17,New,0,0,0,,
L0003663,20240502,CMP0016,Ottawa,15,New,0,0,0,,
L0003664,20240604,CMP0003,Toronto,69,Qualified,1,0,0,,
L0003665,20240501,CMP0016,Toronto,42,New,0,0,0,,
L0003666,20240712,CMP0015,Brampton,81,Account Opened,1,1,1,,
L0003667,20240216,CMP0002,Mississauga,36,New,0,0,0,,
L0003668,20240606,CMP0002,Ottawa,42,Lost,0,0,0,,
L0003669,20240310,CMP0013,Ottawa,29,New,0,0,0,,
L0003670,20240713,CMP0016,Toronto,33,New,0,0,0,,
L0003671,20241107,CMP0008,Toronto,73,Qualified,1,0,0,,
L0003672,20241226,CMP0012,Hamilton,52,Lost,0,0,0,,
L0003673,20240612,CMP0018,Markham,69,KYC Done,1,1,0,,
L0003674,20240121,CMP0006,Ottawa,17,New,0,0,0,,
L0003675,20240324,CMP0005,Ottawa,58,Qualified,1,0,0,,
L0003676,20240208,CMP0018,Windsor,51,Qualified,1,0,0,,
L0003677,20241004,CMP0006,Markham,91,Account Opened,1,1,1,,
L0003678,20241226,CMP0009,Mississauga,48,Lost,0,0,0,,
L0003679,20240721,CMP0008,Vaughan,19,New,0,0,0,,
L0003680,20240305,CMP0010,Ottawa,72,Invested,1,1,1,INV000427,20240310
L0003681,20240108,CMP0005,Ottawa,23,New,0,0,0,,
L0003682,20241223,CMP0013,London,91,Qualified,1,0,0,,
L0003683,20240425,CMP0013,Brampton,44,New,0,0,0,,
L0003684,20240210,CMP0004,Vaughan,80,Qualified,1,0,0,,
L0003685,20240305,CMP0009,Toronto,69,Account Opened,1,1,1,,
L0003686,20240403,CMP0002,Brampton,51,Lost,1,1,0,,
L0003687,20240828,CMP0004,Toronto,62,Invested,1,1,1,INV000428,20240921
L0003688,20241122,CMP0018,London,26,New,0,0,0,,
L0003689,20240410,CMP0010,Mississauga,16,New,0,0,0,,
L0003690,20240908,CMP0012,Brampton,78,KYC Done,1,1,0,,
L0003691,20240124,CMP0016,Vaughan,96,Account Opened,1,1,1,,
L0003692,20240104,CMP0013,Toronto,87,KYC Done,1,1,0,,
L0003693,20240121,CMP0015,Toronto,37,New,0,0,0,,
L0003694,20241203,CMP0013,Ottawa,42,New,0,0,0,,
L0003695,20240731,CMP0009,Brampton,42,New,0,0,0,,
L0003696,20241021,CMP0012,Toronto,73,Account Opened,1,1,1,,
L0003697,20240108,CMP0006,Mississauga,66,KYC Done,1,1,0,,
L0003698,20240109,CMP0017,Mississauga,81,Qualified,1,0,0,,
L0003699,20241106,CMP0004,Mississauga,95,KYC Done,1,1,0,,
L0003700,20240207,CMP0016,Markham,45,New,0,0,0,,
L0003701,20240226,CMP0016,Mississauga,69,Account Opened,1,1,1,,
L0003702,20240708,CMP0003,Ottawa,55,New,0,0,0,,
L0003703,20240810,CMP0013,Mississauga,95,Lost,1,1,0,,
L0003704,20240324,CMP0018,Kitchener,41,Lost,0,0,0,,
L0003705,20240611,CMP0011,Markham,26,New,0,0,0,,
L0003706,20240904,CMP0007,Brampton,44,New,0,0,0,,
L0003707,20240611,CMP0016,London,65,Invested,1,1,1,INV000429,20240629
L0003708,20240520,CMP0010,Mississauga,95,Qualified,1,0,0,,
L0003709,20240127,CMP0003,Toronto,84,Account Opened,1,1,1,,
L0003710,20240614,CMP0005,Brampton,11,New,0,0,0,,
L0003711,20241020,CMP0013,Ottawa,55,New,0,0,0,,
L0003712,20240817,CMP0009,Brampton,24,New,0,0,0,,
L0003713,20241122,CMP0004,Brampton,42,New,0,0,0,,
L0003714,20240216,CMP0015,London,94,Lost,1,0,0,,
L0003715,20240105,CMP0003,Vaughan,98,KYC Done,1,1,0,,
L0003716,20240719,CMP0004,Vaughan,23,Lost,0,0,0,,
L0003717,20240306,CMP0009,Ottawa,22,New,0,0,0,,
L0003718,20240805,CMP0001,Hamilton,72,Invested,1,1,1,INV000430,20240831
L0003719,20241126,CMP0007,Ottawa,46,New,0,0,0,,
L0003720,20240503,CMP0017,Brampton,48,New,0,0,0,,
L0003721,20240720,CMP0017,London,88,Invested,1,1,1,INV000431,20240729
L0003722,20240906,CMP0016,Toronto,92,Qualified,1,0,0,,
L0003723,20240224,CMP0006,Vaughan,91,Account Opened,1,1,1,,
L0003724,20241124,CMP0002,Mississauga,80,Qualified,1,0,0,,
L0003725,20240315,CMP0015,Toronto,98,KYC Done,1,1,0,,
L0003726,20241022,CMP0007,Mississauga,74,Account Opened,1,1,1,,
L0003727,20240829,CMP0014,Markham,89,Invested,1,1,1,INV000432,20241005
L0003728,20240221,CMP0003,Mississauga,58,Account Opened,1,1,1,,
L0003729,20240922,CMP0013,Hamilton,14,New,0,0,0,,
L0003730,20240312,CMP0011,Brampton,83,KYC Done,1,1,0,,
L0003731,20240807,CMP0017,Hamilton,93,KYC Done,1,1,0,,
L0003732,20241217,CMP0002,Hamilton,38,New,0,0,0,,
L0003733,20241214,CMP0008,Windsor,48,Qualified,1,0,0,,
L0003734,20241114,CMP0018,Mississauga,61,Invested,1,1,1,INV000433,20241224
L0003735,20240629,CMP0008,Brampton,68,KYC Done,1,1,0,,
L0003736,20240723,CMP0012,Toronto,70,Qualified,1,0,0,,
L0003737,20240419,CMP0003,Ottawa,45,New,0,0,0,,
L0003738,20241203,CMP0014,Markham,86,Qualified,1,0,0,,
L0003739,20240623,CMP0005,Toronto,83,Qualified,1,0,0,,
L0003740,20241009,CMP0011,Windsor,94,KYC Done,1,1,0,,
L0003741,20240511,CMP0016,Toronto,61,Invested,1,1,1,INV000434,20240612
L0003742,20240927,CMP0012,Markham,16,New,0,0,0,,
L0003743,20240323,CMP0009,London,86,KYC Done,1,1,0,,
L0003744,20240925,CMP0004,Kitchener,17,New,0,0,0,,
L0003745,20240117,CMP0007,Ottawa,27,New,0,0,0,,
L0003746,20240208,CMP0016,London,35,New,0,0,0,,
L0003747,20240508,CMP0004,Toronto,26,New,0,0,0,,
L0003748,20240625,CMP0012,Brampton,75,KYC Done,1,1,0,,
L0003749,20240917,CMP0009,Markham,49,New,0,0,0,,
L0003750,20240511,CMP0006,Toronto,29,Lost,0,0,0,,
L0003751,20240107,CMP0013,Markham,10,Lost,0,0,0,,
L0003752,20240429,CMP0007,Mississauga,29,New,0,0,0,,
L0003753,20240609,CMP0006,Brampton,72,Qualified,1,0,0,,
L0003754,20240718,CMP0010,Hamilton,81,Account Opened,1,1,1,,
L0003755,20240823,CMP0014,Toronto,36,New,0,0,0,,
L0003756,20240331,CMP0016,Hamilton,16,New,0,0,0,,
L0003757,20240811,CMP0012,Kitchener,60,KYC Done,1,1,0,,
L0003758,20240819,CMP0012,Toronto,80,Invested,1,1,1,INV000435,20240910
L0003759,20241011,CMP0015,Mississauga,16,New,0,0,0,,
L0003760,20240710,CMP0005,Toronto,81,Qualified,1,0,0,,
L0003761,20241023,CMP0005,Ottawa,25,New,0,0,0,,
L0003762,20240322,CMP0009,London,33,New,0,0,0,,
L0003763,20240917,CMP0012,Kitchener,66,Account Opened,1,1,1,,
L0003764,20240117,CMP0012,Brampton,14,Lost,0,0,0,,
L0003765,20240207,CMP0003,Toronto,37,New,0,0,0,,
L0003766,20241112,CMP0015,Toronto,22,New,0,0,0,,
L0003767,20240622,CMP0007,Mississauga,29,Lost,0,0,0,,
L0003768,20240815,CMP0016,Ottawa,79,Account Opened,1,1,1,,
L0003769,20240808,CMP0014,Kitchener,30,New,0,0,0,,
L0003770,20240911,CMP0018,Toronto,13,New,0,0,0,,
L0003771,20240330,CMP0012,Markham,29,New,0,0,0,,
L0003772,20240306,CMP0010,Ottawa,17,Lost,0,0,0,,
L0003773,20240116,CMP0004,Vaughan,66,Invested,1,1,1,INV000436,20240131
L0003774,20241112,CMP0008,Vaughan,97,Lost,1,0,0,,
L0003775,20240322,CMP0016,Vaughan,25,New,0,0,0,,
L0003776,20240729,CMP0007,Brampton,75,Account Opened,1,1,1,,
L0003777,20240615,CMP0001,Brampton,42,New,0,0,0,,
L0003778,20240229,CMP0005,Toronto,16,New,0,0,0,,
L0003779,20240531,CMP0011,Mississauga,71,Qualified,1,0,0,,
L0003780,20240131,CMP0012,Hamilton,28,New,0,0,0,,
L0003781,20240305,CMP0018,Windsor,56,Account Opened,1,1,1,,
L0003782,20240221,CMP0017,Hamilton,55,Invested,1,1,1,INV000437,20240312
L0003783,20241028,CMP0010,Brampton,63,Lost,1,1,1,,
L0003784,20240726,CMP0010,Mississauga,22,New,0,0,0,,
L0003785,20241204,CMP0015,Hamilton,32,New,0,0,0,,
L0003786,20240608,CMP0001,Toronto,76,KYC Done,1,1,0,,
L0003787,20240314,CMP0011,Toronto,93,KYC Done,1,1,0,,
L0003788,20240810,CMP0009,Toronto,11,Lost,0,0,0,,
L0003789,20241206,CMP0015,Vaughan,47,Lost,0,0,0,,
L0003790,20240713,CMP0015,Brampton,89,Account Opened,1,1,1,,
L0003791,20240107,CMP0012,Kitchener,35,Lost,0,0,0,,
L0003792,20240421,CMP0012,Ottawa,50,KYC Done,1,1,0,,
L0003793,20241204,CMP0013,London,91,Account Opened,1,1,1,,
L0003794,20240708,CMP0011,Markham,97,Account Opened,1,1,1,,
L0003795,20241214,CMP0005,Vaughan,68,Qualified,1,0,0,,
L0003796,20240705,CMP0006,Toronto,72,Qualified,1,0,0,,
L0003797,20240105,CMP0014,Toronto,65,KYC Done,1,1,0,,
L0003798,20241115,CMP0012,Toronto,35,New,0,0,0,,
L0003799,20241006,CMP0005,Ottawa,89,Qualified,1,0,0,,
L0003800,20240918,CMP0016,Toronto,13,New,0,0,0,,
L0003801,20241221,CMP0018,Hamilton,15,New,0,0,0,,
L0003802,20240312,CMP0012,Brampton,64,Qualified,1,0,0,,
L0003803,20241127,CMP0005,Windsor,85,Lost,1,1,0,,
L0003804,20240326,CMP0017,Markham,83,Invested,1,1,1,INV000438,20240402
L0003805,20241221,CMP0005,London,71,Invested,1,1,1,INV000439,20241231
L0003806,20240311,CMP0008,London,43,New,0,0,0,,
L0003807,20240720,CMP0016,Toronto,42,New,0,0,0,,
L0003808,20241015,CMP0010,Toronto,48,New,0,0,0,,
L0003809,20240129,CMP0005,Brampton,33,New,0,0,0,,
L0003810,20240125,CMP0002,Kitchener,47,Qualified,1,0,0,,
L0003811,20241107,CMP0007,Toronto,19,New,0,0,0,,
L0003812,20240123,CMP0013,Brampton,38,New,0,0,0,,
L0003813,20240812,CMP0013,Markham,94,KYC Done,1,1,0,,
L0003814,20241209,CMP0005,Mississauga,73,KYC Done,1,1,0,,
L0003815,20240812,CMP0003,Kitchener,22,New,0,0,0,,
L0003816,20240625,CMP0013,Kitchener,35,New,0,0,0,,
L0003817,20240601,CMP0003,Toronto,33,New,0,0,0,,
L0003818,20240821,CMP0002,Hamilton,35,New,0,0,0,,
L0003819,20240728,CMP0009,Toronto,72,Invested,1,1,1,INV000440,20240809
L0003820,20240702,CMP0011,Ottawa,90,KYC Done,1,1,0,,
L0003821,20240226,CMP0005,Vaughan,73,Qualified,1,0,0,,
L0003822,20240830,CMP0004,Toronto,53,Lost,0,0,0,,
L0003823,20240927,CMP0005,Kitchener,24,New,0,0,0,,
L0003824,20240916,CMP0007,Windsor,22,New,0,0,0,,
L0003825,20240128,CMP0001,Hamilton,83,KYC Done,1,1,0,,
L0003826,20240914,CMP0001,Brampton,70,Qualified,1,0,0,,
L0003827,20240924,CMP0007,Mississauga,55,KYC Done,1,1,0,,
L0003828,20240308,CMP0001,Brampton,61,Invested,1,1,1,INV000441,20240315
L0003829,20241106,CMP0006,Toronto,86,Lost,1,1,0,,
L0003830,20240710,CMP0011,Toronto,83,Qualified,1,0,0,,
L0003831,20240621,CMP0001,Toronto,17,New,0,0,0,,
L0003832,20240921,CMP0012,Hamilton,45,New,0,0,0,,
L0003833,20240705,CMP0012,Toronto,13,New,0,0,0,,
L0003834,20240718,CMP0011,Mississauga,44,New,0,0,0,,
L0003835,20240424,CMP0012,Hamilton,67,Qualified,1,0,0,,
L0003836,20241205,CMP0015,Toronto,28,Lost,0,0,0,,
L0003837,20241220,CMP0002,Mississauga,23,New,0,0,0,,
L0003838,20240217,CMP0004,Toronto,54,New,0,0,0,,
L0003839,20240925,CMP0006,Toronto,57,New,0,0,0,,
L0003840,20240109,CMP0013,Mississauga,74,Account Opened,1,1,1,,
L0003841,20240515,CMP0016,Toronto,11,Lost,0,0,0,,
L0003842,20241221,CMP0017,Ottawa,32,New,0,0,0,,
L0003843,20240304,CMP0011,Toronto,80,Account Opened,1,1,1,,
L0003844,20240517,CMP0008,Mississauga,71,KYC Done,1,1,0,,
L0003845,20240321,CMP0008,London,90,KYC Done,1,1,0,,
L0003846,20240923,CMP0002,Hamilton,83,KYC Done,1,1,0,,
L0003847,20240618,CMP0009,Brampton,85,Account Opened,1,1,1,,
L0003848,20240805,CMP0010,Kitchener,55,New,0,0,0,,
L0003849,20241210,CMP0004,Markham,96,Qualified,1,0,0,,
L0003850,20240709,CMP0014,Hamilton,47,New,0,0,0,,
L0003851,20240925,CMP0015,Brampton,91,Qualified,1,0,0,,
L0003852,20240205,CMP0006,Toronto,45,New,0,0,0,,
L0003853,20240319,CMP0017,Brampton,49,New,0,0,0,,
L0003854,20241212,CMP0002,Ottawa,71,Invested,1,1,1,INV000442,20241226
L0003855,20241110,CMP0017,Windsor,45,New,0,0,0,,
L0003856,20240828,CMP0014,Kitchener,23,New,0,0,0,,
L0003857,20240518,CMP0005,Toronto,90,Qualified,1,0,0,,
L0003858,20240314,CMP0012,Windsor,50,Account Opened,1,1,1,,
L0003859,20241107,CMP0006,London,93,Account Opened,1,1,1,,
L0003860,20241014,CMP0015,London,45,New,0,0,0,,
L0003861,20240329,CMP0003,Kitchener,97,Qualified,1,0,0,,
L0003862,20240803,CMP0005,Mississauga,64,Account Opened,1,1,1,,
L0003863,20240814,CMP0006,Brampton,79,Qualified,1,0,0,,
L0003864,20240623,CMP0004,Vaughan,77,Invested,1,1,1,INV000443,20240718
L0003865,20241205,CMP0006,Toronto,28,New,0,0,0,,
L0003866,20240215,CMP0011,London,83,Lost,1,0,0,,
L0003867,20240404,CMP0012,Markham,95,Invested,1,1,1,INV000444,20240408
L0003868,20240204,CMP0010,Vaughan,69,Account Opened,1,1,1,,
L0003869,20240910,CMP0004,Toronto,95,KYC Done,1,1,0,,
L0003870,20240823,CMP0004,Hamilton,86,KYC Done,1,1,0,,
L0003871,20241227,CMP0017,Toronto,69,Account Opened,1,1,1,,
L0003872,20240717,CMP0005,Vaughan,52,Qualified,1,0,0,,
L0003873,20240225,CMP0002,Ottawa,87,Qualified,1,0,0,,
L0003874,20240614,CMP0009,Hamilton,26,New,0,0,0,,
L0003875,20240202,CMP0001,Vaughan,60,Invested,1,1,1,INV000445,20240216
L0003876,20240902,CMP0007,Ottawa,83,Lost,1,1,1,,
L0003877,20240903,CMP0016,Ottawa,94,Account Opened,1,1,1,,
L0003878,20241109,CMP0005,Ottawa,34,Lost,0,0,0,,
L0003879,20240504,CMP0013,Hamilton,18,New,0,0,0,,
L0003880,20240423,CMP0009,London,40,New,0,0,0,,
L0003881,20240127,CMP0007,Markham,87,Account Opened,1,1,1,,
L0003882,20240531,CMP0012,Toronto,57,KYC Done,1,1,0,,
L0003883,20240622,CMP0011,Brampton,14,Lost,0,0,0,,
L0003884,20241003,CMP0006,Brampton,20,New,0,0,0,,
L0003885,20241002,CMP0005,Toronto,40,New,0,0,0,,
L0003886,20240221,CMP0017,London,40,New,0,0,0,,
L0003887,20240414,CMP0004,Ottawa,22,New,0,0,0,,
L0003888,20240706,CMP0018,Toronto,54,Invested,1,1,1,INV000446,20240815
L0003889,20240502,CMP0009,Hamilton,53,Lost,0,0,0,,
L0003890,20240110,CMP0018,Mississauga,27,New,0,0,0,,
L0003891,20241105,CMP0007,London,30,New,0,0,0,,
L0003892,20240924,CMP0011,Toronto,69,KYC Done,1,1,0,,
L0003893,20240709,CMP0012,Toronto,95,KYC Done,1,1,0,,
L0003894,20240426,CMP0007,Toronto,99,Account Opened,1,1,1,,
L0003895,20241104,CMP0004,Ottawa,60,Lost,1,1,1,,
L0003896,20240113,CMP0010,London,13,New,0,0,0,,
L0003897,20240612,CMP0012,Hamilton,90,Invested,1,1,1,INV000447,20240719
L0003898,20241020,CMP0005,Toronto,95,Invested,1,1,1,INV000448,20241031
L0003899,20241214,CMP0014,Hamilton,35,New,0,0,0,,
L0003900,20240402,CMP0012,Ottawa,46,New,0,0,0,,
L0003901,20240826,CMP0003,Markham,12,New,0,0,0,,
L0003902,20240310,CMP0017,Mississauga,82,Qualified,1,0,0,,
L0003903,20240212,CMP0001,London,79,Invested,1,1,1,INV000449,20240315
L0003904,20240509,CMP0012,Hamilton,11,New,0,0,0,,
L0003905,20241119,CMP0008,Hamilton,73,Invested,1,1,1,INV000450,20241202
L0003906,20240909,CMP0012,Brampton,47,New,0,0,0,,
L0003907,20240628,CMP0014,Toronto,59,Invested,1,1,1,INV000451,20240708
L0003908,20240413,CMP0013,Toronto,29,New,0,0,0,,
L0003909,20240221,CMP0012,Vaughan,83,Invested,1,1,1,INV000452,20240224
L0003910,20240409,CMP0016,Hamilton,46,New,0,0,0,,
L0003911,20240225,CMP0013,Ottawa,85,Invested,1,1,1,INV000453,20240321
L0003912,20240309,CMP0015,Ottawa,23,New,0,0,0,,
L0003913,20240908,CMP0008,Toronto,62,Invested,1,1,1,INV000454,20240927
L0003914,20240218,CMP0004,Brampton,37,New,0,0,0,,
L0003915,20240118,CMP0005,Hamilton,96,Invested,1,1,1,INV000455,20240119
L0003916,20240717,CMP0012,Toronto,60,Invested,1,1,1,INV000456,20240823
L0003917,20240414,CMP0010,Kitchener,74,Invested,1,1,1,INV000457,20240416
L0003918,20240615,CMP0002,Toronto,17,New,0,0,0,,
L0003919,20240221,CMP0004,Hamilton,70,Account Opened,1,1,1,,
L0003920,20240317,CMP0018,Mississauga,19,New,0,0,0,,
L0003921,20240610,CMP0014,Vaughan,42,Lost,0,0,0,,
L0003922,20240909,CMP0014,Markham,30,New,0,0,0,,
L0003923,20240531,CMP0004,Mississauga,10,New,0,0,0,,
L0003924,20240717,CMP0002,Ottawa,62,Qualified,1,0,0,,
L0003925,20240710,CMP0006,Kitchener,31,New,0,0,0,,
L0003926,20240408,CMP0016,Hamilton,56,Lost,1,0,0,,
L0003927,20240412,CMP0010,Toronto,78,Invested,1,1,1,INV000458,20240427
L0003928,20240604,CMP0015,Markham,26,New,0,0,0,,
L0003929,20240112,CMP0009,Brampton,73,KYC Done,1,1,0,,
L0003930,20240907,CMP0009,Mississauga,36,New,0,0,0,,
L0003931,20240812,CMP0011,Markham,39,New,0,0,0,,
L0003932,20240422,CMP0018,Windsor,61,Account Opened,1,1,1,,
L0003933,20240516,CMP0008,Toronto,66,Account Opened,1,1,1,,
L0003934,20240430,CMP0011,Brampton,68,Account Opened,1,1,1,,
L0003935,20240826,CMP0017,Mississauga,27,Lost,0,0,0,,
L0003936,20241005,CMP0007,Vaughan,62,Account Opened,1,1,1,,
L0003937,20240209,CMP0016,Vaughan,33,New,0,0,0,,
L0003938,20240531,CMP0010,Kitchener,34,New,0,0,0,,
L0003939,20240106,CMP0016,Toronto,95,Invested,1,1,1,INV000459,20240117
L0003940,20240614,CMP0009,Toronto,19,New,0,0,0,,
L0003941,20240331,CMP0012,Ottawa,47,New,0,0,0,,
L0003942,20240502,CMP0006,Toronto,49,New,0,0,0,,
L0003943,20240616,CMP0012,Toronto,32,New,0,0,0,,
L0003944,20240428,CMP0006,Mississauga,80,Invested,1,1,1,INV000460,20240526
L0003945,20240524,CMP0011,London,53,New,0,0,0,,
L0003946,20241006,CMP0015,Hamilton,74,Invested,1,1,1,INV000461,20241025
L0003947,20241023,CMP0008,Markham,44,New,0,0,0,,
L0003948,20240103,CMP0008,Toronto,90,Account Opened,1,1,1,,
L0003949,20240518,CMP0006,Markham,75,Account Opened,1,1,1,,
L0003950,20241105,CMP0014,Ottawa,39,New,0,0,0,,
L0003951,20240713,CMP0011,Mississauga,96,Account Opened,1,1,1,,
L0003952,20240316,CMP0010,Hamilton,87,Lost,1,0,0,,
L0003953,20240805,CMP0001,Markham,63,Qualified,1,0,0,,
L0003954,20240223,CMP0002,Toronto,11,New,0,0,0,,
L0003955,20240108,CMP0001,Markham,63,Account Opened,1,1,1,,
L0003956,20240819,CMP0016,Ottawa,72,KYC Done,1,1,0,,
L0003957,20240707,CMP0016,Hamilton,42,New,0,0,0,,
L0003958,20241003,CMP0002,Vaughan,22,New,0,0,0,,
L0003959,20240506,CMP0001,London,60,Account Opened,1,1,1,,
L0003960,20241108,CMP0015,Hamilton,82,Invested,1,1,1,INV000462,20241129
L0003961,20240603,CMP0010,Mississauga,38,New,0,0,0,,
L0003962,20240927,CMP0006,Ottawa,51,Lost,1,1,1,,
L0003963,20240206,CMP0012,Markham,10,New,0,0,0,,
L0003964,20240205,CMP0005,Windsor,73,Invested,1,1,1,INV000463,20240216
L0003965,20241013,CMP0004,London,87,KYC Done,1,1,0,,
L0003966,20241101,CMP0007,Markham,79,Lost,1,0,0,,
L0003967,20241210,CMP0017,London,48,New,0,0,0,,
L0003968,20240428,CMP0014,Markham,14,New,0,0,0,,
L0003969,20240109,CMP0004,Mississauga,54,Qualified,1,0,0,,
L0003970,20241224,CMP0011,Brampton,94,KYC Done,1,1,0,,
L0003971,20240808,CMP0016,Ottawa,17,New,0,0,0,,
L0003972,20240331,CMP0018,Ottawa,29,Lost,0,0,0,,
L0003973,20241006,CMP0014,Hamilton,85,Qualified,1,0,0,,
L0003974,20241126,CMP0003,Windsor,61,Qualified,1,0,0,,
L0003975,20240414,CMP0005,Vaughan,25,New,0,0,0,,
L0003976,20241008,CMP0004,Markham,12,Lost,0,0,0,,
L0003977,20241015,CMP0003,Markham,46,New,0,0,0,,
L0003978,20240702,CMP0004,Markham,63,Qualified,1,0,0,,
L0003979,20240819,CMP0006,Hamilton,85,KYC Done,1,1,0,,
L0003980,20240408,CMP0010,Mississauga,89,Account Opened,1,1,1,,
L0003981,20241206,CMP0008,Vaughan,51,Invested,1,1,1,INV000464,20241231
L0003982,20241225,CMP0008,Mississauga,48,New,0,0,0,,
L0003983,20241225,CMP0005,London,93,Account Opened,1,1,1,,
L0003984,20240926,CMP0003,Toronto,79,KYC Done,1,1,0,,
L0003985,20240116,CMP0018,Ottawa,28,New,0,0,0,,
L0003986,20240514,CMP0011,Mississauga,71,KYC Done,1,1,0,,
L0003987,20240611,CMP0005,London,74,Qualified,1,0,0,,
L0003988,20241217,CMP0015,Vaughan,31,New,0,0,0,,
L0003989,20240719,CMP0015,Toronto,98,Lost,1,1,1,,
L0003990,20240715,CMP0018,Toronto,36,New,0,0,0,,
L0003991,20240223,CMP0003,Kitchener,59,Qualified,1,0,0,,
L0003992,20241017,CMP0012,Mississauga,54,New,0,0,0,,
L0003993,20240503,CMP0018,London,72,Account Opened,1,1,1,,
L0003994,20240203,CMP0015,Markham,91,Invested,1,1,1,INV000465,20240213
L0003995,20241227,CMP0005,London,45,New,0,0,0,,
L0003996,20240310,CMP0017,Toronto,44,New,0,0,0,,
L0003997,20240106,CMP0008,London,77,KYC Done,1,1,0,,
L0003998,20240129,CMP0009,Windsor,95,Invested,1,1,1,INV000466,20240204
L0003999,20240614,CMP0011,Brampton,91,Qualified,1,0,0,,
L0004000,20240207,CMP0014,London,77,Account Opened,1,1,1,,
L0004001,20241104,CMP0003,Mississauga,73,KYC Done,1,1,0,,
L0004002,20240706,CMP0010,Windsor,79,Qualified,1,0,0,,
L0004003,20240428,CMP0015,Toronto,94,Qualified,1,0,0,,
L0004004,20240102,CMP0010,Mississauga,10,New,0,0,0,,
L0004005,20240624,CMP0005,Toronto,62,Account Opened,1,1,1,,
L0004006,20240225,CMP0002,Kitchener,13,New,0,0,0,,
L0004007,20241223,CMP0010,Ottawa,61,Account Opened,1,1,1,,
L0004008,20240416,CMP0013,Mississauga,45,New,0,0,0,,
L0004009,20240622,CMP0010,Toronto,37,New,0,0,0,,
L0004010,20240107,CMP0018,Vaughan,90,Invested,1,1,1,INV000467,20240130
L0004011,20240217,CMP0011,Toronto,73,KYC Done,1,1,0,,
L0004012,20240316,CMP0010,Hamilton,61,Lost,1,0,0,,
L0004013,20240119,CMP0001,Hamilton,89,KYC Done,1,1,0,,
L0004014,20240922,CMP0011,Markham,18,New,0,0,0,,
L0004015,20241212,CMP0004,London,68,Lost,1,1,1,,
L0004016,20241226,CMP0014,Markham,24,New,0,0,0,,
L0004017,20240407,CMP0003,Toronto,30,New,0,0,0,,
L0004018,20241015,CMP0017,Brampton,26,Lost,0,0,0,,
L0004019,20240703,CMP0006,Toronto,58,Lost,1,1,1,,
L0004020,20240117,CMP0008,Brampton,66,Lost,1,1,0,,
L0004021,20240203,CMP0003,Ottawa,78,KYC Done,1,1,0,,
L0004022,20240719,CMP0004,Hamilton,49,New,0,0,0,,
L0004023,20240604,CMP0017,Kitchener,94,KYC Done,1,1,0,,
L0004024,20240104,CMP0006,Kitchener,43,New,0,0,0,,
L0004025,20241206,CMP0010,Mississauga,24,New,0,0,0,,
L0004026,20240924,CMP0018,London,13,New,0,0,0,,
L0004027,20240702,CMP0012,London,21,New,0,0,0,,
L0004028,20241227,CMP0001,Kitchener,50,New,0,0,0,,
L0004029,20241221,CMP0007,Toronto,47,New,0,0,0,,
L0004030,20241222,CMP0007,Hamilton,86,Qualified,1,0,0,,
L0004031,20240404,CMP0005,Brampton,21,New,0,0,0,,
L0004032,20241118,CMP0005,Brampton,33,Lost,0,0,0,,
L0004033,20240703,CMP0010,Hamilton,98,Invested,1,1,1,INV000468,20240716
L0004034,20240922,CMP0007,Mississauga,12,Lost,0,0,0,,
L0004035,20241110,CMP0006,Toronto,48,New,0,0,0,,
L0004036,20240229,CMP0008,Markham,27,New,0,0,0,,
L0004037,20240613,CMP0007,Toronto,58,Account Opened,1,1,1,,
L0004038,20240217,CMP0005,Mississauga,97,Qualified,1,0,0,,
L0004039,20240412,CMP0009,Hamilton,30,New,0,0,0,,
L0004040,20240531,CMP0017,Hamilton,43,New,0,0,0,,
L0004041,20241109,CMP0010,Hamilton,50,Qualified,1,0,0,,
L0004042,20241111,CMP0011,Windsor,81,Account Opened,1,1,1,,
L0004043,20240522,CMP0018,Brampton,98,Account Opened,1,1,1,,
L0004044,20240430,CMP0012,Toronto,18,New,0,0,0,,
L0004045,20240713,CMP0005,Toronto,53,KYC Done,1,1,0,,
L0004046,20241129,CMP0008,Ottawa,77,Qualified,1,0,0,,
L0004047,20241223,CMP0009,Brampton,10,New,0,0,0,,
L0004048,20240323,CMP0009,Kitchener,82,Account Opened,1,1,1,,
L0004049,20240309,CMP0003,Ottawa,31,New,0,0,0,,
L0004050,20240915,CMP0002,Ottawa,56,Invested,1,1,1,INV000469,20241009
L0004051,20240420,CMP0007,Vaughan,98,Invested,1,1,1,INV000470,20240512
L0004052,20240314,CMP0017,Markham,67,KYC Done,1,1,0,,
L0004053,20240112,CMP0013,London,99,Account Opened,1,1,1,,
L0004054,20240527,CMP0016,Ottawa,64,Invested,1,1,1,INV000471,20240619
L0004055,20240523,CMP0004,Mississauga,28,New,0,0,0,,
L0004056,20240725,CMP0008,Ottawa,72,Qualified,1,0,0,,
L0004057,20240314,CMP0011,Toronto,65,Qualified,1,0,0,,
L0004058,20240918,CMP0008,Ottawa,37,New,0,0,0,,
L0004059,20240905,CMP0008,Vaughan,16,New,0,0,0,,
L0004060,20240618,CMP0007,Ottawa,68,Lost,1,0,0,,
L0004061,20240307,CMP0001,Toronto,61,Invested,1,1,1,INV000472,20240404
L0004062,20240704,CMP0016,Toronto,79,Invested,1,1,1,INV000473,20240802
L0004063,20240903,CMP0017,Vaughan,21,Lost,0,0,0,,
L0004064,20240516,CMP0002,Mississauga,58,Lost,1,0,0,,
L0004065,20240406,CMP0008,Ottawa,83,Qualified,1,0,0,,
L0004066,20240704,CMP0010,Markham,90,Qualified,1,0,0,,
L0004067,20240510,CMP0015,Mississauga,94,Lost,1,1,1,,
L0004068,20240526,CMP0018,London,29,Lost,0,0,0,,
L0004069,20240507,CMP0008,Toronto,25,New,0,0,0,,
L0004070,20240421,CMP0014,London,61,Account Opened,1,1,1,,
L0004071,20240919,CMP0017,Toronto,51,New,0,0,0,,
L0004072,20240617,CMP0015,Mississauga,31,New,0,0,0,,
L0004073,20240619,CMP0006,Mississauga,19,New,0,0,0,,
L0004074,20240827,CMP0015,Vaughan,22,New,0,0,0,,
L0004075,20240512,CMP0008,Ottawa,40,Lost,0,0,0,,
L0004076,20240206,CMP0001,Vaughan,76,KYC Done,1,1,0,,
L0004077,20241108,CMP0014,Hamilton,15,Lost,0,0,0,,
L0004078,20240121,CMP0016,Markham,19,New,0,0,0,,
L0004079,20240728,CMP0007,Ottawa,33,New,0,0,0,,
L0004080,20240407,CMP0009,Ottawa,88,Invested,1,1,1,INV000474,20240417
L0004081,20240319,CMP0007,Hamilton,99,Account Opened,1,1,1,,
L0004082,20240116,CMP0003,Mississauga,49,New,0,0,0,,
L0004083,20241125,CMP0018,Kitchener,14,New,0,0,0,,
L0004084,20240606,CMP0001,Kitchener,11,New,0,0,0,,
L0004085,20240505,CMP0011,Toronto,87,KYC Done,1,1,0,,
L0004086,20240928,CMP0001,Kitchener,50,Lost,1,0,0,,
L0004087,20240115,CMP0013,Toronto,16,New,0,0,0,,
L0004088,20240725,CMP0017,London,85,KYC Done,1,1,0,,
L0004089,20240630,CMP0012,Markham,57,Lost,1,1,0,,
L0004090,20240721,CMP0011,Mississauga,41,New,0,0,0,,
L0004091,20240215,CMP0015,Toronto,50,KYC Done,1,1,0,,
L0004092,20241214,CMP0018,London,30,New,0,0,0,,
L0004093,20240328,CMP0016,Ottawa,93,KYC Done,1,1,0,,
L0004094,20240905,CMP0005,Ottawa,80,Account Opened,1,1,1,,
L0004095,20240930,CMP0011,Markham,27,New,0,0,0,,
L0004096,20240505,CMP0015,Mississauga,76,KYC Done,1,1,0,,
L0004097,20240217,CMP0006,Toronto,26,New,0,0,0,,
L0004098,20240418,CMP0013,Kitchener,50,New,0,0,0,,
L0004099,20241022,CMP0001,London,77,Account Opened,1,1,1,,
L0004100,20241127,CMP0016,Hamilton,13,New,0,0,0,,
L0004101,20241208,CMP0012,Mississauga,75,Invested,1,1,1,INV000475,20241231
L0004102,20240323,CMP0014,Windsor,30,New,0,0,0,,
L0004103,20240809,CMP0015,Mississauga,72,Invested,1,1,1,INV000476,20240918
L0004104,20240225,CMP0004,Toronto,54,Lost,1,0,0,,
L0004105,20240916,CMP0009,Mississauga,12,New,0,0,0,,
L0004106,20240601,CMP0016,London,78,Qualified,1,0,0,,
L0004107,20240918,CMP0003,Mississauga,33,New,0,0,0,,
L0004108,20240907,CMP0015,Mississauga,95,Invested,1,1,1,INV000477,20241007
L0004109,20241229,CMP0006,Ottawa,85,Account Opened,1,1,1,,
L0004110,20240627,CMP0011,Hamilton,27,New,0,0,0,,
L0004111,20240505,CMP0010,Toronto,64,Account Opened,1,1,1,,
L0004112,20240711,CMP0013,Hamilton,42,New,0,0,0,,
L0004113,20240229,CMP0016,Brampton,64,Lost,1,1,1,,
L0004114,20240210,CMP0007,Brampton,60,Qualified,1,0,0,,
L0004115,20240709,CMP0004,Toronto,36,New,0,0,0,,
L0004116,20241029,CMP0008,Windsor,68,Lost,1,0,0,,
L0004117,20240714,CMP0012,London,33,Lost,0,0,0,,
L0004118,20241013,CMP0014,Toronto,91,Invested,1,1,1,INV000478,20241125
L0004119,20240306,CMP0014,Brampton,95,KYC Done,1,1,0,,
L0004120,20240613,CMP0007,Toronto,24,New,0,0,0,,
L0004121,20240812,CMP0017,Ottawa,75,Qualified,1,0,0,,
L0004122,20240507,CMP0002,London,93,Invested,1,1,1,INV000479,20240606
L0004123,20240106,CMP0003,Toronto,21,New,0,0,0,,
L0004124,20240127,CMP0001,Kitchener,76,Account Opened,1,1,1,,
L0004125,20241205,CMP0017,Brampton,94,Invested,1,1,1,INV000480,20241221
L0004126,20240809,CMP0004,Mississauga,30,New,0,0,0,,
L0004127,20240406,CMP0011,Toronto,62,Qualified,1,0,0,,
L0004128,20240404,CMP0015,Toronto,81,Invested,1,1,1,INV000481,20240416
L0004129,20240115,CMP0014,Vaughan,40,New,0,0,0,,
L0004130,20241211,CMP0018,Ottawa,31,New,0,0,0,,
L0004131,20240209,CMP0001,Markham,45,New,0,0,0,,
L0004132,20241004,CMP0008,Mississauga,40,New,0,0,0,,
L0004133,20240328,CMP0010,Mississauga,75,Account Opened,1,1,1,,
L0004134,20240502,CMP0013,Brampton,43,New,0,0,0,,
L0004135,20240410,CMP0012,Ottawa,43,New,0,0,0,,
L0004136,20241028,CMP0011,Toronto,95,Account Opened,1,1,1,,
L0004137,20240113,CMP0006,Toronto,62,Account Opened,1,1,1,,
L0004138,20240508,CMP0002,Windsor,93,Account Opened,1,1,1,,
L0004139,20240412,CMP0008,Hamilton,73,Qualified,1,0,0,,
L0004140,20240409,CMP0005,Toronto,89,Qualified,1,0,0,,
L0004141,20240311,CMP0010,Markham,27,New,0,0,0,,
L0004142,20241129,CMP0015,Brampton,94,Lost,1,1,0,,
L0004143,20240518,CMP0010,Markham,94,Invested,1,1,1,INV000482,20240627
L0004144,20240602,CMP0011,Kitchener,13,New,0,0,0,,
L0004145,20240520,CMP0001,Toronto,42,Lost,0,0,0,,
L0004146,20241224,CMP0012,Windsor,47,KYC Done,1,1,0,,
L0004147,20240504,CMP0008,Toronto,47,New,0,0,0,,
L0004148,20240505,CMP0003,Mississauga,80,Lost,1,1,0,,
L0004149,20240430,CMP0004,Hamilton,72,Account Opened,1,1,1,,
L0004150,20240429,CMP0015,London,29,New,0,0,0,,
L0004151,20240202,CMP0017,Toronto,64,Invested,1,1,1,INV000483,20240309
L0004152,20240809,CMP0010,Toronto,97,Lost,1,1,0,,
L0004153,20240110,CMP0018,Mississauga,49,New,0,0,0,,
L0004154,20240323,CMP0004,Mississauga,93,Account Opened,1,1,1,,
L0004155,20240314,CMP0006,Mississauga,68,Account Opened,1,1,1,,
L0004156,20240416,CMP0017,Toronto,93,KYC Done,1,1,0,,
L0004157,20241003,CMP0004,Windsor,91,Invested,1,1,1,INV000484,20241007
L0004158,20240807,CMP0012,Markham,11,New,0,0,0,,
L0004159,20241228,CMP0004,Windsor,82,Account Opened,1,1,1,,
L0004160,20240508,CMP0006,Toronto,27,Lost,0,0,0,,
L0004161,20241205,CMP0009,Toronto,84,Account Opened,1,1,1,,
L0004162,20240117,CMP0007,Ottawa,82,Invested,1,1,1,INV000485,20240122
L0004163,20240703,CMP0016,Hamilton,33,New,0,0,0,,
L0004164,20241019,CMP0018,Hamilton,15,New,0,0,0,,
L0004165,20240713,CMP0010,Toronto,47,New,0,0,0,,
L0004166,20241207,CMP0010,Vaughan,37,New,0,0,0,,
L0004167,20240425,CMP0001,Ottawa,59,Account Opened,1,1,1,,
L0004168,20240113,CMP0005,Brampton,17,New,0,0,0,,
L0004169,20241010,CMP0001,Ottawa,13,New,0,0,0,,
L0004170,20240125,CMP0016,Toronto,49,New,0,0,0,,
L0004171,20241006,CMP0005,Toronto,79,Invested,1,1,1,INV000486,20241014
L0004172,20240925,CMP0007,Windsor,38,Lost,0,0,0,,
L0004173,20241105,CMP0016,Ottawa,39,New,0,0,0,,
L0004174,20240624,CMP0013,Toronto,24,New,0,0,0,,
L0004175,20241123,CMP0012,Mississauga,35,New,0,0,0,,
L0004176,20240303,CMP0001,Toronto,36,New,0,0,0,,
L0004177,20240607,CMP0011,Kitchener,33,New,0,0,0,,
L0004178,20240214,CMP0011,Markham,40,New,0,0,0,,
L0004179,20241007,CMP0006,Ottawa,35,New,0,0,0,,
L0004180,20240918,CMP0014,Kitchener,71,Lost,1,1,1,,
L0004181,20241022,CMP0017,Brampton,40,New,0,0,0,,
L0004182,20241006,CMP0005,Vaughan,77,Invested,1,1,1,INV000487,20241018
L0004183,20240422,CMP0006,Ottawa,64,Qualified,1,0,0,,
L0004184,20240125,CMP0006,Vaughan,67,Account Opened,1,1,1,,
L0004185,20241206,CMP0016,Kitchener,62,Account Opened,1,1,1,,
L0004186,20240629,CMP0002,Ottawa,93,Qualified,1,0,0,,
L0004187,20240204,CMP0017,Toronto,33,New,0,0,0,,
L0004188,20241205,CMP0014,Toronto,98,Qualified,1,0,0,,
L0004189,20241229,CMP0009,Mississauga,28,New,0,0,0,,
L0004190,20240612,CMP0011,Mississauga,22,New,0,0,0,,
L0004191,20241008,CMP0017,Brampton,84,KYC Done,1,1,0,,
L0004192,20240114,CMP0014,Ottawa,90,Account Opened,1,1,1,,
L0004193,20240204,CMP0005,Toronto,18,New,0,0,0,,
L0004194,20240411,CMP0001,Kitchener,63,Invested,1,1,1,INV000488,20240513
L0004195,20240828,CMP0012,Toronto,56,KYC Done,1,1,0,,
L0004196,20240218,CMP0003,Toronto,29,New,0,0,0,,
L0004197,20240113,CMP0002,Toronto,56,Invested,1,1,1,INV000489,20240216
L0004198,20240901,CMP0018,Windsor,71,Lost,1,1,0,,
L0004199,20241008,CMP0009,Brampton,61,Invested,1,1,1,INV000490,20241019
L0004200,20240927,CMP0012,Toronto,56,KYC Done,1,1,0,,
L0004201,20241019,CMP0004,Toronto,89,Account Opened,1,1,1,,
L0004202,20241020,CMP0002,Brampton,30,New,0,0,0,,
L0004203,20240808,CMP0002,Windsor,66,Account Opened,1,1,1,,
L0004204,20240709,CMP0007,Ottawa,38,New,0,0,0,,
L0004205,20241109,CMP0001,Brampton,97,Qualified,1,0,0,,
L0004206,20240507,CMP0008,Brampton,32,New,0,0,0,,
L0004207,20240205,CMP0006,Toronto,88,Invested,1,1,1,INV000491,20240304
L0004208,20241002,CMP0010,Ottawa,66,Qualified,1,0,0,,
L0004209,20240410,CMP0011,Brampton,29,New,0,0,0,,
L0004210,20241224,CMP0006,London,78,KYC Done,1,1,0,,
L0004211,20240531,CMP0009,Toronto,31,New,0,0,0,,
L0004212,20241107,CMP0002,Toronto,33,New,0,0,0,,
L0004213,20240116,CMP0006,Hamilton,41,New,0,0,0,,
L0004214,20240829,CMP0018,London,71,Invested,1,1,1,INV000492,20241007
L0004215,20240613,CMP0018,Ottawa,45,New,0,0,0,,
L0004216,20240618,CMP0009,Markham,61,Qualified,1,0,0,,
L0004217,20240407,CMP0017,Vaughan,59,Qualified,1,0,0,,
L0004218,20241221,CMP0010,Kitchener,27,New,0,0,0,,
L0004219,20240523,CMP0003,Brampton,30,New,0,0,0,,
L0004220,20241107,CMP0016,Kitchener,37,New,0,0,0,,
L0004221,20240604,CMP0008,London,30,New,0,0,0,,
L0004222,20240118,CMP0012,Hamilton,92,KYC Done,1,1,0,,
L0004223,20241117,CMP0012,Ottawa,44,New,0,0,0,,
L0004224,20240308,CMP0006,Toronto,46,New,0,0,0,,
L0004225,20240408,CMP0014,Ottawa,70,Account Opened,1,1,1,,
L0004226,20241111,CMP0010,Markham,80,KYC Done,1,1,0,,
L0004227,20241123,CMP0007,Windsor,71,Lost,1,0,0,,
L0004228,20241201,CMP0006,Brampton,59,Qualified,1,0,0,,
L0004229,20240604,CMP0014,Windsor,97,Invested,1,1,1,INV000493,20240707
L0004230,20241004,CMP0005,Toronto,90,Invested,1,1,1,INV000494,20241025
L0004231,20240429,CMP0003,Kitchener,28,New,0,0,0,,
L0004232,20240927,CMP0016,Hamilton,24,New,0,0,0,,
L0004233,20240702,CMP0006,Hamilton,45,New,0,0,0,,
L0004234,20240120,CMP0012,Ottawa,85,Account Opened,1,1,1,,
L0004235,20240601,CMP0013,Windsor,96,Account Opened,1,1,1,,
L0004236,20240620,CMP0016,Toronto,73,KYC Done,1,1,0,,
L0004237,20240404,CMP0012,Brampton,72,Invested,1,1,1,INV000495,20240424
L0004238,20240517,CMP0013,Vaughan,31,Lost,0,0,0,,
L0004239,20240702,CMP0016,Toronto,63,Account Opened,1,1,1,,
L0004240,20240119,CMP0017,Ottawa,26,New,0,0,0,,
L0004241,20240225,CMP0001,Ottawa,58,New,0,0,0,,
L0004242,20241007,CMP0014,Markham,27,New,0,0,0,,
L0004243,20240508,CMP0004,Kitchener,16,New,0,0,0,,
L0004244,20240810,CMP0017,Mississauga,97,Lost,1,0,0,,
L0004245,20240726,CMP0001,London,90,Account Opened,1,1,1,,
L0004246,20240720,CMP0005,Ottawa,71,Account Opened,1,1,1,,
L0004247,20240531,CMP0004,Hamilton,66,KYC Done,1,1,0,,
L0004248,20240625,CMP0011,Toronto,31,New,0,0,0,,
L0004249,20241028,CMP0001,Mississauga,61,Invested,1,1,1,INV000496,20241123
L0004250,20241219,CMP0001,Ottawa,77,Invested,1,1,1,INV000497,20241231
L0004251,20240403,CMP0010,Toronto,58,Qualified,1,0,0,,
L0004252,20240902,CMP0018,London,35,New,0,0,0,,
L0004253,20241220,CMP0010,Toronto,45,New,0,0,0,,
L0004254,20240103,CMP0009,Kitchener,85,KYC Done,1,1,0,,
L0004255,20241014,CMP0012,Vaughan,32,New,0,0,0,,
L0004256,20240630,CMP0010,Hamilton,96,Qualified,1,0,0,,
L0004257,20241220,CMP0007,Vaughan,77,Invested,1,1,1,INV000498,20241231
L0004258,20240730,CMP0011,Windsor,90,KYC Done,1,1,0,,
L0004259,20241102,CMP0001,Markham,55,Qualified,1,0,0,,
L0004260,20240301,CMP0005,Hamilton,30,New,0,0,0,,
L0004261,20240222,CMP0013,Ottawa,13,New,0,0,0,,
L0004262,20241205,CMP0007,Markham,58,Qualified,1,0,0,,
L0004263,20240711,CMP0001,London,45,KYC Done,1,1,0,,
L0004264,20240723,CMP0003,Ottawa,20,New,0,0,0,,
L0004265,20240303,CMP0016,Ottawa,93,Invested,1,1,1,INV000499,20240404
L0004266,20240323,CMP0006,Mississauga,97,Invested,1,1,1,INV000500,20240417
L0004267,20241026,CMP0001,Markham,43,New,0,0,0,,
L0004268,20240421,CMP0014,Vaughan,70,Invested,1,1,1,INV000501,20240502
L0004269,20240801,CMP0010,Toronto,47,New,0,0,0,,
L0004270,20240425,CMP0009,Toronto,54,Account Opened,1,1,1,,
L0004271,20240406,CMP0017,Windsor,66,Account Opened,1,1,1,,
L0004272,20240301,CMP0006,Toronto,47,New,0,0,0,,
L0004273,20241206,CMP0011,London,82,Lost,1,1,0,,
L0004274,20241210,CMP0014,Ottawa,27,New,0,0,0,,
L0004275,20240212,CMP0011,Ottawa,70,Account Opened,1,1,1,,
L0004276,20240509,CMP0004,Toronto,98,Account Opened,1,1,1,,
L0004277,20240725,CMP0013,Toronto,86,Invested,1,1,1,INV000502,20240731
L0004278,20240520,CMP0014,Ottawa,14,New,0,0,0,,
L0004279,20240920,CMP0003,Brampton,20,New,0,0,0,,
L0004280,20240405,CMP0003,Markham,66,Account Opened,1,1,1,,
L0004281,20240122,CMP0013,Windsor,93,Account Opened,1,1,1,,
L0004282,20240503,CMP0003,Markham,85,Account Opened,1,1,1,,
L0004283,20240806,CMP0016,Brampton,91,Invested,1,1,1,INV000503,20240917
L0004284,20240307,CMP0002,Ottawa,23,New,0,0,0,,
L0004285,20241025,CMP0018,Toronto,56,Invested,1,1,1,INV000504,20241117
L0004286,20240105,CMP0013,London,75,Account Opened,1,1,1,,
L0004287,20240125,CMP0008,Ottawa,66,Account Opened,1,1,1,,
L0004288,20240705,CMP0005,Vaughan,79,KYC Done,1,1,0,,
L0004289,20240706,CMP0007,Hamilton,29,New,0,0,0,,
L0004290,20240417,CMP0014,Toronto,51,New,0,0,0,,
L0004291,20240404,CMP0014,Brampton,50,Invested,1,1,1,INV000505,20240422
L0004292,20240126,CMP0004,Hamilton,94,KYC Done,1,1,0,,
L0004293,20240830,CMP0010,Vaughan,28,New,0,0,0,,
L0004294,20240518,CMP0018,Brampton,39,New,0,0,0,,
L0004295,20240213,CMP0005,Hamilton,11,New,0,0,0,,
L0004296,20240526,CMP0013,Toronto,23,New,0,0,0,,
L0004297,20241208,CMP0004,Kitchener,98,Lost,1,1,1,,
L0004298,20240405,CMP0016,Ottawa,86,Account Opened,1,1,1,,
L0004299,20241123,CMP0004,Markham,33,New,0,0,0,,
L0004300,20240404,CMP0006,Brampton,73,Qualified,1,0,0,,
L0004301,20240309,CMP0009,Kitchener,63,KYC Done,1,1,0,,
L0004302,20240405,CMP0007,London,91,Invested,1,1,1,INV000506,20240507
L0004303,20240428,CMP0004,Toronto,37,New,0,0,0,,
L0004304,20240214,CMP0012,Ottawa,99,Invested,1,1,1,INV000507,20240326
L0004305,20240803,CMP0001,Mississauga,43,New,0,0,0,,
L0004306,20240502,CMP0018,Markham,74,Qualified,1,0,0,,
L0004307,20240919,CMP0001,Markham,45,New,0,0,0,,
L0004308,20240628,CMP0007,Ottawa,70,KYC Done,1,1,0,,
L0004309,20240611,CMP0017,Mississauga,40,New,0,0,0,,
L0004310,20240621,CMP0003,Vaughan,85,KYC Done,1,1,0,,
L0004311,20240227,CMP0002,Vaughan,67,Account Opened,1,1,1,,
L0004312,20240917,CMP0014,Ottawa,35,New,0,0,0,,
L0004313,20240208,CMP0002,London,96,Account Opened,1,1,1,,
L0004314,20240921,CMP0017,Mississauga,73,Account Opened,1,1,1,,
L0004315,20241231,CMP0009,Brampton,48,New,0,0,0,,
L0004316,20241006,CMP0016,Kitchener,22,New,0,0,0,,
L0004317,20240615,CMP0005,London,97,Account Opened,1,1,1,,
L0004318,20240425,CMP0003,Toronto,77,Account Opened,1,1,1,,
L0004319,20241115,CMP0018,Ottawa,70,Qualified,1,0,0,,
L0004320,20240404,CMP0014,Brampton,84,Lost,1,1,1,,
L0004321,20240625,CMP0017,Mississauga,64,Account Opened,1,1,1,,
L0004322,20241009,CMP0006,Windsor,30,New,0,0,0,,
L0004323,20241203,CMP0008,Toronto,31,New,0,0,0,,
L0004324,20241203,CMP0011,Mississauga,17,New,0,0,0,,
L0004325,20240202,CMP0009,Vaughan,15,New,0,0,0,,
L0004326,20241124,CMP0005,Toronto,75,Invested,1,1,1,INV000508,20241231
L0004327,20240211,CMP0007,Brampton,86,Qualified,1,0,0,,
L0004328,20240801,CMP0011,Hamilton,24,New,0,0,0,,
L0004329,20241206,CMP0001,Mississauga,61,Qualified,1,0,0,,
L0004330,20240827,CMP0007,Brampton,21,New,0,0,0,,
L0004331,20241212,CMP0006,Ottawa,47,New,0,0,0,,
L0004332,20240506,CMP0002,Kitchener,81,Lost,1,1,1,,
L0004333,20240425,CMP0003,Vaughan,83,Invested,1,1,1,INV000509,20240602
L0004334,20240429,CMP0009,Toronto,95,Account Opened,1,1,1,,
L0004335,20240509,CMP0002,Ottawa,37,New,0,0,0,,
L0004336,20240906,CMP0007,Hamilton,95,KYC Done,1,1,0,,
L0004337,20240614,CMP0011,Mississauga,80,Qualified,1,0,0,,
L0004338,20240926,CMP0016,Mississauga,40,New,0,0,0,,
L0004339,20240601,CMP0002,Hamilton,39,New,0,0,0,,
L0004340,20240422,CMP0008,Brampton,19,New,0,0,0,,
L0004341,20240310,CMP0002,Kitchener,92,KYC Done,1,1,0,,
L0004342,20240720,CMP0008,Toronto,28,New,0,0,0,,
L0004343,20241124,CMP0009,Toronto,34,New,0,0,0,,
L0004344,20241110,CMP0015,Vaughan,47,New,0,0,0,,
L0004345,20240402,CMP0008,Vaughan,22,New,0,0,0,,
L0004346,20240623,CMP0017,Brampton,82,Account Opened,1,1,1,,
L0004347,20240915,CMP0003,London,72,Qualified,1,0,0,,
L0004348,20240812,CMP0001,Vaughan,24,New,0,0,0,,
L0004349,20240125,CMP0001,Mississauga,24,New,0,0,0,,
L0004350,20240804,CMP0007,Hamilton,11,New,0,0,0,,
L0004351,20240115,CMP0004,London,95,Lost,1,1,1,,
L0004352,20240212,CMP0002,Brampton,49,New,0,0,0,,
L0004353,20240827,CMP0005,Kitchener,68,KYC Done,1,1,0,,
L0004354,20240207,CMP0018,Windsor,23,New,0,0,0,,
L0004355,20240504,CMP0015,Ottawa,30,New,0,0,0,,
L0004356,20240803,CMP0001,Toronto,58,Account Opened,1,1,1,,
L0004357,20240827,CMP0017,Kitchener,28,New,0,0,0,,
L0004358,20240612,CMP0004,Ottawa,65,KYC Done,1,1,0,,
L0004359,20240204,CMP0008,Toronto,93,KYC Done,1,1,0,,
L0004360,20241019,CMP0006,London,37,New,0,0,0,,
L0004361,20241213,CMP0008,London,64,Account Opened,1,1,1,,
L0004362,20241121,CMP0014,Toronto,92,KYC Done,1,1,0,,
L0004363,20240930,CMP0013,Mississauga,90,Lost,1,1,0,,
L0004364,20240527,CMP0011,Vaughan,10,New,0,0,0,,
L0004365,20241116,CMP0012,Windsor,19,New,0,0,0,,
L0004366,20240627,CMP0014,Brampton,98,Account Opened,1,1,1,,
L0004367,20240219,CMP0004,Toronto,93,Qualified,1,0,0,,
L0004368,20241107,CMP0008,Brampton,38,New,0,0,0,,
L0004369,20240427,CMP0002,Ottawa,56,Invested,1,1,1,INV000510,20240607
L0004370,20241209,CMP0013,Mississauga,61,Account Opened,1,1,1,,
L0004371,20240514,CMP0008,Hamilton,70,KYC Done,1,1,0,,
L0004372,20241114,CMP0012,Toronto,77,KYC Done,1,1,0,,
L0004373,20240715,CMP0011,Markham,43,New,0,0,0,,
L0004374,20240620,CMP0005,Vaughan,90,KYC Done,1,1,0,,
L0004375,20240418,CMP0003,Markham,15,New,0,0,0,,
L0004376,20241101,CMP0018,Mississauga,12,New,0,0,0,,
L0004377,20240123,CMP0006,Hamilton,96,Invested,1,1,1,INV000511,20240302
L0004378,20240620,CMP0002,Brampton,25,New,0,0,0,,
L0004379,20240515,CMP0006,Brampton,99,Lost,1,0,0,,
L0004380,20240717,CMP0017,London,35,New,0,0,0,,
L0004381,20240403,CMP0005,Vaughan,42,New,0,0,0,,
L0004382,20240831,CMP0018,Markham,12,Lost,0,0,0,,
L0004383,20240521,CMP0009,Mississauga,94,Account Opened,1,1,1,,
L0004384,20240309,CMP0016,Hamilton,42,New,0,0,0,,
L0004385,20240313,CMP0012,Mississauga,25,New,0,0,0,,
L0004386,20240911,CMP0001,Hamilton,53,New,0,0,0,,
L0004387,20240405,CMP0010,Brampton,23,New,0,0,0,,
L0004388,20240422,CMP0008,Markham,81,Qualified,1,0,0,,
L0004389,20240817,CMP0004,Kitchener,16,New,0,0,0,,
L0004390,20240430,CMP0010,Mississauga,54,Qualified,1,0,0,,
L0004391,20240522,CMP0002,Vaughan,45,New,0,0,0,,
L0004392,20240330,CMP0013,London,13,New,0,0,0,,
L0004393,20240506,CMP0015,Ottawa,14,New,0,0,0,,
L0004394,20240910,CMP0002,Ottawa,56,KYC Done,1,1,0,,
L0004395,20240714,CMP0009,Mississauga,45,New,0,0,0,,
L0004396,20241231,CMP0012,Toronto,21,Lost,0,0,0,,
L0004397,20241009,CMP0002,Toronto,22,Lost,0,0,0,,
L0004398,20240107,CMP0008,London,82,Invested,1,1,1,INV000512,20240130
L0004399,20240518,CMP0005,Mississauga,75,Invested,1,1,1,INV000513,20240608
L0004400,20240416,CMP0001,Ottawa,64,Invested,1,1,1,INV000514,20240418
L0004401,20240803,CMP0015,Vaughan,85,Invested,1,1,1,INV000515,20240813
L0004402,20240407,CMP0009,Hamilton,16,New,0,0,0,,
L0004403,20241219,CMP0014,Toronto,71,Qualified,1,0,0,,
L0004404,20240419,CMP0011,London,77,Qualified,1,0,0,,
L0004405,20240710,CMP0016,Toronto,28,New,0,0,0,,
L0004406,20240214,CMP0018,Markham,58,Lost,1,1,0,,
L0004407,20241128,CMP0011,Toronto,79,Account Opened,1,1,1,,
L0004408,20241129,CMP0007,Toronto,64,Qualified,1,0,0,,
L0004409,20241017,CMP0008,Kitchener,32,New,0,0,0,,
L0004410,20240508,CMP0015,Mississauga,69,KYC Done,1,1,0,,
L0004411,20240122,CMP0008,Toronto,78,Invested,1,1,1,INV000516,20240206
L0004412,20240917,CMP0010,Toronto,10,Lost,0,0,0,,
L0004413,20240606,CMP0004,Brampton,61,Lost,1,1,0,,
L0004414,20241228,CMP0018,Markham,55,Lost,1,0,0,,
L0004415,20240912,CMP0012,Toronto,43,New,0,0,0,,
L0004416,20240716,CMP0006,Toronto,13,Lost,0,0,0,,
L0004417,20241227,CMP0011,Vaughan,17,New,0,0,0,,
L0004418,20241019,CMP0008,Mississauga,77,Qualified,1,0,0,,
L0004419,20240616,CMP0003,Toronto,84,Account Opened,1,1,1,,
L0004420,20240107,CMP0016,Toronto,47,Qualified,1,0,0,,
L0004421,20240203,CMP0016,Vaughan,94,Invested,1,1,1,INV000517,20240308
L0004422,20240611,CMP0016,Ottawa,93,Lost,1,0,0,,
L0004423,20240724,CMP0007,Hamilton,69,Qualified,1,0,0,,
L0004424,20240112,CMP0005,Hamilton,62,Invested,1,1,1,INV000518,20240114
L0004425,20240216,CMP0001,Ottawa,96,Lost,1,1,1,,
L0004426,20240914,CMP0014,Markham,64,Account Opened,1,1,1,,
L0004427,20241002,CMP0006,Kitchener,94,Qualified,1,0,0,,
L0004428,20240111,CMP0017,Hamilton,98,Qualified,1,0,0,,
L0004429,20240704,CMP0016,Vaughan,27,New,0,0,0,,
L0004430,20240130,CMP0003,Toronto,69,Lost,1,1,0,,
L0004431,20240921,CMP0017,Ottawa,75,Qualified,1,0,0,,
L0004432,20241101,CMP0003,Hamilton,83,Qualified,1,0,0,,
L0004433,20241114,CMP0009,Toronto,41,New,0,0,0,,
L0004434,20240806,CMP0009,Toronto,87,Lost,1,0,0,,
L0004435,20240818,CMP0018,Toronto,53,KYC Done,1,1,0,,
L0004436,20241205,CMP0012,Mississauga,44,New,0,0,0,,
L0004437,20240812,CMP0016,Markham,24,New,0,0,0,,
L0004438,20240612,CMP0011,Toronto,38,New,0,0,0,,
L0004439,20241003,CMP0015,Hamilton,97,KYC Done,1,1,0,,
L0004440,20240804,CMP0016,Toronto,74,Account Opened,1,1,1,,
L0004441,20241104,CMP0016,Hamilton,75,Lost,1,1,0,,
L0004442,20240711,CMP0008,Mississauga,90,KYC Done,1,1,0,,
L0004443,20241114,CMP0007,Toronto,34,New,0,0,0,,
L0004444,20240117,CMP0018,Ottawa,69,Lost,1,0,0,,
L0004445,20240114,CMP0014,Mississauga,43,New,0,0,0,,
L0004446,20240206,CMP0017,Brampton,86,Account Opened,1,1,1,,
L0004447,20240722,CMP0011,Hamilton,48,Qualified,1,0,0,,
L0004448,20240916,CMP0017,Kitchener,86,Account Opened,1,1,1,,
L0004449,20240320,CMP0013,Hamilton,77,Account Opened,1,1,1,,
L0004450,20240227,CMP0014,Ottawa,79,KYC Done,1,1,0,,
L0004451,20241110,CMP0004,Ottawa,93,Invested,1,1,1,INV000519,20241213
L0004452,20241001,CMP0011,Ottawa,81,Qualified,1,0,0,,
L0004453,20240825,CMP0014,Ottawa,38,New,0,0,0,,
L0004454,20240627,CMP0014,Ottawa,56,KYC Done,1,1,0,,
L0004455,20240602,CMP0018,Ottawa,52,KYC Done,1,1,0,,
L0004456,20240108,CMP0006,Markham,15,New,0,0,0,,
L0004457,20240309,CMP0006,Brampton,63,Account Opened,1,1,1,,
L0004458,20241124,CMP0018,Toronto,49,New,0,0,0,,
L0004459,20240504,CMP0018,Hamilton,45,New,0,0,0,,
L0004460,20240914,CMP0004,Markham,19,Lost,0,0,0,,
L0004461,20240914,CMP0007,Markham,55,Account Opened,1,1,1,,
L0004462,20240423,CMP0018,Mississauga,62,Account Opened,1,1,1,,
L0004463,20240315,CMP0004,Hamilton,19,New,0,0,0,,
L0004464,20240910,CMP0015,Windsor,67,Account Opened,1,1,1,,
L0004465,20240204,CMP0003,Toronto,25,New,0,0,0,,
L0004466,20240630,CMP0004,Ottawa,23,New,0,0,0,,
L0004467,20241121,CMP0015,Mississauga,46,New,0,0,0,,
L0004468,20240917,CMP0011,Markham,45,New,0,0,0,,
L0004469,20241006,CMP0010,Mississauga,92,Lost,1,0,0,,
L0004470,20240131,CMP0016,London,16,New,0,0,0,,
L0004471,20240314,CMP0006,Toronto,41,New,0,0,0,,
L0004472,20240410,CMP0010,Toronto,76,Account Opened,1,1,1,,
L0004473,20240416,CMP0011,Toronto,32,New,0,0,0,,
L0004474,20240312,CMP0014,Mississauga,98,Lost,1,1,1,,
L0004475,20241221,CMP0006,Vaughan,76,Invested,1,1,1,INV000520,20241231
L0004476,20240301,CMP0012,Toronto,95,Invested,1,1,1,INV000521,20240409
L0004477,20240916,CMP0009,Toronto,95,KYC Done,1,1,0,,
L0004478,20240802,CMP0010,Vaughan,19,New,0,0,0,,
L0004479,20240811,CMP0016,Brampton,51,Qualified,1,0,0,,
L0004480,20240319,CMP0008,Hamilton,77,Qualified,1,0,0,,
L0004481,20240422,CMP0013,Toronto,10,New,0,0,0,,
L0004482,20240809,CMP0017,Kitchener,50,New,0,0,0,,
L0004483,20240419,CMP0014,Ottawa,71,Invested,1,1,1,INV000522,20240427
L0004484,20240911,CMP0018,Toronto,81,Qualified,1,0,0,,
L0004485,20240115,CMP0011,Hamilton,47,New,0,0,0,,
L0004486,20240127,CMP0006,Brampton,87,KYC Done,1,1,0,,
L0004487,20240923,CMP0018,Brampton,70,Qualified,1,0,0,,
L0004488,20240813,CMP0012,Brampton,14,New,0,0,0,,
L0004489,20240116,CMP0005,Ottawa,34,New,0,0,0,,
L0004490,20241125,CMP0006,Hamilton,94,Qualified,1,0,0,,
L0004491,20240102,CMP0005,Toronto,10,New,0,0,0,,
L0004492,20241215,CMP0016,London,19,New,0,0,0,,
L0004493,20240923,CMP0002,Toronto,41,Lost,0,0,0,,
L0004494,20241227,CMP0014,London,99,Account Opened,1,1,1,,
L0004495,20241213,CMP0010,Toronto,73,KYC Done,1,1,0,,
L0004496,20240424,CMP0002,Ottawa,23,New,0,0,0,,
L0004497,20241003,CMP0012,Ottawa,45,New,0,0,0,,
L0004498,20240318,CMP0014,Hamilton,94,Invested,1,1,1,INV000523,20240321
L0004499,20240621,CMP0014,Markham,29,New,0,0,0,,
L0004500,20240328,CMP0010,Ottawa,61,Qualified,1,0,0,,
L0004501,20240626,CMP0007,Vaughan,51,New,0,0,0,,
L0004502,20241115,CMP0003,Kitchener,78,Invested,1,1,1,INV000524,20241214
L0004503,20240608,CMP0001,Windsor,77,Lost,1,1,1,,
L0004504,20240203,CMP0007,Mississauga,84,KYC Done,1,1,0,,
L0004505,20240428,CMP0012,Toronto,20,New,0,0,0,,
L0004506,20241014,CMP0001,London,50,New,0,0,0,,
L0004507,20240709,CMP0018,Mississauga,72,Lost,1,1,0,,
L0004508,20240724,CMP0011,Markham,47,Lost,0,0,0,,
L0004509,20240606,CMP0006,Toronto,70,Account Opened,1,1,1,,
L0004510,20240417,CMP0018,Markham,67,Invested,1,1,1,INV000525,20240521
L0004511,20240806,CMP0004,Toronto,43,Lost,0,0,0,,
L0004512,20240819,CMP0018,Vaughan,19,New,0,0,0,,
L0004513,20241124,CMP0006,Hamilton,97,Account Opened,1,1,1,,
L0004514,20240814,CMP0007,Toronto,84,Account Opened,1,1,1,,
L0004515,20241230,CMP0008,Ottawa,90,Qualified,1,0,0,,
L0004516,20241029,CMP0018,Ottawa,36,New,0,0,0,,
L0004517,20240129,CMP0005,Vaughan,38,New,0,0,0,,
L0004518,20240523,CMP0018,Ottawa,39,New,0,0,0,,
L0004519,20240520,CMP0007,Ottawa,12,New,0,0,0,,
L0004520,20240102,CMP0006,Mississauga,25,New,0,0,0,,
L0004521,20240307,CMP0012,London,37,New,0,0,0,,
L0004522,20241005,CMP0013,Toronto,98,Account Opened,1,1,1,,
L0004523,20240508,CMP0007,Windsor,28,New,0,0,0,,
L0004524,20240224,CMP0003,Hamilton,55,New,0,0,0,,
L0004525,20240415,CMP0008,Vaughan,59,Account Opened,1,1,1,,
L0004526,20240410,CMP0010,Markham,42,New,0,0,0,,
L0004527,20240304,CMP0001,Toronto,92,Account Opened,1,1,1,,
L0004528,20240207,CMP0002,Mississauga,18,New,0,0,0,,
L0004529,20241006,CMP0017,Mississauga,88,KYC Done,1,1,0,,
L0004530,20241028,CMP0001,Mississauga,76,Qualified,1,0,0,,
L0004531,20240630,CMP0008,Toronto,37,New,0,0,0,,
L0004532,20240813,CMP0014,Markham,79,Lost,1,1,1,,
L0004533,20241202,CMP0006,Ottawa,48,KYC Done,1,1,0,,
L0004534,20241104,CMP0009,Hamilton,97,Qualified,1,0,0,,
L0004535,20240112,CMP0002,Ottawa,13,New,0,0,0,,
L0004536,20241214,CMP0015,Toronto,12,Lost,0,0,0,,
L0004537,20240125,CMP0012,Brampton,58,Qualified,1,0,0,,
L0004538,20240110,CMP0016,Mississauga,93,Account Opened,1,1,1,,
L0004539,20240527,CMP0016,Vaughan,15,New,0,0,0,,
L0004540,20240929,CMP0007,London,80,Account Opened,1,1,1,,
L0004541,20240130,CMP0001,Toronto,94,Invested,1,1,1,INV000526,20240209
L0004542,20240417,CMP0007,London,53,New,0,0,0,,
L0004543,20240406,CMP0003,Ottawa,88,Invested,1,1,1,INV000527,20240509
L0004544,20240525,CMP0010,Toronto,78,KYC Done,1,1,0,,
L0004545,20241226,CMP0003,Toronto,29,Lost,0,0,0,,
L0004546,20240501,CMP0017,Toronto,86,Invested,1,1,1,INV000528,20240606
L0004547,20240317,CMP0011,Markham,72,KYC Done,1,1,0,,
L0004548,20240214,CMP0005,Markham,11,New,0,0,0,,
L0004549,20240313,CMP0017,Hamilton,61,Account Opened,1,1,1,,
L0004550,20240218,CMP0014,Toronto,68,Invested,1,1,1,INV000529,20240324
L0004551,20240728,CMP0008,Mississauga,82,Invested,1,1,1,INV000530,20240803
L0004552,20240602,CMP0003,Brampton,79,Account Opened,1,1,1,,
L0004553,20240701,CMP0007,Mississauga,52,New,0,0,0,,
L0004554,20241031,CMP0011,Hamilton,36,New,0,0,0,,
L0004555,20240731,CMP0014,Toronto,27,New,0,0,0,,
L0004556,20240226,CMP0005,Toronto,18,New,0,0,0,,
L0004557,20240517,CMP0014,Hamilton,67,Invested,1,1,1,INV000531,20240602
L0004558,20240424,CMP0006,Mississauga,96,Account Opened,1,1,1,,
L0004559,20241029,CMP0005,London,17,Lost,0,0,0,,
L0004560,20240422,CMP0009,Markham,73,KYC Done,1,1,0,,
L0004561,20240220,CMP0003,Hamilton,62,KYC Done,1,1,0,,
L0004562,20240926,CMP0008,Windsor,25,New,0,0,0,,
L0004563,20240605,CMP0007,Hamilton,29,New,0,0,0,,
L0004564,20240205,CMP0006,Markham,35,New,0,0,0,,
L0004565,20240909,CMP0014,Hamilton,71,Account Opened,1,1,1,,
L0004566,20240318,CMP0006,Markham,36,New,0,0,0,,
L0004567,20241113,CMP0013,Brampton,84,Account Opened,1,1,1,,
L0004568,20241031,CMP0013,Brampton,43,New,0,0,0,,
L0004569,20240515,CMP0012,Mississauga,19,New,0,0,0,,
L0004570,20240722,CMP0005,Ottawa,18,Lost,0,0,0,,
L0004571,20240726,CMP0015,Brampton,46,New,0,0,0,,
L0004572,20240827,CMP0005,Windsor,46,New,0,0,0,,
L0004573,20240126,CMP0005,Hamilton,76,Account Opened,1,1,1,,
L0004574,20240428,CMP0016,Mississauga,53,Lost,1,1,1,,
L0004575,20240303,CMP0007,Ottawa,24,New,0,0,0,,
L0004576,20240912,CMP0013,Markham,29,New,0,0,0,,
L0004577,20240126,CMP0001,Markham,60,Invested,1,1,1,INV000532,20240128
L0004578,20240708,CMP0012,Hamilton,40,New,0,0,0,,
L0004579,20240923,CMP0016,Toronto,70,Invested,1,1,1,INV000533,20241017
L0004580,20241213,CMP0013,Vaughan,93,Lost,1,1,1,,
L0004581,20240415,CMP0011,Kitchener,41,New,0,0,0,,
L0004582,20240103,CMP0016,Vaughan,59,Account Opened,1,1,1,,
L0004583,20240921,CMP0006,Hamilton,84,Qualified,1,0,0,,
L0004584,20240101,CMP0007,Toronto,28,New,0,0,0,,
L0004585,20240125,CMP0002,Kitchener,55,Invested,1,1,1,INV000534,20240227
L0004586,20241228,CMP0013,Toronto,37,New,0,0,0,,
L0004587,20241111,CMP0014,Toronto,66,KYC Done,1,1,0,,
L0004588,20240915,CMP0014,Hamilton,76,Invested,1,1,1,INV000535,20241015
L0004589,20241101,CMP0014,Ottawa,22,Lost,0,0,0,,
L0004590,20240128,CMP0003,London,26,Lost,0,0,0,,
L0004591,20240202,CMP0012,Hamilton,12,Lost,0,0,0,,
L0004592,20240420,CMP0014,Toronto,11,New,0,0,0,,
L0004593,20240109,CMP0004,Hamilton,14,New,0,0,0,,
L0004594,20241121,CMP0009,Vaughan,73,Lost,1,1,1,,
L0004595,20240121,CMP0017,Vaughan,91,Qualified,1,0,0,,
L0004596,20240718,CMP0008,Toronto,46,New,0,0,0,,
L0004597,20241108,CMP0014,Brampton,89,Lost,1,1,0,,
L0004598,20240926,CMP0010,Toronto,75,Qualified,1,0,0,,
L0004599,20240326,CMP0012,London,82,Qualified,1,0,0,,
L0004600,20240621,CMP0012,Hamilton,76,Invested,1,1,1,INV000536,20240719
L0004601,20240719,CMP0012,Ottawa,27,New,0,0,0,,
L0004602,20241008,CMP0015,Mississauga,57,Lost,1,0,0,,
L0004603,20240605,CMP0017,Markham,57,Account Opened,1,1,1,,
L0004604,20240414,CMP0006,Markham,67,Account Opened,1,1,1,,
L0004605,20241018,CMP0017,Ottawa,81,Account Opened,1,1,1,,
L0004606,20241120,CMP0012,Toronto,20,New,0,0,0,,
L0004607,20240627,CMP0011,Ottawa,70,Account Opened,1,1,1,,
L0004608,20240111,CMP0006,Vaughan,84,Qualified,1,0,0,,
L0004609,20240702,CMP0008,Hamilton,20,New,0,0,0,,
L0004610,20241121,CMP0012,London,47,Lost,0,0,0,,
L0004611,20241228,CMP0007,Mississauga,90,Account Opened,1,1,1,,
L0004612,20240526,CMP0006,Brampton,12,New,0,0,0,,
L0004613,20240224,CMP0015,Toronto,24,New,0,0,0,,
L0004614,20240728,CMP0008,Brampton,82,Lost,1,1,0,,
L0004615,20241031,CMP0012,Toronto,25,New,0,0,0,,
L0004616,20241211,CMP0001,Ottawa,73,Invested,1,1,1,INV000537,20241231
L0004617,20240119,CMP0002,Brampton,91,Qualified,1,0,0,,
L0004618,20240416,CMP0016,Markham,54,Qualified,1,0,0,,
L0004619,20240623,CMP0003,Brampton,53,New,0,0,0,,
L0004620,20240205,CMP0015,Toronto,48,KYC Done,1,1,0,,
L0004621,20241120,CMP0017,Toronto,43,New,0,0,0,,
L0004622,20240211,CMP0009,Mississauga,44,New,0,0,0,,
L0004623,20240831,CMP0016,London,59,Qualified,1,0,0,,
L0004624,20241202,CMP0008,Hamilton,90,Invested,1,1,1,INV000538,20241214
L0004625,20240907,CMP0018,Hamilton,98,Qualified,1,0,0,,
L0004626,20241006,CMP0005,Vaughan,87,Invested,1,1,1,INV000539,20241113
L0004627,20240406,CMP0008,Mississauga,20,Lost,0,0,0,,
L0004628,20241029,CMP0008,Ottawa,37,New,0,0,0,,
L0004629,20240602,CMP0015,Toronto,78,Invested,1,1,1,INV000540,20240612
L0004630,20240123,CMP0001,Toronto,59,Invested,1,1,1,INV000541,20240306
L0004631,20240514,CMP0015,Brampton,40,New,0,0,0,,
L0004632,20240508,CMP0001,London,38,New,0,0,0,,
L0004633,20240709,CMP0006,Markham,20,Lost,0,0,0,,
L0004634,20240406,CMP0011,Mississauga,39,New,0,0,0,,
L0004635,20240618,CMP0003,Brampton,47,Invested,1,1,1,INV000542,20240625
L0004636,20240605,CMP0009,Vaughan,47,New,0,0,0,,
L0004637,20240429,CMP0018,Markham,59,Account Opened,1,1,1,,
L0004638,20240911,CMP0015,London,34,New,0,0,0,,
L0004639,20240421,CMP0001,Brampton,28,New,0,0,0,,
L0004640,20241007,CMP0011,Brampton,89,Invested,1,1,1,INV000543,20241027
L0004641,20240401,CMP0011,London,46,New,0,0,0,,
L0004642,20241112,CMP0002,Toronto,32,Lost,0,0,0,,
L0004643,20240513,CMP0012,Ottawa,67,Invested,1,1,1,INV000544,20240601
L0004644,20240115,CMP0010,Toronto,58,Lost,1,1,1,,
L0004645,20240224,CMP0013,Hamilton,61,Qualified,1,0,0,,
L0004646,20241022,CMP0006,Ottawa,29,New,0,0,0,,
L0004647,20241115,CMP0005,Toronto,75,Invested,1,1,1,INV000545,20241129
L0004648,20240318,CMP0014,Brampton,27,New,0,0,0,,
L0004649,20240808,CMP0013,Toronto,85,Invested,1,1,1,INV000546,20240920
L0004650,20240729,CMP0003,Markham,48,Account Opened,1,1,1,,
L0004651,20240218,CMP0004,Kitchener,46,Lost,0,0,0,,
L0004652,20240614,CMP0011,Mississauga,44,New,0,0,0,,
L0004653,20240910,CMP0015,Toronto,48,New,0,0,0,,
L0004654,20241219,CMP0004,Vaughan,69,Invested,1,1,1,INV000547,20241222
L0004655,20241106,CMP0004,Vaughan,54,Invested,1,1,1,INV000548,20241205
L0004656,20240205,CMP0015,Markham,21,New,0,0,0,,
L0004657,20240327,CMP0013,Brampton,60,Invested,1,1,1,INV000549,20240416
L0004658,20240608,CMP0017,Toronto,34,New,0,0,0,,
L0004659,20240225,CMP0015,Windsor,19,Lost,0,0,0,,
L0004660,20240727,CMP0018,Ottawa,85,Account Opened,1,1,1,,
L0004661,20240104,CMP0004,Brampton,38,New,0,0,0,,
L0004662,20240211,CMP0005,Markham,63,Invested,1,1,1,INV000550,20240224
L0004663,20240118,CMP0005,Hamilton,25,New,0,0,0,,
L0004664,20240418,CMP0001,Toronto,40,New,0,0,0,,
L0004665,20241005,CMP0015,Kitchener,44,New,0,0,0,,
L0004666,20240305,CMP0012,Ottawa,22,New,0,0,0,,
L0004667,20241227,CMP0002,Toronto,97,Account Opened,1,1,1,,
L0004668,20240408,CMP0004,Toronto,38,New,0,0,0,,
L0004669,20240117,CMP0004,Ottawa,62,Account Opened,1,1,1,,
L0004670,20240502,CMP0008,Hamilton,60,Account Opened,1,1,1,,
L0004671,20240930,CMP0009,Toronto,48,Qualified,1,0,0,,
L0004672,20240209,CMP0006,Ottawa,62,Account Opened,1,1,1,,
L0004673,20240127,CMP0017,Brampton,60,Qualified,1,0,0,,
L0004674,20241106,CMP0004,Brampton,17,New,0,0,0,,
L0004675,20240804,CMP0011,Windsor,70,Qualified,1,0,0,,
L0004676,20240505,CMP0008,Mississauga,20,New,0,0,0,,
L0004677,20241003,CMP0007,Vaughan,49,New,0,0,0,,
L0004678,20241105,CMP0015,Brampton,42,New,0,0,0,,
L0004679,20240511,CMP0018,Toronto,50,New,0,0,0,,
L0004680,20240724,CMP0001,Toronto,16,New,0,0,0,,
L0004681,20240105,CMP0009,Kitchener,73,KYC Done,1,1,0,,
L0004682,20240422,CMP0003,Toronto,47,New,0,0,0,,
L0004683,20240805,CMP0008,Toronto,15,New,0,0,0,,
L0004684,20240313,CMP0012,Brampton,10,New,0,0,0,,
L0004685,20241228,CMP0008,Hamilton,58,Qualified,1,0,0,,
L0004686,20241221,CMP0006,Brampton,69,Qualified,1,0,0,,
L0004687,20240404,CMP0006,Toronto,59,Lost,1,1,1,,
L0004688,20240525,CMP0006,Ottawa,74,Invested,1,1,1,INV000551,20240605
L0004689,20240310,CMP0006,Vaughan,78,Qualified,1,0,0,,
L0004690,20240703,CMP0007,Vaughan,88,KYC Done,1,1,0,,
L0004691,20240215,CMP0013,Windsor,98,KYC Done,1,1,0,,
L0004692,20240523,CMP0002,Brampton,89,Invested,1,1,1,INV000552,20240530
L0004693,20240722,CMP0001,Toronto,81,Account Opened,1,1,1,,
L0004694,20240811,CMP0010,Toronto,48,New,0,0,0,,
L0004695,20240806,CMP0013,Vaughan,55,New,0,0,0,,
L0004696,20240322,CMP0005,London,65,Invested,1,1,1,INV000553,20240406
L0004697,20241016,CMP0004,Hamilton,25,New,0,0,0,,
L0004698,20240910,CMP0012,Ottawa,70,Account Opened,1,1,1,,
L0004699,20241002,CMP0007,Ottawa,62,Invested,1,1,1,INV000554,20241010
L0004700,20240620,CMP0014,Ottawa,56,Account Opened,1,1,1,,
L0004701,20241122,CMP0003,Brampton,85,Account Opened,1,1,1,,
L0004702,20240522,CMP0003,Ottawa,71,Account Opened,1,1,1,,
L0004703,20241021,CMP0010,Toronto,93,Account Opened,1,1,1,,
L0004704,20240315,CMP0008,Toronto,97,KYC Done,1,1,0,,
L0004705,20240331,CMP0014,Toronto,84,Account Opened,1,1,1,,
L0004706,20240711,CMP0010,Windsor,36,New,0,0,0,,
L0004707,20240722,CMP0007,Windsor,27,New,0,0,0,,
L0004708,20240930,CMP0003,London,36,New,0,0,0,,
L0004709,20240418,CMP0003,Markham,74,KYC Done,1,1,0,,
L0004710,20241115,CMP0014,Toronto,87,Account Opened,1,1,1,,
L0004711,20240430,CMP0005,Toronto,89,Qualified,1,0,0,,
L0004712,20240714,CMP0010,Toronto,71,Qualified,1,0,0,,
L0004713,20241207,CMP0015,Toronto,71,KYC Done,1,1,0,,
L0004714,20240716,CMP0017,London,95,KYC Done,1,1,0,,
L0004715,20240906,CMP0005,Toronto,71,Account Opened,1,1,1,,
L0004716,20241128,CMP0002,Kitchener,22,Lost,0,0,0,,
L0004717,20241222,CMP0014,Hamilton,55,Qualified,1,0,0,,
L0004718,20240701,CMP0013,Toronto,42,Lost,0,0,0,,
L0004719,20240601,CMP0006,Markham,67,Qualified,1,0,0,,
L0004720,20240313,CMP0011,Markham,67,Account Opened,1,1,1,,
L0004721,20240715,CMP0004,Ottawa,36,New,0,0,0,,
L0004722,20241202,CMP0013,Toronto,36,New,0,0,0,,
L0004723,20240627,CMP0014,Brampton,17,New,0,0,0,,
L0004724,20240507,CMP0006,Ottawa,36,New,0,0,0,,
L0004725,20240209,CMP0009,London,84,Invested,1,1,1,INV000555,20240301
L0004726,20240522,CMP0007,Mississauga,68,Account Opened,1,1,1,,
L0004727,20240327,CMP0001,Vaughan,94,Lost,1,1,1,,
L0004728,20241223,CMP0003,Mississauga,93,Qualified,1,0,0,,
L0004729,20240712,CMP0018,Windsor,87,KYC Done,1,1,0,,
L0004730,20240220,CMP0009,Toronto,26,New,0,0,0,,
L0004731,20240125,CMP0003,Markham,40,New,0,0,0,,
L0004732,20241107,CMP0001,Toronto,15,New,0,0,0,,
L0004733,20241206,CMP0007,London,18,New,0,0,0,,
L0004734,20241006,CMP0018,Vaughan,30,Lost,0,0,0,,
L0004735,20240215,CMP0007,Mississauga,35,New,0,0,0,,
L0004736,20240205,CMP0018,Toronto,11,New,0,0,0,,
L0004737,20240313,CMP0009,Windsor,85,Account Opened,1,1,1,,
L0004738,20241001,CMP0014,Windsor,57,KYC Done,1,1,0,,
L0004739,20241007,CMP0015,London,69,Lost,1,1,1,,
L0004740,20241102,CMP0001,Brampton,68,Account Opened,1,1,1,,
L0004741,20240205,CMP0001,Toronto,97,Lost,1,1,1,,
L0004742,20240226,CMP0017,Brampton,23,New,0,0,0,,
L0004743,20241125,CMP0017,London,40,New,0,0,0,,
L0004744,20241205,CMP0003,Toronto,37,Lost,0,0,0,,
L0004745,20240922,CMP0012,Toronto,59,Account Opened,1,1,1,,
L0004746,20240208,CMP0017,Kitchener,57,Account Opened,1,1,1,,
L0004747,20240126,CMP0018,London,81,Invested,1,1,1,INV000556,20240225
L0004748,20240121,CMP0006,London,60,Invested,1,1,1,INV000557,20240209
L0004749,20240910,CMP0015,Kitchener,31,New,0,0,0,,
L0004750,20241105,CMP0012,Ottawa,60,KYC Done,1,1,0,,
L0004751,20240819,CMP0017,Mississauga,96,Invested,1,1,1,INV000558,20240926
L0004752,20240405,CMP0003,Kitchener,62,Qualified,1,0,0,,
L0004753,20241004,CMP0011,Windsor,63,KYC Done,1,1,0,,
L0004754,20240122,CMP0001,Toronto,25,New,0,0,0,,
L0004755,20241030,CMP0007,Mississauga,10,New,0,0,0,,
L0004756,20241122,CMP0001,Brampton,28,New,0,0,0,,
L0004757,20240919,CMP0008,Toronto,12,Lost,0,0,0,,
L0004758,20241117,CMP0015,Mississauga,50,New,0,0,0,,
L0004759,20240802,CMP0012,Toronto,89,Qualified,1,0,0,,
L0004760,20240620,CMP0006,London,50,Invested,1,1,1,INV000559,20240630
L0004761,20240428,CMP0008,Toronto,68,Lost,1,0,0,,
L0004762,20241203,CMP0007,Vaughan,87,Lost,1,1,1,,
L0004763,20240912,CMP0014,Hamilton,78,Qualified,1,0,0,,
L0004764,20240310,CMP0005,Brampton,68,Account Opened,1,1,1,,
L0004765,20241216,CMP0002,Markham,80,Qualified,1,0,0,,
L0004766,20240122,CMP0010,Hamilton,35,Lost,0,0,0,,
L0004767,20240803,CMP0015,London,47,Lost,0,0,0,,
L0004768,20240310,CMP0009,Vaughan,45,New,0,0,0,,
L0004769,20240831,CMP0004,Markham,81,Account Opened,1,1,1,,
L0004770,20240531,CMP0001,Markham,46,New,0,0,0,,
L0004771,20240608,CMP0017,London,94,Account Opened,1,1,1,,
L0004772,20240902,CMP0014,Brampton,26,Lost,0,0,0,,
L0004773,20241003,CMP0003,Hamilton,25,New,0,0,0,,
L0004774,20240519,CMP0002,Ottawa,74,Lost,1,1,1,,
L0004775,20241231,CMP0003,Windsor,78,Account Opened,1,1,1,,
L0004776,20240701,CMP0007,Ottawa,71,Invested,1,1,1,INV000560,20240726
L0004777,20240228,CMP0015,Mississauga,37,New,0,0,0,,
L0004778,20240103,CMP0003,Ottawa,10,New,0,0,0,,
L0004779,20240315,CMP0015,Brampton,38,New,0,0,0,,
L0004780,20240909,CMP0001,Ottawa,51,New,0,0,0,,
L0004781,20240716,CMP0014,Hamilton,47,Qualified,1,0,0,,
L0004782,20240503,CMP0006,Kitchener,92,Invested,1,1,1,INV000561,20240517
L0004783,20240625,CMP0018,Mississauga,87,KYC Done,1,1,0,,
L0004784,20241102,CMP0009,Windsor,79,Invested,1,1,1,INV000562,20241119
L0004785,20240728,CMP0005,Markham,11,New,0,0,0,,
L0004786,20240122,CMP0005,Toronto,21,New,0,0,0,,
L0004787,20240118,CMP0015,Mississauga,49,New,0,0,0,,
L0004788,20240625,CMP0008,Kitchener,65,KYC Done,1,1,0,,
L0004789,20240527,CMP0007,Markham,71,Invested,1,1,1,INV000563,20240705
L0004790,20241107,CMP0014,Toronto,36,New,0,0,0,,
L0004791,20240801,CMP0010,Hamilton,19,New,0,0,0,,
L0004792,20241004,CMP0012,Mississauga,39,Lost,0,0,0,,
L0004793,20240802,CMP0009,Hamilton,81,KYC Done,1,1,0,,
L0004794,20240506,CMP0002,Toronto,98,Account Opened,1,1,1,,
L0004795,20240828,CMP0001,Brampton,94,KYC Done,1,1,0,,
L0004796,20240815,CMP0001,Brampton,63,Account Opened,1,1,1,,
L0004797,20240920,CMP0011,Ottawa,18,New,0,0,0,,
L0004798,20240310,CMP0010,Mississauga,97,Account Opened,1,1,1,,
L0004799,20240822,CMP0014,London,23,New,0,0,0,,
L0004800,20240414,CMP0017,Markham,34,New,0,0,0,,
L0004801,20241016,CMP0004,Hamilton,97,Qualified,1,0,0,,
L0004802,20241019,CMP0018,Kitchener,55,Invested,1,1,1,INV000564,20241128
L0004803,20240816,CMP0017,Markham,27,New,0,0,0,,
L0004804,20241212,CMP0012,Toronto,55,KYC Done,1,1,0,,
L0004805,20240715,CMP0010,Toronto,17,New,0,0,0,,
L0004806,20240110,CMP0004,Hamilton,38,New,0,0,0,,
L0004807,20240809,CMP0004,London,95,Qualified,1,0,0,,
L0004808,20241011,CMP0001,Windsor,36,New,0,0,0,,
L0004809,20240207,CMP0012,Toronto,90,KYC Done,1,1,0,,
L0004810,20240208,CMP0008,Mississauga,58,Lost,1,1,1,,
L0004811,20240409,CMP0004,Markham,69,Lost,1,0,0,,
L0004812,20241104,CMP0003,Vaughan,73,Account Opened,1,1,1,,
L0004813,20240712,CMP0002,Ottawa,59,Lost,1,1,1,,
L0004814,20241223,CMP0012,Ottawa,13,New,0,0,0,,
L0004815,20241115,CMP0013,Vaughan,92,Invested,1,1,1,INV000565,20241208
L0004816,20240722,CMP0012,Ottawa,52,New,0,0,0,,
L0004817,20240905,CMP0002,Markham,68,Qualified,1,0,0,,
L0004818,20240501,CMP0001,Kitchener,59,Invested,1,1,1,INV000566,20240509
L0004819,20240203,CMP0002,Mississauga,69,KYC Done,1,1,0,,
L0004820,20240525,CMP0014,Mississauga,41,New,0,0,0,,
L0004821,20240804,CMP0014,Kitchener,85,Invested,1,1,1,INV000567,20240914
L0004822,20240307,CMP0006,Brampton,30,New,0,0,0,,
L0004823,20240322,CMP0001,Toronto,68,Account Opened,1,1,1,,
L0004824,20240106,CMP0006,Ottawa,62,Account Opened,1,1,1,,
L0004825,20240925,CMP0015,Hamilton,55,New,0,0,0,,
L0004826,20241125,CMP0003,Mississauga,11,New,0,0,0,,
L0004827,20241029,CMP0015,London,45,New,0,0,0,,
L0004828,20240519,CMP0009,Mississauga,14,New,0,0,0,,
L0004829,20240805,CMP0003,Toronto,55,Invested,1,1,1,INV000568,20240905
L0004830,20241217,CMP0017,Mississauga,71,Account Opened,1,1,1,,
L0004831,20240804,CMP0010,Ottawa,57,Invested,1,1,1,INV000569,20240907
L0004832,20240418,CMP0013,Vaughan,78,Account Opened,1,1,1,,
L0004833,20240503,CMP0002,Ottawa,42,Lost,0,0,0,,
L0004834,20240923,CMP0007,Vaughan,37,New,0,0,0,,
L0004835,20240612,CMP0012,Toronto,50,KYC Done,1,1,0,,
L0004836,20241102,CMP0012,Brampton,30,New,0,0,0,,
L0004837,20241112,CMP0002,Brampton,82,Account Opened,1,1,1,,
L0004838,20240114,CMP0011,Markham,82,Lost,1,1,1,,
L0004839,20240921,CMP0018,Hamilton,47,Invested,1,1,1,INV000570,20241015
L0004840,20240515,CMP0015,Markham,81,Invested,1,1,1,INV000571,20240524
L0004841,20240709,CMP0004,Mississauga,12,New,0,0,0,,
L0004842,20240406,CMP0017,Kitchener,23,New,0,0,0,,
L0004843,20240514,CMP0013,Markham,35,New,0,0,0,,
L0004844,20240430,CMP0002,Kitchener,44,New,0,0,0,,
L0004845,20240119,CMP0003,Mississauga,30,New,0,0,0,,
L0004846,20241013,CMP0017,Toronto,56,Account Opened,1,1,1,,
L0004847,20240222,CMP0004,Hamilton,81,Lost,1,1,1,,
L0004848,20240517,CMP0002,Ottawa,51,New,0,0,0,,
L0004849,20240311,CMP0009,Markham,50,New,0,0,0,,
L0004850,20240228,CMP0010,Toronto,15,New,0,0,0,,
L0004851,20240516,CMP0011,Hamilton,35,New,0,0,0,,
L0004852,20241202,CMP0012,Toronto,82,Account Opened,1,1,1,,
L0004853,20241211,CMP0018,Ottawa,82,Invested,1,1,1,INV000572,20241231
L0004854,20240519,CMP0014,Toronto,19,New,0,0,0,,
L0004855,20240703,CMP0001,Kitchener,11,New,0,0,0,,
L0004856,20241226,CMP0002,Toronto,84,Invested,1,1,1,INV000573,20241231
L0004857,20240326,CMP0001,Ottawa,25,New,0,0,0,,
L0004858,20241211,CMP0008,Toronto,61,Invested,1,1,1,INV000574,20241231
L0004859,20240208,CMP0007,Toronto,84,Invested,1,1,1,INV000575,20240216
L0004860,20240323,CMP0017,Ottawa,80,KYC Done,1,1,0,,
L0004861,20240503,CMP0007,Toronto,59,KYC Done,1,1,0,,
L0004862,20240114,CMP0001,Ottawa,43,New,0,0,0,,
L0004863,20241025,CMP0016,Toronto,79,KYC Done,1,1,0,,
L0004864,20241109,CMP0005,London,72,Invested,1,1,1,INV000576,20241114
L0004865,20240520,CMP0017,Vaughan,85,Account Opened,1,1,1,,
L0004866,20241102,CMP0014,London,56,Account Opened,1,1,1,,
L0004867,20241009,CMP0016,Toronto,94,Lost,1,1,0,,
L0004868,20241020,CMP0015,Ottawa,79,Invested,1,1,1,INV000577,20241106
L0004869,20241020,CMP0003,Toronto,15,New,0,0,0,,
L0004870,20240728,CMP0012,Brampton,36,New,0,0,0,,
L0004871,20240210,CMP0008,Markham,81,Invested,1,1,1,INV000578,20240320
L0004872,20241203,CMP0012,Toronto,20,New,0,0,0,,
L0004873,20240810,CMP0014,Mississauga,73,Qualified,1,0,0,,
L0004874,20241125,CMP0010,Markham,40,New,0,0,0,,
L0004875,20241217,CMP0006,Brampton,28,New,0,0,0,,
L0004876,20240309,CMP0017,Mississauga,58,Invested,1,1,1,INV000579,20240312
L0004877,20240527,CMP0012,Kitchener,93,Qualified,1,0,0,,
L0004878,20240311,CMP0016,Toronto,90,KYC Done,1,1,0,,
L0004879,20240119,CMP0005,Markham,46,Account Opened,1,1,1,,
L0004880,20241219,CMP0016,Toronto,10,New,0,0,0,,
L0004881,20241203,CMP0006,Windsor,89,Lost,1,1,1,,
L0004882,20241207,CMP0009,Markham,90,Account Opened,1,1,1,,
L0004883,20241119,CMP0016,Mississauga,64,Qualified,1,0,0,,
L0004884,20240825,CMP0007,Windsor,66,Account Opened,1,1,1,,
L0004885,20240710,CMP0005,Toronto,57,Qualified,1,0,0,,
L0004886,20241228,CMP0017,Vaughan,11,New,0,0,0,,
L0004887,20240721,CMP0018,London,24,New,0,0,0,,
L0004888,20240823,CMP0006,Toronto,22,New,0,0,0,,
L0004889,20240318,CMP0006,Ottawa,92,Invested,1,1,1,INV000580,20240417
L0004890,20240930,CMP0005,Toronto,14,New,0,0,0,,
L0004891,20241026,CMP0001,Ottawa,60,Qualified,1,0,0,,
L0004892,20240905,CMP0010,Hamilton,42,New,0,0,0,,
L0004893,20240701,CMP0005,Brampton,10,New,0,0,0,,
L0004894,20240313,CMP0016,Markham,92,Invested,1,1,1,INV000581,20240418
L0004895,20240113,CMP0004,Kitchener,11,New,0,0,0,,
L0004896,20240817,CMP0012,Ottawa,87,KYC Done,1,1,0,,
L0004897,20240906,CMP0010,Hamilton,79,Qualified,1,0,0,,
L0004898,20241009,CMP0012,Toronto,81,Qualified,1,0,0,,
L0004899,20241213,CMP0003,Windsor,24,New,0,0,0,,
L0004900,20240701,CMP0009,Vaughan,89,Qualified,1,0,0,,
L0004901,20241030,CMP0012,Kitchener,63,Invested,1,1,1,INV000582,20241109
L0004902,20240919,CMP0007,Markham,46,New,0,0,0,,
L0004903,20240411,CMP0016,Mississauga,71,KYC Done,1,1,0,,
L0004904,20241105,CMP0010,Mississauga,40,New,0,0,0,,
L0004905,20240120,CMP0007,Ottawa,35,Lost,0,0,0,,
L0004906,20240807,CMP0001,Toronto,35,New,0,0,0,,
L0004907,20241210,CMP0004,Ottawa,61,Qualified,1,0,0,,
L0004908,20240829,CMP0009,Brampton,64,Lost,1,1,1,,
L0004909,20241208,CMP0008,London,31,New,0,0,0,,
L0004910,20240121,CMP0016,Hamilton,32,New,0,0,0,,
L0004911,20240713,CMP0015,Mississauga,95,Account Opened,1,1,1,,
L0004912,20241012,CMP0003,London,56,Account Opened,1,1,1,,
L0004913,20240823,CMP0011,Mississauga,87,Invested,1,1,1,INV000583,20240905
L0004914,20241118,CMP0009,Mississauga,39,Lost,0,0,0,,
L0004915,20240618,CMP0002,Brampton,35,New,0,0,0,,
L0004916,20240906,CMP0012,Toronto,35,New,0,0,0,,
L0004917,20240602,CMP0010,Mississauga,57,New,0,0,0,,
L0004918,20241115,CMP0002,Mississauga,80,Qualified,1,0,0,,
L0004919,20240213,CMP0009,Toronto,55,Qualified,1,0,0,,
L0004920,20240403,CMP0014,Mississauga,36,Lost,0,0,0,,
L0004921,20240205,CMP0006,Ottawa,96,Qualified,1,0,0,,
L0004922,20240913,CMP0007,Markham,61,Account Opened,1,1,1,,
L0004923,20240326,CMP0002,Toronto,45,New,0,0,0,,
L0004924,20240426,CMP0004,Mississauga,10,New,0,0,0,,
L0004925,20241102,CMP0018,Toronto,60,Lost,1,0,0,,
L0004926,20240511,CMP0012,Toronto,65,Qualified,1,0,0,,
L0004927,20240223,CMP0004,Brampton,93,Qualified,1,0,0,,
L0004928,20240108,CMP0009,Ottawa,30,New,0,0,0,,
L0004929,20240323,CMP0004,London,24,Lost,0,0,0,,
L0004930,20241130,CMP0008,Markham,99,Account Opened,1,1,1,,
L0004931,20240719,CMP0003,Kitchener,59,KYC Done,1,1,0,,
L0004932,20241230,CMP0012,Kitchener,12,New,0,0,0,,
L0004933,20240319,CMP0011,Toronto,19,New,0,0,0,,
L0004934,20240508,CMP0012,Toronto,52,Invested,1,1,1,INV000584,20240522
L0004935,20240229,CMP0008,Ottawa,65,Invested,1,1,1,INV000585,20240320
L0004936,20240525,CMP0006,Hamilton,31,New,0,0,0,,
L0004937,20240725,CMP0005,Hamilton,42,New,0,0,0,,
L0004938,20241022,CMP0004,Ottawa,76,Invested,1,1,1,INV000586,20241115
L0004939,20240514,CMP0008,Windsor,97,Lost,1,1,0,,
L0004940,20241009,CMP0009,Ottawa,54,Account Opened,1,1,1,,
L0004941,20240817,CMP0013,Kitchener,47,KYC Done,1,1,0,,
L0004942,20240416,CMP0001,Windsor,42,New,0,0,0,,
L0004943,20241129,CMP0006,Ottawa,22,New,0,0,0,,
L0004944,20240607,CMP0016,Toronto,14,New,0,0,0,,
L0004945,20240225,CMP0017,Mississauga,85,Account Opened,1,1,1,,
L0004946,20241218,CMP0017,Brampton,13,New,0,0,0,,
L0004947,20241130,CMP0006,Vaughan,83,KYC Done,1,1,0,,
L0004948,20240119,CMP0003,Windsor,32,New,0,0,0,,
L0004949,20241126,CMP0004,Toronto,72,Invested,1,1,1,INV000587,20241231
L0004950,20241212,CMP0003,Toronto,95,Qualified,1,0,0,,
L0004951,20241030,CMP0018,Markham,77,Account Opened,1,1,1,,
L0004952,20240403,CMP0016,Ottawa,75,KYC Done,1,1,0,,
L0004953,20240819,CMP0015,London,33,Lost,0,0,0,,
L0004954,20240715,CMP0014,Mississauga,63,Account Opened,1,1,1,,
L0004955,20240814,CMP0007,Toronto,67,Account Opened,1,1,1,,
L0004956,20240813,CMP0009,Mississauga,48,New,0,0,0,,
L0004957,20240821,CMP0016,Toronto,13,New,0,0,0,,
L0004958,20240707,CMP0015,Brampton,92,Invested,1,1,1,INV000588,20240725
L0004959,20240909,CMP0010,Toronto,27,New,0,0,0,,
L0004960,20240711,CMP0016,Ottawa,97,KYC Done,1,1,0,,
L0004961,20240107,CMP0007,Markham,93,Qualified,1,0,0,,
L0004962,20240113,CMP0008,Toronto,11,New,0,0,0,,
L0004963,20241216,CMP0016,Vaughan,76,Account Opened,1,1,1,,
L0004964,20241128,CMP0007,Toronto,67,Account Opened,1,1,1,,
L0004965,20240802,CMP0014,Hamilton,30,New,0,0,0,,
L0004966,20240304,CMP0009,Mississauga,83,Invested,1,1,1,INV000589,20240415
L0004967,20241013,CMP0006,Vaughan,20,New,0,0,0,,
L0004968,20240222,CMP0004,Toronto,32,New,0,0,0,,
L0004969,20240518,CMP0011,Brampton,95,Account Opened,1,1,1,,
L0004970,20240430,CMP0009,Windsor,76,Qualified,1,0,0,,
L0004971,20240105,CMP0007,Toronto,20,New,0,0,0,,
L0004972,20241022,CMP0014,Markham,22,New,0,0,0,,
L0004973,20240705,CMP0001,London,33,New,0,0,0,,
L0004974,20240425,CMP0002,Mississauga,16,New,0,0,0,,
L0004975,20240704,CMP0018,Toronto,26,New,0,0,0,,
L0004976,20240101,CMP0012,Markham,61,Qualified,1,0,0,,
L0004977,20240608,CMP0010,Kitchener,10,Lost,0,0,0,,
L0004978,20240709,CMP0001,Toronto,35,New,0,0,0,,
L0004979,20240504,CMP0011,Vaughan,38,Lost,0,0,0,,
L0004980,20241030,CMP0008,Markham,97,Account Opened,1,1,1,,
L0004981,20240401,CMP0011,Ottawa,97,Account Opened,1,1,1,,
L0004982,20240220,CMP0001,Markham,86,Lost,1,1,1,,
L0004983,20240712,CMP0010,Toronto,40,New,0,0,0,,
L0004984,20241120,CMP0011,Ottawa,57,Invested,1,1,1,INV000590,20241126
L0004985,20240517,CMP0006,Windsor,55,Invested,1,1,1,INV000591,20240605
L0004986,20240118,CMP0001,Markham,87,Invested,1,1,1,INV000592,20240210
L0004987,20241220,CMP0018,Mississauga,77,Lost,1,1,1,,
L0004988,20240611,CMP0013,Hamilton,91,Lost,1,0,0,,
L0004989,20240304,CMP0012,Toronto,59,Account Opened,1,1,1,,
L0004990,20240813,CMP0014,Mississauga,92,KYC Done,1,1,0,,
L0004991,20240426,CMP0013,Toronto,76,KYC Done,1,1,0,,
L0004992,20241209,CMP0003,Toronto,76,Qualified,1,0,0,,
L0004993,20240417,CMP0009,Ottawa,69,Account Opened,1,1,1,,
L0004994,20240720,CMP0016,Mississauga,40,New,0,0,0,,
L0004995,20240717,CMP0006,Markham,64,KYC Done,1,1,0,,
L0004996,20240329,CMP0018,Vaughan,42,Lost,0,0,0,,
L0004997,20240701,CMP0002,Ottawa,68,Invested,1,1,1,INV000593,20240728
L0004998,20240209,CMP0006,Toronto,32,New,0,0,0,,
L0004999,20240823,CMP0007,Windsor,81,KYC Done,1,1,0,,
L0005000,20241004,CMP0012,Toronto,61,KYC Done,1,1,0,,
L0005001,20241213,CMP0004,Ottawa,73,Lost,1,1,1,,
L0005002,20240429,CMP0005,Toronto,29,New,0,0,0,,
L0005003,20240414,CMP0012,Kitchener,81,Qualified,1,0,0,,
L0005004,20240719,CMP0006,Mississauga,82,Lost,1,0,0,,
L0005005,20240910,CMP0016,Kitchener,23,New,0,0,0,,
L0005006,20241229,CMP0016,Windsor,41,New,0,0,0,,
L0005007,20240110,CMP0006,Kitchener,70,Qualified,1,0,0,,
L0005008,20240328,CMP0011,Markham,88,Invested,1,1,1,INV000594,20240418
L0005009,20240406,CMP0006,London,76,Qualified,1,0,0,,
L0005010,20240403,CMP0007,Kitchener,52,KYC Done,1,1,0,,
L0005011,20240618,CMP0013,Mississauga,36,Lost,0,0,0,,
L0005012,20241115,CMP0006,Markham,91,Account Opened,1,1,1,,
L0005013,20240112,CMP0003,Toronto,88,Invested,1,1,1,INV000595,20240124
L0005014,20241025,CMP0005,Brampton,90,Lost,1,1,1,,
L0005015,20240814,CMP0017,Brampton,37,New,0,0,0,,
L0005016,20240813,CMP0005,Windsor,49,New,0,0,0,,
L0005017,20240905,CMP0007,Mississauga,31,New,0,0,0,,
L0005018,20240212,CMP0012,Ottawa,95,Lost,1,1,0,,
L0005019,20240930,CMP0002,Hamilton,88,Account Opened,1,1,1,,
L0005020,20240331,CMP0005,Hamilton,25,Lost,0,0,0,,
L0005021,20240708,CMP0004,Toronto,32,Lost,0,0,0,,
L0005022,20240904,CMP0017,Ottawa,59,KYC Done,1,1,0,,
L0005023,20240809,CMP0017,Hamilton,47,KYC Done,1,1,0,,
L0005024,20240428,CMP0014,Kitchener,51,New,0,0,0,,
L0005025,20240524,CMP0005,Kitchener,43,New,0,0,0,,
L0005026,20240623,CMP0012,Mississauga,70,Account Opened,1,1,1,,
L0005027,20240116,CMP0012,Toronto,90,Lost,1,0,0,,
L0005028,20240922,CMP0016,London,92,Account Opened,1,1,1,,
L0005029,20240206,CMP0003,Ottawa,50,New,0,0,0,,
L0005030,20240616,CMP0014,London,84,Qualified,1,0,0,,
L0005031,20240827,CMP0004,Vaughan,72,Qualified,1,0,0,,
L0005032,20240130,CMP0011,Toronto,27,New,0,0,0,,
L0005033,20241230,CMP0016,Vaughan,81,KYC Done,1,1,0,,
L0005034,20240518,CMP0002,Mississauga,41,New,0,0,0,,
L0005035,20240106,CMP0003,Windsor,66,KYC Done,1,1,0,,
L0005036,20240829,CMP0015,Brampton,74,Account Opened,1,1,1,,
L0005037,20240723,CMP0001,Vaughan,94,KYC Done,1,1,0,,
L0005038,20240822,CMP0013,Toronto,95,Qualified,1,0,0,,
L0005039,20241001,CMP0010,Ottawa,82,Invested,1,1,1,INV000596,20241110
L0005040,20240623,CMP0007,Toronto,55,Invested,1,1,1,INV000597,20240713
L0005041,20241029,CMP0016,London,46,New,0,0,0,,
L0005042,20240515,CMP0016,Kitchener,49,New,0,0,0,,
L0005043,20240718,CMP0006,Vaughan,95,KYC Done,1,1,0,,
L0005044,20240228,CMP0001,London,28,New,0,0,0,,
L0005045,20240814,CMP0003,Toronto,57,Qualified,1,0,0,,
L0005046,20240405,CMP0002,Windsor,71,Qualified,1,0,0,,
L0005047,20240912,CMP0018,Brampton,12,Lost,0,0,0,,
L0005048,20241020,CMP0011,Hamilton,67,Invested,1,1,1,INV000598,20241021
L0005049,20241110,CMP0013,Mississauga,33,New,0,0,0,,
L0005050,20241206,CMP0005,Markham,35,New,0,0,0,,
L0005051,20240214,CMP0016,Brampton,65,Account Opened,1,1,1,,
L0005052,20240220,CMP0014,Brampton,10,New,0,0,0,,
L0005053,20241204,CMP0014,Toronto,24,Lost,0,0,0,,
L0005054,20240519,CMP0009,Ottawa,50,Invested,1,1,1,INV000599,20240529
L0005055,20240110,CMP0013,Mississauga,62,Invested,1,1,1,INV000600,20240201
L0005056,20240415,CMP0010,Kitchener,19,Lost,0,0,0,,
L0005057,20241102,CMP0007,Markham,42,New,0,0,0,,
L0005058,20240509,CMP0011,Kitchener,37,New,0,0,0,,
L0005059,20240129,CMP0006,Brampton,58,Account Opened,1,1,1,,
L0005060,20240921,CMP0018,Hamilton,37,New,0,0,0,,
L0005061,20240312,CMP0013,Ottawa,10,New,0,0,0,,
L0005062,20240509,CMP0014,Kitchener,57,New,0,0,0,,
L0005063,20240102,CMP0013,Mississauga,86,KYC Done,1,1,0,,
L0005064,20240808,CMP0009,Mississauga,62,Invested,1,1,1,INV000601,20240824
L0005065,20240611,CMP0018,Brampton,42,New,0,0,0,,
L0005066,20241113,CMP0004,Ottawa,53,New,0,0,0,,
L0005067,20240502,CMP0011,Vaughan,22,New,0,0,0,,
L0005068,20240315,CMP0002,Toronto,31,New,0,0,0,,
L0005069,20240301,CMP0006,Hamilton,49,Account Opened,1,1,1,,
L0005070,20240314,CMP0011,Mississauga,63,Lost,1,0,0,,
L0005071,20240614,CMP0009,Toronto,53,Invested,1,1,1,INV000602,20240723
L0005072,20240201,CMP0017,Kitchener,96,Lost,1,0,0,,
L0005073,20240527,CMP0012,Markham,67,Account Opened,1,1,1,,
L0005074,20241108,CMP0008,Kitchener,12,New,0,0,0,,
L0005075,20241007,CMP0008,Brampton,57,Account Opened,1,1,1,,
L0005076,20240821,CMP0012,London,62,Invested,1,1,1,INV000603,20240909
L0005077,20241122,CMP0015,Hamilton,13,New,0,0,0,,
L0005078,20241012,CMP0005,Hamilton,44,New,0,0,0,,
L0005079,20240826,CMP0011,Toronto,88,Qualified,1,0,0,,
L0005080,20241111,CMP0011,Toronto,42,New,0,0,0,,
L0005081,20240215,CMP0001,Toronto,51,New,0,0,0,,
L0005082,20241026,CMP0017,London,29,New,0,0,0,,
L0005083,20240418,CMP0011,Markham,16,Lost,0,0,0,,
L0005084,20240925,CMP0005,Hamilton,38,Lost,0,0,0,,
L0005085,20241130,CMP0012,Toronto,79,Invested,1,1,1,INV000604,20241206
L0005086,20240630,CMP0013,Markham,98,Account Opened,1,1,1,,
L0005087,20240202,CMP0017,Toronto,69,Qualified,1,0,0,,
L0005088,20240515,CMP0001,Vaughan,84,Account Opened,1,1,1,,
L0005089,20240528,CMP0008,Brampton,68,Account Opened,1,1,1,,
L0005090,20241208,CMP0004,London,69,Invested,1,1,1,INV000605,20241231
L0005091,20241210,CMP0011,Toronto,48,New,0,0,0,,
L0005092,20240727,CMP0010,Mississauga,15,New,0,0,0,,
L0005093,20241213,CMP0009,Ottawa,46,Qualified,1,0,0,,
L0005094,20240608,CMP0018,Ottawa,87,KYC Done,1,1,0,,
L0005095,20240530,CMP0010,Toronto,58,Invested,1,1,1,INV000606,20240708
L0005096,20241102,CMP0008,Ottawa,78,Account Opened,1,1,1,,
L0005097,20240901,CMP0002,Toronto,14,New,0,0,0,,
L0005098,20240710,CMP0006,Kitchener,28,New,0,0,0,,
L0005099,20240616,CMP0017,Brampton,36,New,0,0,0,,
L0005100,20240915,CMP0009,Brampton,42,New,0,0,0,,
L0005101,20241002,CMP0017,Ottawa,98,Qualified,1,0,0,,
L0005102,20240628,CMP0010,Markham,51,New,0,0,0,,
L0005103,20240112,CMP0010,Toronto,69,Invested,1,1,1,INV000607,20240201
L0005104,20240207,CMP0008,London,68,Lost,1,0,0,,
L0005105,20240222,CMP0011,Kitchener,47,Qualified,1,0,0,,
L0005106,20240618,CMP0002,Brampton,96,Account Opened,1,1,1,,
L0005107,20240812,CMP0002,Toronto,30,New,0,0,0,,
L0005108,20241021,CMP0009,Mississauga,13,New,0,0,0,,
L0005109,20240326,CMP0011,Kitchener,77,Account Opened,1,1,1,,
L0005110,20241014,CMP0010,Toronto,68,Account Opened,1,1,1,,
L0005111,20240831,CMP0008,Toronto,33,New,0,0,0,,
L0005112,20240119,CMP0006,Kitchener,88,Invested,1,1,1,INV000608,20240224
L0005113,20240508,CMP0013,Vaughan,24,New,0,0,0,,
L0005114,20240420,CMP0011,Ottawa,32,New,0,0,0,,
L0005115,20241120,CMP0001,Toronto,23,New,0,0,0,,
L0005116,20241203,CMP0009,Hamilton,26,New,0,0,0,,
L0005117,20241026,CMP0013,Markham,75,Account Opened,1,1,1,,
L0005118,20240712,CMP0015,Mississauga,73,Invested,1,1,1,INV000609,20240811
L0005119,20240629,CMP0006,Toronto,67,Lost,1,1,0,,
L0005120,20240424,CMP0017,Kitchener,87,Invested,1,1,1,INV000610,20240517
L0005121,20241009,CMP0012,Markham,16,Lost,0,0,0,,
L0005122,20240201,CMP0008,Ottawa,65,KYC Done,1,1,0,,
L0005123,20240409,CMP0012,Kitchener,20,New,0,0,0,,
L0005124,20240219,CMP0016,Hamilton,96,Account Opened,1,1,1,,
L0005125,20240629,CMP0005,Kitchener,67,Qualified,1,0,0,,
L0005126,20240419,CMP0003,Toronto,78,KYC Done,1,1,0,,
L0005127,20240313,CMP0008,Brampton,61,Invested,1,1,1,INV000611,20240326
L0005128,20240517,CMP0002,Hamilton,44,New,0,0,0,,
L0005129,20241111,CMP0016,Brampton,71,Qualified,1,0,0,,
L0005130,20240723,CMP0018,Brampton,85,KYC Done,1,1,0,,
L0005131,20241028,CMP0011,London,26,Lost,0,0,0,,
L0005132,20241130,CMP0018,Hamilton,88,Invested,1,1,1,INV000612,20241219
L0005133,20241126,CMP0002,Mississauga,75,Lost,1,1,1,,
L0005134,20240508,CMP0012,Ottawa,17,New,0,0,0,,
L0005135,20241117,CMP0008,London,94,Invested,1,1,1,INV000613,20241210
L0005136,20241128,CMP0005,Hamilton,26,New,0,0,0,,
L0005137,20241217,CMP0006,Ottawa,64,Invested,1,1,1,INV000614,20241219
L0005138,20240508,CMP0010,Mississauga,21,New,0,0,0,,
L0005139,20240324,CMP0012,Toronto,27,New,0,0,0,,
L0005140,20240801,CMP0003,Vaughan,67,Account Opened,1,1,1,,
L0005141,20241207,CMP0012,Markham,71,Account Opened,1,1,1,,
L0005142,20241125,CMP0017,Hamilton,71,Qualified,1,0,0,,
L0005143,20240728,CMP0001,Ottawa,40,New,0,0,0,,
L0005144,20240224,CMP0016,Toronto,83,Invested,1,1,1,INV000615,20240330
L0005145,20240603,CMP0011,Ottawa,14,New,0,0,0,,
L0005146,20240918,CMP0007,Ottawa,86,Qualified,1,0,0,,
L0005147,20240724,CMP0014,Ottawa,37,New,0,0,0,,
L0005148,20240506,CMP0012,Mississauga,65,Account Opened,1,1,1,,
L0005149,20240505,CMP0014,Toronto,91,Account Opened,1,1,1,,
L0005150,20240122,CMP0002,Kitchener,32,New,0,0,0,,
L0005151,20240415,CMP0002,Ottawa,47,Lost,0,0,0,,
L0005152,20240901,CMP0012,Vaughan,84,Qualified,1,0,0,,
L0005153,20240329,CMP0006,Hamilton,87,Qualified,1,0,0,,
L0005154,20241229,CMP0005,Markham,31,New,0,0,0,,
L0005155,20240131,CMP0008,Toronto,55,Qualified,1,0,0,,
L0005156,20240803,CMP0014,Toronto,39,New,0,0,0,,
L0005157,20240630,CMP0004,Hamilton,56,Invested,1,1,1,INV000616,20240808
L0005158,20241031,CMP0018,Ottawa,44,New,0,0,0,,
L0005159,20241120,CMP0008,Toronto,10,New,0,0,0,,
L0005160,20240717,CMP0003,Hamilton,93,Qualified,1,0,0,,
L0005161,20240818,CMP0002,Toronto,67,Invested,1,1,1,INV000617,20240904
L0005162,20240912,CMP0016,Toronto,51,KYC Done,1,1,0,,
L0005163,20240709,CMP0003,Windsor,19,New,0,0,0,,
L0005164,20240308,CMP0008,Ottawa,16,Lost,0,0,0,,
L0005165,20240605,CMP0013,Mississauga,53,KYC Done,1,1,0,,
L0005166,20240329,CMP0010,Toronto,68,Account Opened,1,1,1,,
L0005167,20240618,CMP0005,Kitchener,33,New,0,0,0,,
L0005168,20240813,CMP0002,Kitchener,76,Lost,1,1,0,,
L0005169,20240317,CMP0013,Mississauga,45,New,0,0,0,,
L0005170,20240401,CMP0009,Brampton,10,Lost,0,0,0,,
L0005171,20241028,CMP0001,Hamilton,58,Account Opened,1,1,1,,
L0005172,20240518,CMP0004,Toronto,26,New,0,0,0,,
L0005173,20240313,CMP0011,Ottawa,11,New,0,0,0,,
L0005174,20240918,CMP0004,Toronto,21,Lost,0,0,0,,
L0005175,20240919,CMP0008,Mississauga,35,Lost,0,0,0,,
L0005176,20241029,CMP0003,Hamilton,56,Qualified,1,0,0,,
L0005177,20241005,CMP0015,Mississauga,99,Lost,1,1,1,,
L0005178,20241229,CMP0012,Ottawa,29,New,0,0,0,,
L0005179,20240729,CMP0015,Mississauga,15,New,0,0,0,,
L0005180,20240414,CMP0001,Ottawa,27,New,0,0,0,,
L0005181,20241111,CMP0007,Kitchener,38,New,0,0,0,,
L0005182,20240406,CMP0005,Ottawa,28,New,0,0,0,,
L0005183,20240416,CMP0012,Ottawa,38,New,0,0,0,,
L0005184,20241030,CMP0015,Ottawa,97,KYC Done,1,1,0,,
L0005185,20241118,CMP0005,Vaughan,44,New,0,0,0,,
L0005186,20240504,CMP0014,London,67,Account Opened,1,1,1,,
L0005187,20240923,CMP0011,Toronto,71,KYC Done,1,1,0,,
L0005188,20241203,CMP0015,Toronto,21,New,0,0,0,,
L0005189,20241019,CMP0002,Ottawa,32,New,0,0,0,,
L0005190,20240102,CMP0018,Markham,47,New,0,0,0,,
L0005191,20240831,CMP0008,Toronto,51,Qualified,1,0,0,,
L0005192,20240303,CMP0006,Ottawa,11,Lost,0,0,0,,
L0005193,20241105,CMP0004,Hamilton,68,KYC Done,1,1,0,,
L0005194,20240125,CMP0018,Brampton,37,New,0,0,0,,
L0005195,20241229,CMP0016,London,39,New,0,0,0,,
L0005196,20240305,CMP0003,Brampton,64,Qualified,1,0,0,,
L0005197,20240602,CMP0009,Hamilton,95,Invested,1,1,1,INV000618,20240620
L0005198,20240326,CMP0014,Markham,87,Qualified,1,0,0,,
L0005199,20241024,CMP0011,Kitchener,98,Lost,1,0,0,,
L0005200,20240524,CMP0004,Hamilton,47,New,0,0,0,,
L0005201,20240929,CMP0007,Brampton,20,New,0,0,0,,
L0005202,20240125,CMP0007,London,29,New,0,0,0,,
L0005203,20240614,CMP0006,Markham,40,New,0,0,0,,
L0005204,20241129,CMP0018,Brampton,37,New,0,0,0,,
L0005205,20241205,CMP0004,Brampton,28,New,0,0,0,,
L0005206,20240317,CMP0013,Toronto,23,Lost,0,0,0,,
L0005207,20240524,CMP0017,Hamilton,26,New,0,0,0,,
L0005208,20240529,CMP0015,Ottawa,69,Lost,1,1,1,,
L0005209,20240725,CMP0015,Toronto,54,Account Opened,1,1,1,,
L0005210,20240715,CMP0003,Ottawa,13,New,0,0,0,,
L0005211,20240208,CMP0003,Windsor,60,Account Opened,1,1,1,,
L0005212,20241006,CMP0015,Toronto,85,Account Opened,1,1,1,,
L0005213,20240323,CMP0014,Ottawa,48,New,0,0,0,,
L0005214,20240425,CMP0014,Kitchener,38,New,0,0,0,,
L0005215,20241103,CMP0008,Kitchener,34,New,0,0,0,,
L0005216,20240909,CMP0010,Brampton,44,New,0,0,0,,
L0005217,20240525,CMP0001,Toronto,35,New,0,0,0,,
L0005218,20241129,CMP0006,Brampton,93,KYC Done,1,1,0,,
L0005219,20240524,CMP0010,Mississauga,99,KYC Done,1,1,0,,
L0005220,20240725,CMP0003,Ottawa,40,New,0,0,0,,
L0005221,20240331,CMP0003,Hamilton,93,Invested,1,1,1,INV000619,20240424
L0005222,20240308,CMP0001,Markham,86,Invested,1,1,1,INV000620,20240314
L0005223,20240628,CMP0004,Hamilton,16,Lost,0,0,0,,
L0005224,20240725,CMP0018,Vaughan,54,New,0,0,0,,
L0005225,20241021,CMP0013,London,69,KYC Done,1,1,0,,
L0005226,20240523,CMP0018,Ottawa,47,New,0,0,0,,
L0005227,20241123,CMP0005,Toronto,51,New,0,0,0,,
L0005228,20240810,CMP0011,Markham,54,Qualified,1,0,0,,
L0005229,20240126,CMP0017,London,71,Qualified,1,0,0,,
L0005230,20240927,CMP0007,Mississauga,36,New,0,0,0,,
L0005231,20240729,CMP0012,Mississauga,63,Qualified,1,0,0,,
L0005232,20240522,CMP0013,Hamilton,31,New,0,0,0,,
L0005233,20240620,CMP0015,Toronto,90,Account Opened,1,1,1,,
L0005234,20240420,CMP0018,Markham,17,New,0,0,0,,
L0005235,20240812,CMP0012,Mississauga,16,New,0,0,0,,
L0005236,20240726,CMP0011,Hamilton,13,New,0,0,0,,
L0005237,20240612,CMP0016,Mississauga,41,New,0,0,0,,
L0005238,20240414,CMP0013,Ottawa,64,Invested,1,1,1,INV000621,20240509
L0005239,20240525,CMP0007,Markham,98,Qualified,1,0,0,,
L0005240,20240701,CMP0012,Mississauga,50,New,0,0,0,,
L0005241,20240621,CMP0010,Toronto,26,New,0,0,0,,
L0005242,20240423,CMP0005,Toronto,43,New,0,0,0,,
L0005243,20240801,CMP0010,Toronto,21,New,0,0,0,,
L0005244,20240323,CMP0012,Ottawa,52,Invested,1,1,1,INV000622,20240326
L0005245,20240702,CMP0017,Toronto,75,Account Opened,1,1,1,,
L0005246,20240214,CMP0011,Brampton,13,New,0,0,0,,
L0005247,20240621,CMP0003,London,79,Invested,1,1,1,INV000623,20240622
L0005248,20241013,CMP0018,Vaughan,30,New,0,0,0,,
L0005249,20241026,CMP0011,Mississauga,70,Account Opened,1,1,1,,
L0005250,20240911,CMP0006,Vaughan,83,Invested,1,1,1,INV000624,20241019
L0005251,20240929,CMP0014,Windsor,79,Qualified,1,0,0,,
L0005252,20240125,CMP0007,Hamilton,70,Qualified,1,0,0,,
L0005253,20240504,CMP0007,London,72,Account Opened,1,1,1,,
L0005254,20240827,CMP0016,Ottawa,26,New,0,0,0,,
L0005255,20241020,CMP0016,Toronto,22,New,0,0,0,,
L0005256,20240801,CMP0010,Kitchener,44,New,0,0,0,,
L0005257,20241108,CMP0007,Kitchener,64,Account Opened,1,1,1,,
L0005258,20240409,CMP0016,Mississauga,65,Invested,1,1,1,INV000625,20240508
L0005259,20240226,CMP0004,Toronto,79,Invested,1,1,1,INV000626,20240409
L0005260,20240201,CMP0014,Toronto,37,New,0,0,0,,
L0005261,20240801,CMP0011,Ottawa,87,Lost,1,1,0,,
L0005262,20240831,CMP0016,Kitchener,50,Qualified,1,0,0,,
L0005263,20240414,CMP0008,Toronto,32,Lost,0,0,0,,
L0005264,20241013,CMP0015,Hamilton,76,Lost,1,1,1,,
L0005265,20240927,CMP0001,Markham,21,New,0,0,0,,
L0005266,20240511,CMP0014,Brampton,46,New,0,0,0,,
L0005267,20240328,CMP0002,Hamilton,80,Account Opened,1,1,1,,
L0005268,20240928,CMP0012,Ottawa,79,Account Opened,1,1,1,,
L0005269,20240902,CMP0004,Toronto,33,Lost,0,0,0,,
L0005270,20240303,CMP0018,Ottawa,24,Lost,0,0,0,,
L0005271,20240403,CMP0014,Toronto,12,New,0,0,0,,
L0005272,20240626,CMP0002,London,18,New,0,0,0,,
L0005273,20240706,CMP0017,Mississauga,84,Lost,1,0,0,,
L0005274,20240301,CMP0005,Markham,80,Account Opened,1,1,1,,
L0005275,20241213,CMP0010,Hamilton,55,Invested,1,1,1,INV000627,20241226
L0005276,20240522,CMP0002,Kitchener,61,KYC Done,1,1,0,,
L0005277,20240519,CMP0002,London,39,New,0,0,0,,
L0005278,20240123,CMP0005,London,27,New,0,0,0,,
L0005279,20241116,CMP0010,Mississauga,11,New,0,0,0,,
L0005280,20240327,CMP0010,Ottawa,70,Qualified,1,0,0,,
L0005281,20241227,CMP0016,London,13,New,0,0,0,,
L0005282,20240630,CMP0003,London,19,New,0,0,0,,
L0005283,20241116,CMP0014,London,81,Qualified,1,0,0,,
L0005284,20240306,CMP0001,Toronto,62,Lost,1,1,1,,
L0005285,20240301,CMP0006,Toronto,54,New,0,0,0,,
L0005286,20241020,CMP0004,Toronto,29,New,0,0,0,,
L0005287,20241026,CMP0003,Toronto,23,Lost,0,0,0,,
L0005288,20240717,CMP0011,Markham,51,Lost,0,0,0,,
L0005289,20240112,CMP0017,Ottawa,42,New,0,0,0,,
L0005290,20241211,CMP0013,Ottawa,58,Lost,1,1,0,,
L0005291,20240523,CMP0016,Toronto,24,New,0,0,0,,
L0005292,20241208,CMP0011,Markham,30,New,0,0,0,,
L0005293,20241114,CMP0001,Toronto,20,Lost,0,0,0,,
L0005294,20241107,CMP0007,Mississauga,48,New,0,0,0,,
L0005295,20240909,CMP0015,Markham,34,Lost,0,0,0,,
L0005296,20240903,CMP0001,London,30,Lost,0,0,0,,
L0005297,20240713,CMP0002,Toronto,59,Invested,1,1,1,INV000628,20240729
L0005298,20240110,CMP0016,Toronto,54,New,0,0,0,,
L0005299,20240521,CMP0002,Brampton,28,New,0,0,0,,
L0005300,20240924,CMP0018,Hamilton,72,Account Opened,1,1,1,,
L0005301,20241024,CMP0014,Mississauga,40,New,0,0,0,,
L0005302,20240723,CMP0012,Hamilton,40,New,0,0,0,,
L0005303,20240916,CMP0010,Brampton,53,Lost,1,1,1,,
L0005304,20240108,CMP0002,Hamilton,22,New,0,0,0,,
L0005305,20240620,CMP0008,London,47,New,0,0,0,,
L0005306,20240704,CMP0015,Vaughan,62,Lost,1,0,0,,
L0005307,20241122,CMP0017,Toronto,21,New,0,0,0,,
L0005308,20240423,CMP0009,Toronto,60,KYC Done,1,1,0,,
L0005309,20240325,CMP0016,Toronto,13,New,0,0,0,,
L0005310,20240508,CMP0014,Toronto,64,KYC Done,1,1,0,,
L0005311,20240303,CMP0002,Mississauga,13,New,0,0,0,,
L0005312,20240723,CMP0012,Toronto,25,New,0,0,0,,
L0005313,20240823,CMP0012,Markham,41,New,0,0,0,,
L0005314,20241020,CMP0010,Vaughan,65,Invested,1,1,1,INV000629,20241026
L0005315,20241221,CMP0014,London,74,KYC Done,1,1,0,,
L0005316,20240127,CMP0017,Brampton,52,New,0,0,0,,
L0005317,20240331,CMP0010,London,21,Lost,0,0,0,,
L0005318,20240420,CMP0006,Ottawa,44,Lost,0,0,0,,
L0005319,20240401,CMP0018,Hamilton,80,Account Opened,1,1,1,,
L0005320,20241029,CMP0018,Toronto,18,New,0,0,0,,
L0005321,20240221,CMP0013,Vaughan,74,Invested,1,1,1,INV000630,20240316
L0005322,20240111,CMP0012,Brampton,44,New,0,0,0,,
L0005323,20241110,CMP0002,Mississauga,10,New,0,0,0,,
L0005324,20241217,CMP0008,Brampton,72,Lost,1,0,0,,
L0005325,20240323,CMP0004,Mississauga,12,New,0,0,0,,
L0005326,20240501,CMP0010,Windsor,43,New,0,0,0,,
L0005327,20240703,CMP0015,Hamilton,27,New,0,0,0,,
L0005328,20240711,CMP0005,Vaughan,62,KYC Done,1,1,0,,
L0005329,20241228,CMP0018,Kitchener,15,New,0,0,0,,
L0005330,20240527,CMP0003,Hamilton,18,Lost,0,0,0,,
L0005331,20240105,CMP0002,Markham,57,KYC Done,1,1,0,,
L0005332,20240603,CMP0018,Kitchener,99,Account Opened,1,1,1,,
L0005333,20240722,CMP0002,Toronto,13,New,0,0,0,,
L0005334,20240708,CMP0014,Mississauga,51,Invested,1,1,1,INV000631,20240818
L0005335,20240706,CMP0014,Brampton,82,Account Opened,1,1,1,,
L0005336,20241203,CMP0006,Hamilton,36,New,0,0,0,,
L0005337,20241022,CMP0002,Markham,54,Account Opened,1,1,1,,
L0005338,20240402,CMP0006,Brampton,85,Account Opened,1,1,1,,
L0005339,20240510,CMP0002,Vaughan,75,KYC Done,1,1,0,,
L0005340,20240901,CMP0013,Hamilton,36,New,0,0,0,,
L0005341,20240530,CMP0016,Brampton,77,Account Opened,1,1,1,,
L0005342,20240605,CMP0018,London,70,Qualified,1,0,0,,
L0005343,20240302,CMP0015,Vaughan,55,Lost,1,1,1,,
L0005344,20240403,CMP0014,Mississauga,49,Lost,0,0,0,,
L0005345,20240928,CMP0016,Brampton,93,Lost,1,0,0,,
L0005346,20241104,CMP0014,London,88,Invested,1,1,1,INV000632,20241113
L0005347,20241014,CMP0012,Brampton,99,Qualified,1,0,0,,
L0005348,20240422,CMP0018,Toronto,70,KYC Done,1,1,0,,
L0005349,20240220,CMP0006,Vaughan,42,Lost,0,0,0,,
L0005350,20240228,CMP0008,Toronto,19,Lost,0,0,0,,
L0005351,20240524,CMP0017,Mississauga,21,New,0,0,0,,
L0005352,20240708,CMP0006,Vaughan,95,Account Opened,1,1,1,,
L0005353,20241122,CMP0006,Hamilton,42,New,0,0,0,,
L0005354,20241124,CMP0003,Brampton,19,Lost,0,0,0,,
L0005355,20240101,CMP0005,Brampton,30,Lost,0,0,0,,
L0005356,20240915,CMP0011,Toronto,11,New,0,0,0,,
L0005357,20240419,CMP0016,Toronto,57,KYC Done,1,1,0,,
L0005358,20240313,CMP0003,Kitchener,63,Qualified,1,0,0,,
L0005359,20240722,CMP0013,Toronto,44,New,0,0,0,,
L0005360,20240113,CMP0014,Toronto,76,Invested,1,1,1,INV000633,20240201
L0005361,20240502,CMP0017,London,53,KYC Done,1,1,0,,
L0005362,20240721,CMP0014,Vaughan,96,Account Opened,1,1,1,,
L0005363,20240409,CMP0003,London,78,Account Opened,1,1,1,,
L0005364,20240805,CMP0009,Mississauga,16,New,0,0,0,,
L0005365,20240617,CMP0018,Mississauga,34,New,0,0,0,,
L0005366,20241019,CMP0017,Windsor,77,KYC Done,1,1,0,,
L0005367,20240307,CMP0012,London,58,Invested,1,1,1,INV000634,20240410
L0005368,20240121,CMP0018,Markham,77,Invested,1,1,1,INV000635,20240123
L0005369,20240712,CMP0013,Ottawa,40,New,0,0,0,,
L0005370,20240404,CMP0002,Markham,13,New,0,0,0,,
L0005371,20240915,CMP0017,Windsor,80,Qualified,1,0,0,,
L0005372,20240204,CMP0004,Brampton,80,Qualified,1,0,0,,
L0005373,20240729,CMP0007,Mississauga,67,Account Opened,1,1,1,,
L0005374,20241228,CMP0005,Toronto,46,Account Opened,1,1,1,,
L0005375,20240204,CMP0013,London,10,New,0,0,0,,
L0005376,20240420,CMP0001,Mississauga,75,Invested,1,1,1,INV000636,20240529
L0005377,20241105,CMP0012,Mississauga,69,KYC Done,1,1,0,,
L0005378,20240714,CMP0016,Hamilton,70,Account Opened,1,1,1,,
L0005379,20240305,CMP0015,London,25,New,0,0,0,,
L0005380,20240319,CMP0006,Brampton,75,Invested,1,1,1,INV000637,20240322
L0005381,20241006,CMP0017,Kitchener,75,Account Opened,1,1,1,,
L0005382,20241111,CMP0007,Toronto,87,Qualified,1,0,0,,
L0005383,20240511,CMP0013,Ottawa,61,Account Opened,1,1,1,,
L0005384,20240622,CMP0010,Hamilton,75,Lost,1,1,1,,
L0005385,20241013,CMP0002,Hamilton,46,New,0,0,0,,
L0005386,20240305,CMP0001,Hamilton,72,Qualified,1,0,0,,
L0005387,20240316,CMP0004,Hamilton,72,Invested,1,1,1,INV000638,20240415
L0005388,20241010,CMP0017,Markham,80,Invested,1,1,1,INV000639,20241105
L0005389,20240309,CMP0018,Markham,87,KYC Done,1,1,0,,
L0005390,20241009,CMP0008,Windsor,10,New,0,0,0,,
L0005391,20240630,CMP0018,Kitchener,80,Qualified,1,0,0,,
L0005392,20241228,CMP0001,Ottawa,81,Invested,1,1,1,INV000640,20241231
L0005393,20240113,CMP0018,London,59,Account Opened,1,1,1,,
L0005394,20241212,CMP0005,Brampton,56,Lost,1,1,1,,
L0005395,20240323,CMP0001,Hamilton,75,Account Opened,1,1,1,,
L0005396,20240113,CMP0014,Toronto,50,Account Opened,1,1,1,,
L0005397,20240921,CMP0007,Brampton,47,Account Opened,1,1,1,,
L0005398,20240713,CMP0006,Kitchener,82,Account Opened,1,1,1,,
L0005399,20241102,CMP0014,Hamilton,81,Qualified,1,0,0,,
L0005400,20240209,CMP0006,Toronto,28,New,0,0,0,,
L0005401,20240130,CMP0014,Ottawa,84,Account Opened,1,1,1,,
L0005402,20240726,CMP0004,Brampton,39,New,0,0,0,,
L0005403,20241118,CMP0002,Markham,22,New,0,0,0,,
L0005404,20240528,CMP0006,Toronto,89,Account Opened,1,1,1,,
L0005405,20241018,CMP0011,Hamilton,31,New,0,0,0,,
L0005406,20241127,CMP0005,London,28,New,0,0,0,,
L0005407,20241114,CMP0003,Hamilton,34,New,0,0,0,,
L0005408,20240705,CMP0014,Mississauga,54,KYC Done,1,1,0,,
L0005409,20240912,CMP0009,Markham,24,New,0,0,0,,
L0005410,20240711,CMP0008,Markham,24,New,0,0,0,,
L0005411,20240903,CMP0005,Brampton,45,New,0,0,0,,
L0005412,20240726,CMP0001,Mississauga,29,New,0,0,0,,
L0005413,20240711,CMP0001,Hamilton,27,New,0,0,0,,
L0005414,20240608,CMP0013,Brampton,92,KYC Done,1,1,0,,
L0005415,20240826,CMP0002,Brampton,63,Lost,1,0,0,,
L0005416,20241001,CMP0005,Ottawa,11,New,0,0,0,,
L0005417,20241202,CMP0017,Ottawa,19,New,0,0,0,,
L0005418,20240812,CMP0007,Markham,83,Invested,1,1,1,INV000641,20240925
L0005419,20240206,CMP0014,Kitchener,34,New,0,0,0,,
L0005420,20240803,CMP0007,London,23,New,0,0,0,,
L0005421,20240425,CMP0017,Toronto,69,Account Opened,1,1,1,,
L0005422,20240110,CMP0015,Mississauga,85,Account Opened,1,1,1,,
L0005423,20240127,CMP0009,Toronto,45,Lost,0,0,0,,
L0005424,20240804,CMP0013,Hamilton,76,Invested,1,1,1,INV000642,20240813
L0005425,20241211,CMP0008,Hamilton,47,Invested,1,1,1,INV000643,20241231
L0005426,20240704,CMP0017,Windsor,19,New,0,0,0,,
L0005427,20240611,CMP0007,Ottawa,81,Invested,1,1,1,INV000644,20240618
L0005428,20240202,CMP0016,Toronto,92,KYC Done,1,1,0,,
L0005429,20240904,CMP0012,Hamilton,98,KYC Done,1,1,0,,
L0005430,20240121,CMP0012,Brampton,19,New,0,0,0,,
L0005431,20241103,CMP0007,Toronto,60,Qualified,1,0,0,,
L0005432,20241025,CMP0015,Brampton,66,Account Opened,1,1,1,,
L0005433,20241228,CMP0014,Mississauga,17,New,0,0,0,,
L0005434,20240414,CMP0015,Toronto,95,KYC Done,1,1,0,,
L0005435,20240229,CMP0015,Ottawa,19,New,0,0,0,,
L0005436,20240419,CMP0003,Markham,34,New,0,0,0,,
L0005437,20241019,CMP0016,Vaughan,97,KYC Done,1,1,0,,
L0005438,20240321,CMP0016,Mississauga,60,Invested,1,1,1,INV000645,20240325
L0005439,20241120,CMP0005,Ottawa,71,Account Opened,1,1,1,,
L0005440,20240226,CMP0018,Vaughan,54,New,0,0,0,,
L0005441,20240118,CMP0010,Windsor,77,Lost,1,1,1,,
L0005442,20240321,CMP0006,Vaughan,17,New,0,0,0,,
L0005443,20241002,CMP0005,Ottawa,70,Qualified,1,0,0,,
L0005444,20240808,CMP0007,Vaughan,15,New,0,0,0,,
L0005445,20240509,CMP0001,London,26,New,0,0,0,,
L0005446,20240828,CMP0013,Toronto,55,New,0,0,0,,
L0005447,20240825,CMP0013,Toronto,50,Account Opened,1,1,1,,
L0005448,20240722,CMP0013,Kitchener,23,New,0,0,0,,
L0005449,20240707,CMP0010,Kitchener,81,Account Opened,1,1,1,,
L0005450,20240207,CMP0007,Ottawa,37,New,0,0,0,,
L0005451,20240405,CMP0014,Hamilton,87,Lost,1,1,0,,
L0005452,20240712,CMP0016,Mississauga,11,New,0,0,0,,
L0005453,20240219,CMP0002,London,31,New,0,0,0,,
L0005454,20240623,CMP0007,Ottawa,36,New,0,0,0,,
L0005455,20240212,CMP0018,Brampton,63,Qualified,1,0,0,,
L0005456,20241015,CMP0016,Ottawa,46,KYC Done,1,1,0,,
L0005457,20240207,CMP0018,Ottawa,24,New,0,0,0,,
L0005458,20240203,CMP0004,Kitchener,61,Account Opened,1,1,1,,
L0005459,20240821,CMP0009,Vaughan,96,Invested,1,1,1,INV000646,20240830
L0005460,20240321,CMP0003,Toronto,22,New,0,0,0,,
L0005461,20240508,CMP0016,Mississauga,32,New,0,0,0,,
L0005462,20240425,CMP0010,Mississauga,53,Account Opened,1,1,1,,
L0005463,20240320,CMP0005,Toronto,75,Account Opened,1,1,1,,
L0005464,20241005,CMP0002,Ottawa,22,New,0,0,0,,
L0005465,20240910,CMP0014,Ottawa,30,New,0,0,0,,
L0005466,20240328,CMP0015,Toronto,31,New,0,0,0,,
L0005467,20240908,CMP0016,Windsor,65,Account Opened,1,1,1,,
L0005468,20240918,CMP0018,Markham,17,New,0,0,0,,
L0005469,20240716,CMP0015,Toronto,69,Account Opened,1,1,1,,
L0005470,20240730,CMP0015,London,48,Invested,1,1,1,INV000647,20240821
L0005471,20241208,CMP0015,Brampton,39,New,0,0,0,,
L0005472,20240615,CMP0018,Hamilton,87,Lost,1,1,1,,
L0005473,20240521,CMP0009,Ottawa,83,Qualified,1,0,0,,
L0005474,20240716,CMP0014,Toronto,82,Qualified,1,0,0,,
L0005475,20241101,CMP0015,Ottawa,89,Account Opened,1,1,1,,
L0005476,20240916,CMP0003,Windsor,31,New,0,0,0,,
L0005477,20240128,CMP0013,London,86,Account Opened,1,1,1,,
L0005478,20240617,CMP0007,Hamilton,25,New,0,0,0,,
L0005479,20240927,CMP0003,Vaughan,39,New,0,0,0,,
L0005480,20240322,CMP0004,Markham,59,KYC Done,1,1,0,,
L0005481,20241227,CMP0003,Vaughan,76,KYC Done,1,1,0,,
L0005482,20241022,CMP0017,Toronto,61,KYC Done,1,1,0,,
L0005483,20241105,CMP0014,Toronto,60,Account Opened,1,1,1,,
L0005484,20240130,CMP0002,Markham,43,New,0,0,0,,
L0005485,20240731,CMP0012,Windsor,63,KYC Done,1,1,0,,
L0005486,20240712,CMP0012,Ottawa,52,KYC Done,1,1,0,,
L0005487,20240817,CMP0010,Windsor,52,Qualified,1,0,0,,
L0005488,20241107,CMP0011,Hamilton,62,Invested,1,1,1,INV000648,20241207
L0005489,20240509,CMP0017,Toronto,64,KYC Done,1,1,0,,
L0005490,20240714,CMP0010,Kitchener,39,Lost,0,0,0,,
L0005491,20240905,CMP0012,Markham,22,New,0,0,0,,
L0005492,20241002,CMP0011,Ottawa,36,New,0,0,0,,
L0005493,20241008,CMP0008,London,46,Lost,0,0,0,,
L0005494,20240503,CMP0017,Brampton,24,New,0,0,0,,
L0005495,20241231,CMP0008,Hamilton,25,New,0,0,0,,
L0005496,20240104,CMP0015,Brampton,95,Account Opened,1,1,1,,
L0005497,20240629,CMP0011,Ottawa,35,Lost,0,0,0,,
L0005498,20240810,CMP0013,Hamilton,76,Lost,1,1,0,,
L0005499,20240123,CMP0014,Toronto,21,New,0,0,0,,
L0005500,20240614,CMP0014,Toronto,97,Lost,1,1,1,,
L0005501,20240806,CMP0011,Toronto,29,New,0,0,0,,
L0005502,20240810,CMP0012,Hamilton,45,New,0,0,0,,
L0005503,20240213,CMP0010,Brampton,80,Qualified,1,0,0,,
L0005504,20240411,CMP0007,Ottawa,28,Lost,0,0,0,,
L0005505,20240330,CMP0014,Ottawa,59,Account Opened,1,1,1,,
L0005506,20240822,CMP0016,Toronto,80,Lost,1,1,1,,
L0005507,20240430,CMP0013,Markham,12,New,0,0,0,,
L0005508,20240728,CMP0014,London,12,New,0,0,0,,
L0005509,20240924,CMP0015,London,80,Qualified,1,0,0,,
L0005510,20241018,CMP0007,Toronto,33,Lost,0,0,0,,
L0005511,20240308,CMP0002,Hamilton,91,Lost,1,1,0,,
L0005512,20241126,CMP0007,Ottawa,93,Account Opened,1,1,1,,
L0005513,20240301,CMP0014,Markham,89,Account Opened,1,1,1,,
L0005514,20240109,CMP0015,Toronto,99,Account Opened,1,1,1,,
L0005515,20240117,CMP0010,London,84,Lost,1,1,1,,
L0005516,20240314,CMP0015,Windsor,44,New,0,0,0,,
L0005517,20241115,CMP0002,Vaughan,99,KYC Done,1,1,0,,
L0005518,20240317,CMP0012,Vaughan,41,New,0,0,0,,
L0005519,20240910,CMP0013,Toronto,62,KYC Done,1,1,0,,
L0005520,20240602,CMP0010,Ottawa,10,Lost,0,0,0,,
L0005521,20240115,CMP0013,Mississauga,96,Account Opened,1,1,1,,
L0005522,20240611,CMP0009,Ottawa,63,KYC Done,1,1,0,,
L0005523,20240111,CMP0010,London,95,Qualified,1,0,0,,
L0005524,20240623,CMP0011,London,41,Lost,0,0,0,,
L0005525,20240723,CMP0015,Windsor,38,New,0,0,0,,
L0005526,20240709,CMP0005,Kitchener,57,Account Opened,1,1,1,,
L0005527,20240413,CMP0006,Mississauga,87,Invested,1,1,1,INV000649,20240427
L0005528,20241007,CMP0008,Kitchener,59,Lost,1,0,0,,
L0005529,20240806,CMP0004,Vaughan,81,Account Opened,1,1,1,,
L0005530,20240403,CMP0007,London,29,New,0,0,0,,
L0005531,20240608,CMP0007,Mississauga,79,Lost,1,1,1,,
L0005532,20240209,CMP0006,Toronto,75,Qualified,1,0,0,,
L0005533,20241203,CMP0008,Brampton,90,Qualified,1,0,0,,
L0005534,20241002,CMP0010,Toronto,15,New,0,0,0,,
L0005535,20240415,CMP0013,Mississauga,44,New,0,0,0,,
L0005536,20240904,CMP0006,Toronto,17,New,0,0,0,,
L0005537,20240905,CMP0016,Ottawa,46,New,0,0,0,,
L0005538,20240811,CMP0009,Hamilton,78,Lost,1,1,1,,
L0005539,20240120,CMP0013,Toronto,67,Account Opened,1,1,1,,
L0005540,20241117,CMP0003,Vaughan,77,Lost,1,1,1,,
L0005541,20241215,CMP0004,Toronto,76,Qualified,1,0,0,,
L0005542,20241222,CMP0009,Brampton,99,Account Opened,1,1,1,,
L0005543,20241224,CMP0007,Ottawa,89,Account Opened,1,1,1,,
L0005544,20241205,CMP0009,Hamilton,62,Qualified,1,0,0,,
L0005545,20240927,CMP0003,Mississauga,88,KYC Done,1,1,0,,
L0005546,20240121,CMP0009,London,14,New,0,0,0,,
L0005547,20240619,CMP0013,Brampton,74,Lost,1,1,0,,
L0005548,20240330,CMP0014,Mississauga,56,Invested,1,1,1,INV000650,20240423
L0005549,20240321,CMP0005,Ottawa,96,Invested,1,1,1,INV000651,20240403
L0005550,20241031,CMP0007,Toronto,55,New,0,0,0,,
L0005551,20241024,CMP0010,Windsor,26,New,0,0,0,,
L0005552,20240710,CMP0010,Ottawa,75,Account Opened,1,1,1,,
L0005553,20240926,CMP0015,Toronto,95,Qualified,1,0,0,,
L0005554,20240217,CMP0008,Markham,11,New,0,0,0,,
L0005555,20240322,CMP0013,London,15,New,0,0,0,,
L0005556,20241110,CMP0016,Brampton,69,KYC Done,1,1,0,,
L0005557,20240614,CMP0006,Windsor,60,KYC Done,1,1,0,,
L0005558,20240719,CMP0015,Ottawa,59,Invested,1,1,1,INV000652,20240815
L0005559,20240618,CMP0006,Toronto,18,New,0,0,0,,
L0005560,20240314,CMP0007,Markham,61,KYC Done,1,1,0,,
L0005561,20241029,CMP0012,Kitchener,61,KYC Done,1,1,0,,
L0005562,20241004,CMP0012,Mississauga,86,KYC Done,1,1,0,,
L0005563,20240907,CMP0010,Toronto,45,New,0,0,0,,
L0005564,20240509,CMP0005,Hamilton,41,New,0,0,0,,
L0005565,20240823,CMP0002,London,17,New,0,0,0,,
L0005566,20241214,CMP0017,Mississauga,61,KYC Done,1,1,0,,
L0005567,20240825,CMP0016,Windsor,68,Invested,1,1,1,INV000653,20241001
L0005568,20240629,CMP0016,Toronto,35,New,0,0,0,,
L0005569,20240408,CMP0010,Markham,75,Qualified,1,0,0,,
L0005570,20240710,CMP0016,Vaughan,94,Account Opened,1,1,1,,
L0005571,20240516,CMP0009,Toronto,25,Lost,0,0,0,,
L0005572,20240811,CMP0002,Ottawa,61,KYC Done,1,1,0,,
L0005573,20240117,CMP0004,Toronto,72,Account Opened,1,1,1,,
L0005574,20240310,CMP0005,Hamilton,11,New,0,0,0,,
L0005575,20241015,CMP0007,Ottawa,26,New,0,0,0,,
L0005576,20240519,CMP0017,Markham,45,New,0,0,0,,
L0005577,20240607,CMP0006,Ottawa,22,New,0,0,0,,
L0005578,20240718,CMP0012,Brampton,41,New,0,0,0,,
L0005579,20240609,CMP0005,Toronto,23,New,0,0,0,,
L0005580,20241004,CMP0012,Toronto,90,Qualified,1,0,0,,
L0005581,20240330,CMP0011,Ottawa,63,Qualified,1,0,0,,
L0005582,20241004,CMP0003,Kitchener,39,New,0,0,0,,
L0005583,20240317,CMP0009,Markham,80,Invested,1,1,1,INV000654,20240403
L0005584,20240515,CMP0002,Brampton,11,New,0,0,0,,
L0005585,20240803,CMP0017,Windsor,63,Lost,1,0,0,,
L0005586,20241120,CMP0013,Toronto,71,Qualified,1,0,0,,
L0005587,20240326,CMP0017,Windsor,82,Invested,1,1,1,INV000655,20240502
L0005588,20240802,CMP0016,Mississauga,30,Lost,0,0,0,,
L0005589,20240124,CMP0004,Toronto,63,KYC Done,1,1,0,,
L0005590,20240128,CMP0013,Vaughan,79,Qualified,1,0,0,,
L0005591,20241007,CMP0002,Ottawa,81,Account Opened,1,1,1,,
L0005592,20240920,CMP0018,Vaughan,25,New,0,0,0,,
L0005593,20240517,CMP0015,London,97,Account Opened,1,1,1,,
L0005594,20240816,CMP0013,Toronto,34,New,0,0,0,,
L0005595,20240519,CMP0018,Toronto,45,New,0,0,0,,
L0005596,20240411,CMP0016,Ottawa,27,New,0,0,0,,
L0005597,20240606,CMP0016,Ottawa,23,New,0,0,0,,
L0005598,20240424,CMP0002,Brampton,32,New,0,0,0,,
L0005599,20241025,CMP0001,Toronto,22,New,0,0,0,,
L0005600,20240530,CMP0018,Toronto,75,Qualified,1,0,0,,
L0005601,20240427,CMP0005,Ottawa,63,Account Opened,1,1,1,,
L0005602,20240715,CMP0008,Toronto,45,New,0,0,0,,
L0005603,20241004,CMP0001,Brampton,59,Account Opened,1,1,1,,
L0005604,20240410,CMP0012,Toronto,64,Account Opened,1,1,1,,
L0005605,20241209,CMP0015,Vaughan,26,New,0,0,0,,
L0005606,20240618,CMP0016,Hamilton,36,New,0,0,0,,
L0005607,20240829,CMP0011,Toronto,89,KYC Done,1,1,0,,
L0005608,20241216,CMP0012,Markham,11,New,0,0,0,,
L0005609,20240606,CMP0010,Ottawa,96,Invested,1,1,1,INV000656,20240627
L0005610,20240314,CMP0009,Ottawa,96,Invested,1,1,1,INV000657,20240402
L0005611,20240930,CMP0010,Mississauga,32,New,0,0,0,,
L0005612,20240103,CMP0017,Brampton,38,New,0,0,0,,
L0005613,20240616,CMP0005,Vaughan,28,New,0,0,0,,
L0005614,20241224,CMP0009,Toronto,60,Account Opened,1,1,1,,
L0005615,20240531,CMP0011,Hamilton,29,New,0,0,0,,
L0005616,20240907,CMP0011,Toronto,81,Lost,1,1,1,,
L0005617,20240711,CMP0001,Ottawa,44,New,0,0,0,,
L0005618,20240319,CMP0006,Ottawa,97,Account Opened,1,1,1,,
L0005619,20240426,CMP0012,Toronto,86,Account Opened,1,1,1,,
L0005620,20240710,CMP0013,Toronto,46,New,0,0,0,,
L0005621,20240208,CMP0014,Ottawa,63,Account Opened,1,1,1,,
L0005622,20240531,CMP0018,Brampton,12,New,0,0,0,,
L0005623,20240531,CMP0013,Kitchener,16,New,0,0,0,,
L0005624,20241101,CMP0011,London,55,Lost,1,1,1,,
L0005625,20240215,CMP0006,Vaughan,52,New,0,0,0,,
L0005626,20241104,CMP0007,Kitchener,45,New,0,0,0,,
L0005627,20240530,CMP0015,Toronto,18,New,0,0,0,,
L0005628,20240826,CMP0009,Vaughan,85,Invested,1,1,1,INV000658,20241005
L0005629,20240722,CMP0013,Kitchener,46,New,0,0,0,,
L0005630,20240419,CMP0003,Ottawa,52,Lost,0,0,0,,
L0005631,20241206,CMP0003,Hamilton,46,New,0,0,0,,
L0005632,20240323,CMP0004,Brampton,54,Lost,0,0,0,,
L0005633,20240114,CMP0004,Toronto,68,KYC Done,1,1,0,,
L0005634,20241001,CMP0011,Mississauga,78,Account Opened,1,1,1,,
L0005635,20240815,CMP0012,Toronto,59,Qualified,1,0,0,,
L0005636,20241121,CMP0011,Ottawa,24,New,0,0,0,,
L0005637,20240616,CMP0006,Hamilton,88,Invested,1,1,1,INV000659,20240711
L0005638,20240107,CMP0011,Toronto,35,New,0,0,0,,
L0005639,20240108,CMP0003,Mississauga,11,New,0,0,0,,
L0005640,20240607,CMP0009,Toronto,13,New,0,0,0,,
L0005641,20240401,CMP0003,Windsor,79,Invested,1,1,1,INV000660,20240419
L0005642,20241203,CMP0002,Markham,44,New,0,0,0,,
L0005643,20240213,CMP0003,Toronto,12,New,0,0,0,,
L0005644,20241118,CMP0003,Markham,83,Qualified,1,0,0,,
L0005645,20240320,CMP0009,Markham,37,New,0,0,0,,
L0005646,20240213,CMP0010,Markham,98,Invested,1,1,1,INV000661,20240319
L0005647,20240410,CMP0011,Vaughan,89,Account Opened,1,1,1,,
L0005648,20240222,CMP0008,Ottawa,14,New,0,0,0,,
L0005649,20240526,CMP0004,Mississauga,72,Invested,1,1,1,INV000662,20240614
L0005650,20240430,CMP0001,Vaughan,64,Account Opened,1,1,1,,
L0005651,20240712,CMP0013,Markham,25,New,0,0,0,,
L0005652,20240715,CMP0018,Mississauga,40,New,0,0,0,,
L0005653,20240101,CMP0006,Hamilton,54,Account Opened,1,1,1,,
L0005654,20240215,CMP0004,Ottawa,23,New,0,0,0,,
L0005655,20240229,CMP0006,Ottawa,74,Qualified,1,0,0,,
L0005656,20240312,CMP0004,Hamilton,34,New,0,0,0,,
L0005657,20240204,CMP0005,Toronto,94,Lost,1,0,0,,
L0005658,20240425,CMP0009,Ottawa,82,Account Opened,1,1,1,,
L0005659,20240720,CMP0015,Mississauga,67,Qualified,1,0,0,,
L0005660,20240423,CMP0013,Toronto,20,New,0,0,0,,
L0005661,20240430,CMP0018,Ottawa,12,Lost,0,0,0,,
L0005662,20240620,CMP0007,Brampton,23,New,0,0,0,,
L0005663,20240719,CMP0009,Brampton,54,Invested,1,1,1,INV000663,20240823
L0005664,20240501,CMP0007,Toronto,80,KYC Done,1,1,0,,
L0005665,20240322,CMP0001,Ottawa,23,New,0,0,0,,
L0005666,20240529,CMP0007,Mississauga,73,Account Opened,1,1,1,,
L0005667,20240109,CMP0005,Toronto,14,Lost,0,0,0,,
L0005668,20240629,CMP0009,Markham,33,New,0,0,0,,
L0005669,20241210,CMP0003,Hamilton,63,Invested,1,1,1,INV000664,20241211
L0005670,20240525,CMP0014,Ottawa,84,Account Opened,1,1,1,,
L0005671,20240209,CMP0016,Hamilton,79,KYC Done,1,1,0,,
L0005672,20240915,CMP0018,Mississauga,57,Account Opened,1,1,1,,
L0005673,20240216,CMP0002,Toronto,13,New,0,0,0,,
L0005674,20240311,CMP0003,Brampton,36,New,0,0,0,,
L0005675,20240223,CMP0018,Markham,80,Qualified,1,0,0,,
L0005676,20241119,CMP0016,Hamilton,17,New,0,0,0,,
L0005677,20241225,CMP0011,Markham,73,Account Opened,1,1,1,,
L0005678,20240727,CMP0006,Kitchener,73,Invested,1,1,1,INV000665,20240812
L0005679,20240814,CMP0010,Mississauga,77,KYC Done,1,1,0,,
L0005680,20240824,CMP0010,Kitchener,29,New,0,0,0,,
L0005681,20240811,CMP0016,Hamilton,32,New,0,0,0,,
L0005682,20240718,CMP0010,Ottawa,27,New,0,0,0,,
L0005683,20241227,CMP0001,Ottawa,45,KYC Done,1,1,0,,
L0005684,20240925,CMP0013,Ottawa,57,Invested,1,1,1,INV000666,20241024
L0005685,20240202,CMP0014,Toronto,20,Lost,0,0,0,,
L0005686,20240523,CMP0006,Toronto,61,Lost,1,1,1,,
L0005687,20241222,CMP0003,Mississauga,31,New,0,0,0,,
L0005688,20240527,CMP0003,Toronto,60,KYC Done,1,1,0,,
L0005689,20240315,CMP0016,Toronto,37,New,0,0,0,,
L0005690,20241113,CMP0009,Toronto,95,Qualified,1,0,0,,
L0005691,20240816,CMP0010,Windsor,38,New,0,0,0,,
L0005692,20240724,CMP0018,Toronto,88,Lost,1,1,1,,
L0005693,20240602,CMP0002,Windsor,25,New,0,0,0,,
L0005694,20240215,CMP0004,Ottawa,17,Lost,0,0,0,,
L0005695,20240520,CMP0015,Toronto,26,Lost,0,0,0,,
L0005696,20240609,CMP0010,Toronto,47,New,0,0,0,,
L0005697,20241206,CMP0001,Toronto,91,Lost,1,1,0,,
L0005698,20240422,CMP0013,Brampton,25,New,0,0,0,,
L0005699,20240224,CMP0003,Toronto,80,Qualified,1,0,0,,
L0005700,20240605,CMP0015,Markham,72,Account Opened,1,1,1,,
L0005701,20241230,CMP0015,Brampton,41,New,0,0,0,,
L0005702,20240625,CMP0015,Ottawa,40,New,0,0,0,,
L0005703,20240518,CMP0009,Ottawa,95,Invested,1,1,1,INV000667,20240624
L0005704,20240901,CMP0005,Hamilton,74,Qualified,1,0,0,,
L0005705,20240825,CMP0016,Windsor,31,New,0,0,0,,
L0005706,20240419,CMP0011,Ottawa,92,KYC Done,1,1,0,,
L0005707,20241220,CMP0012,Mississauga,46,Lost,0,0,0,,
L0005708,20240805,CMP0003,Windsor,17,New,0,0,0,,
L0005709,20240122,CMP0012,Windsor,83,Qualified,1,0,0,,
L0005710,20240529,CMP0011,Markham,88,Invested,1,1,1,INV000668,20240708
L0005711,20241203,CMP0006,Markham,49,Lost,0,0,0,,
L0005712,20240523,CMP0014,Brampton,73,KYC Done,1,1,0,,
L0005713,20240726,CMP0003,Ottawa,31,New,0,0,0,,
L0005714,20240812,CMP0013,Brampton,86,Account Opened,1,1,1,,
L0005715,20240914,CMP0018,Hamilton,43,New,0,0,0,,
L0005716,20241115,CMP0011,Markham,34,New,0,0,0,,
L0005717,20240224,CMP0002,Brampton,55,New,0,0,0,,
L0005718,20240708,CMP0010,Ottawa,34,New,0,0,0,,
L0005719,20240714,CMP0010,Markham,65,Invested,1,1,1,INV000669,20240802
L0005720,20240225,CMP0010,Toronto,77,Account Opened,1,1,1,,
L0005721,20240903,CMP0005,Hamilton,46,New,0,0,0,,
L0005722,20240213,CMP0012,Markham,80,Account Opened,1,1,1,,
L0005723,20240615,CMP0005,Toronto,48,New,0,0,0,,
L0005724,20240430,CMP0011,Mississauga,97,Invested,1,1,1,INV000670,20240610
L0005725,20240226,CMP0011,Toronto,33,New,0,0,0,,
L0005726,20241027,CMP0012,Toronto,73,Invested,1,1,1,INV000671,20241128
L0005727,20240330,CMP0015,Ottawa,58,Account Opened,1,1,1,,
L0005728,20240403,CMP0016,London,94,Qualified,1,0,0,,
L0005729,20241108,CMP0014,Brampton,29,New,0,0,0,,
L0005730,20241117,CMP0015,Hamilton,27,New,0,0,0,,
L0005731,20240113,CMP0016,Toronto,88,Account Opened,1,1,1,,
L0005732,20240411,CMP0005,Markham,91,Account Opened,1,1,1,,
L0005733,20240916,CMP0006,Brampton,77,Account Opened,1,1,1,,
L0005734,20241011,CMP0010,London,52,New,0,0,0,,
L0005735,20241231,CMP0009,Toronto,46,New,0,0,0,,
L0005736,20240722,CMP0013,Markham,69,Invested,1,1,1,INV000672,20240809
L0005737,20240103,CMP0001,Ottawa,77,Qualified,1,0,0,,
L0005738,20241115,CMP0003,Windsor,34,New,0,0,0,,
L0005739,20240228,CMP0014,Brampton,10,New,0,0,0,,
L0005740,20240214,CMP0015,Vaughan,16,New,0,0,0,,
L0005741,20240903,CMP0006,Brampton,41,Lost,0,0,0,,
L0005742,20240808,CMP0006,Toronto,71,Account Opened,1,1,1,,
L0005743,20240122,CMP0011,London,49,Qualified,1,0,0,,
L0005744,20240302,CMP0009,Toronto,65,Account Opened,1,1,1,,
L0005745,20240803,CMP0004,Markham,52,Invested,1,1,1,INV000673,20240806
L0005746,20240403,CMP0010,Mississauga,32,New,0,0,0,,
L0005747,20240907,CMP0015,London,77,Account Opened,1,1,1,,
L0005748,20240530,CMP0014,Ottawa,75,Qualified,1,0,0,,
L0005749,20240803,CMP0015,Ottawa,96,Account Opened,1,1,1,,
L0005750,20240622,CMP0012,London,84,Account Opened,1,1,1,,
L0005751,20240513,CMP0016,Hamilton,44,New,0,0,0,,
L0005752,20240505,CMP0005,Hamilton,73,Qualified,1,0,0,,
L0005753,20240912,CMP0001,Hamilton,41,New,0,0,0,,
L0005754,20240707,CMP0003,Hamilton,88,Qualified,1,0,0,,
L0005755,20240805,CMP0018,Markham,64,Invested,1,1,1,INV000674,20240816
L0005756,20240730,CMP0012,Mississauga,85,Qualified,1,0,0,,
L0005757,20240316,CMP0005,Toronto,35,Lost,0,0,0,,
L0005758,20241130,CMP0016,London,11,New,0,0,0,,
L0005759,20240725,CMP0006,Ottawa,22,New,0,0,0,,
L0005760,20240919,CMP0011,Kitchener,57,Lost,1,1,1,,
L0005761,20241118,CMP0005,Windsor,96,Qualified,1,0,0,,
L0005762,20241204,CMP0002,Vaughan,66,Account Opened,1,1,1,,
L0005763,20240901,CMP0005,Ottawa,82,KYC Done,1,1,0,,
L0005764,20241015,CMP0005,London,52,Account Opened,1,1,1,,
L0005765,20240621,CMP0010,Mississauga,96,Invested,1,1,1,INV000675,20240727
L0005766,20240927,CMP0001,Toronto,94,KYC Done,1,1,0,,
L0005767,20240427,CMP0005,Markham,29,Lost,0,0,0,,
L0005768,20240917,CMP0011,Markham,87,Invested,1,1,1,INV000676,20240927
L0005769,20240201,CMP0008,Toronto,11,New,0,0,0,,
L0005770,20241130,CMP0012,Vaughan,63,Qualified,1,0,0,,
L0005771,20240330,CMP0012,Vaughan,49,New,0,0,0,,
L0005772,20240828,CMP0018,Mississauga,37,New,0,0,0,,
L0005773,20240105,CMP0016,Toronto,94,Invested,1,1,1,INV000677,20240202
L0005774,20240226,CMP0005,Vaughan,69,Account Opened,1,1,1,,
L0005775,20241227,CMP0013,Toronto,22,New,0,0,0,,
L0005776,20241101,CMP0012,Mississauga,22,New,0,0,0,,
L0005777,20240322,CMP0011,Ottawa,20,New,0,0,0,,
L0005778,20240217,CMP0015,Markham,37,New,0,0,0,,
L0005779,20241025,CMP0003,Markham,16,New,0,0,0,,
L0005780,20241228,CMP0007,London,33,New,0,0,0,,
L0005781,20240302,CMP0015,Markham,78,Account Opened,1,1,1,,
L0005782,20240831,CMP0017,London,88,Qualified,1,0,0,,
L0005783,20240413,CMP0001,Hamilton,80,Account Opened,1,1,1,,
L0005784,20240929,CMP0009,Toronto,54,KYC Done,1,1,0,,
L0005785,20240602,CMP0005,Brampton,72,Account Opened,1,1,1,,
L0005786,20240215,CMP0004,Ottawa,94,Invested,1,1,1,INV000678,20240317
L0005787,20240428,CMP0002,Toronto,14,New,0,0,0,,
L0005788,20240716,CMP0010,Brampton,91,Account Opened,1,1,1,,
L0005789,20241019,CMP0013,Mississauga,75,Qualified,1,0,0,,
L0005790,20240108,CMP0010,Toronto,44,New,0,0,0,,
L0005791,20241216,CMP0007,Ottawa,50,New,0,0,0,,
L0005792,20240825,CMP0014,Mississauga,49,New,0,0,0,,
L0005793,20241116,CMP0012,Toronto,24,New,0,0,0,,
L0005794,20241206,CMP0017,Markham,30,Lost,0,0,0,,
L0005795,20240226,CMP0007,Markham,36,New,0,0,0,,
L0005796,20240204,CMP0005,Hamilton,10,New,0,0,0,,
L0005797,20241011,CMP0009,Toronto,55,Invested,1,1,1,INV000679,20241106
L0005798,20240309,CMP0010,Hamilton,52,Invested,1,1,1,INV000680,20240417
L0005799,20240224,CMP0009,London,39,New,0,0,0,,
L0005800,20240620,CMP0015,Mississauga,25,New,0,0,0,,
L0005801,20241130,CMP0001,Toronto,97,Invested,1,1,1,INV000681,20241201
L0005802,20241018,CMP0010,Brampton,71,Account Opened,1,1,1,,
L0005803,20240708,CMP0008,Brampton,52,New,0,0,0,,
L0005804,20240312,CMP0004,Toronto,75,Account Opened,1,1,1,,
L0005805,20240503,CMP0012,Toronto,43,New,0,0,0,,
L0005806,20240908,CMP0015,Ottawa,29,Lost,0,0,0,,
L0005807,20240227,CMP0010,Ottawa,70,Qualified,1,0,0,,
L0005808,20240710,CMP0002,Ottawa,79,Qualified,1,0,0,,
L0005809,20240105,CMP0002,Windsor,68,KYC Done,1,1,0,,
L0005810,20240428,CMP0008,Toronto,60,Account Opened,1,1,1,,
L0005811,20240331,CMP0013,Markham,10,New,0,0,0,,
L0005812,20240906,CMP0006,Brampton,67,Lost,1,1,1,,
L0005813,20241130,CMP0006,London,65,KYC Done,1,1,0,,
L0005814,20240223,CMP0016,London,47,Invested,1,1,1,INV000682,20240321
L0005815,20241018,CMP0001,Hamilton,31,Lost,0,0,0,,
L0005816,20240828,CMP0002,Hamilton,98,Account Opened,1,1,1,,
L0005817,20241220,CMP0003,Hamilton,43,New,0,0,0,,
L0005818,20241129,CMP0018,London,34,New,0,0,0,,
L0005819,20240206,CMP0009,Toronto,73,KYC Done,1,1,0,,
L0005820,20240929,CMP0003,Brampton,53,New,0,0,0,,
L0005821,20240804,CMP0006,Vaughan,60,Account Opened,1,1,1,,
L0005822,20240211,CMP0018,Ottawa,68,KYC Done,1,1,0,,
L0005823,20240404,CMP0013,Toronto,43,New,0,0,0,,
L0005824,20241205,CMP0005,Windsor,23,New,0,0,0,,
L0005825,20240717,CMP0005,Windsor,25,New,0,0,0,,
L0005826,20240503,CMP0002,Ottawa,94,Lost,1,1,0,,
L0005827,20240427,CMP0014,Ottawa,55,Account Opened,1,1,1,,
L0005828,20241102,CMP0003,Mississauga,47,New,0,0,0,,
L0005829,20240413,CMP0006,Ottawa,38,New,0,0,0,,
L0005830,20240228,CMP0007,Windsor,74,Invested,1,1,1,INV000683,20240401
L0005831,20240729,CMP0012,Mississauga,92,KYC Done,1,1,0,,
L0005832,20241229,CMP0011,Mississauga,79,Account Opened,1,1,1,,
L0005833,20240308,CMP0015,Vaughan,58,Qualified,1,0,0,,
L0005834,20240403,CMP0006,Brampton,52,New,0,0,0,,
L0005835,20240620,CMP0007,Windsor,87,Qualified,1,0,0,,
L0005836,20240314,CMP0007,Brampton,87,Account Opened,1,1,1,,
L0005837,20240826,CMP0001,Toronto,45,New,0,0,0,,
L0005838,20240402,CMP0014,Kitchener,96,Account Opened,1,1,1,,
L0005839,20240216,CMP0010,Mississauga,84,Qualified,1,0,0,,
L0005840,20240405,CMP0009,London,86,Account Opened,1,1,1,,
L0005841,20241206,CMP0018,Toronto,15,New,0,0,0,,
L0005842,20241208,CMP0004,London,21,New,0,0,0,,
L0005843,20240704,CMP0018,Mississauga,36,New,0,0,0,,
L0005844,20240526,CMP0013,Markham,78,KYC Done,1,1,0,,
L0005845,20241026,CMP0004,Windsor,17,Lost,0,0,0,,
L0005846,20240312,CMP0013,Toronto,17,New,0,0,0,,
L0005847,20240827,CMP0014,Brampton,12,New,0,0,0,,
L0005848,20240905,CMP0007,London,27,New,0,0,0,,
L0005849,20240916,CMP0007,Windsor,92,Qualified,1,0,0,,
L0005850,20240320,CMP0016,Brampton,74,KYC Done,1,1,0,,
L0005851,20240919,CMP0003,Windsor,74,KYC Done,1,1,0,,
L0005852,20240811,CMP0001,Vaughan,36,New,0,0,0,,
L0005853,20241116,CMP0012,London,66,KYC Done,1,1,0,,
L0005854,20240304,CMP0017,Brampton,80,KYC Done,1,1,0,,
L0005855,20240812,CMP0010,Ottawa,57,Invested,1,1,1,INV000684,20240909
L0005856,20241030,CMP0003,London,87,Qualified,1,0,0,,
L0005857,20240411,CMP0010,London,61,KYC Done,1,1,0,,
L0005858,20240929,CMP0005,Mississauga,39,New,0,0,0,,
L0005859,20240206,CMP0015,Ottawa,67,KYC Done,1,1,0,,
L0005860,20240919,CMP0012,Markham,94,Qualified,1,0,0,,
L0005861,20240809,CMP0007,Ottawa,84,Account Opened,1,1,1,,
L0005862,20240311,CMP0012,Ottawa,54,KYC Done,1,1,0,,
L0005863,20240125,CMP0013,Mississauga,63,Account Opened,1,1,1,,
L0005864,20240929,CMP0013,Toronto,97,Invested,1,1,1,INV000685,20241029
L0005865,20240329,CMP0007,Toronto,77,Account Opened,1,1,1,,
L0005866,20240701,CMP0011,Brampton,55,Account Opened,1,1,1,,
L0005867,20240123,CMP0001,Hamilton,35,New,0,0,0,,
L0005868,20241218,CMP0008,Markham,91,Qualified,1,0,0,,
L0005869,20240719,CMP0007,Toronto,97,Qualified,1,0,0,,
L0005870,20241206,CMP0010,Mississauga,16,New,0,0,0,,
L0005871,20240228,CMP0018,Markham,12,New,0,0,0,,
L0005872,20240316,CMP0018,Toronto,20,New,0,0,0,,
L0005873,20240811,CMP0009,Windsor,44,New,0,0,0,,
L0005874,20240809,CMP0012,Hamilton,24,New,0,0,0,,
L0005875,20241016,CMP0002,Kitchener,89,KYC Done,1,1,0,,
L0005876,20241205,CMP0009,London,92,Account Opened,1,1,1,,
L0005877,20241027,CMP0013,Windsor,26,Lost,0,0,0,,
L0005878,20240221,CMP0013,Hamilton,84,Invested,1,1,1,INV000686,20240329
L0005879,20240423,CMP0018,Mississauga,22,New,0,0,0,,
L0005880,20241130,CMP0009,Markham,80,Qualified,1,0,0,,
L0005881,20240719,CMP0017,Mississauga,42,Lost,0,0,0,,
L0005882,20241113,CMP0018,Ottawa,13,New,0,0,0,,
L0005883,20240725,CMP0011,Brampton,48,Account Opened,1,1,1,,
L0005884,20240119,CMP0002,Markham,84,Account Opened,1,1,1,,
L0005885,20240622,CMP0007,London,94,KYC Done,1,1,0,,
L0005886,20241028,CMP0014,Vaughan,20,New,0,0,0,,
L0005887,20240827,CMP0011,Mississauga,85,Invested,1,1,1,INV000687,20241006
L0005888,20240218,CMP0017,Windsor,36,New,0,0,0,,
L0005889,20240317,CMP0015,Markham,51,Account Opened,1,1,1,,
L0005890,20241108,CMP0002,Brampton,19,New,0,0,0,,
L0005891,20241224,CMP0016,Toronto,97,Account Opened,1,1,1,,
L0005892,20241002,CMP0007,Brampton,81,Qualified,1,0,0,,
L0005893,20240205,CMP0015,Toronto,67,Account Opened,1,1,1,,
L0005894,20240814,CMP0010,Hamilton,75,Lost,1,1,0,,
L0005895,20241030,CMP0009,Toronto,88,Invested,1,1,1,INV000688,20241211
L0005896,20240822,CMP0002,Brampton,22,New,0,0,0,,
L0005897,20240805,CMP0003,Hamilton,32,New,0,0,0,,
L0005898,20240620,CMP0011,Ottawa,13,New,0,0,0,,
L0005899,20240330,CMP0011,Vaughan,54,Invested,1,1,1,INV000689,20240414
L0005900,20240412,CMP0010,Mississauga,54,KYC Done,1,1,0,,
L0005901,20240929,CMP0003,Ottawa,12,New,0,0,0,,
L0005902,20240126,CMP0010,Kitchener,69,Account Opened,1,1,1,,
L0005903,20240131,CMP0002,Brampton,10,Lost,0,0,0,,
L0005904,20240525,CMP0003,Ottawa,81,Qualified,1,0,0,,
L0005905,20241010,CMP0009,Kitchener,73,Invested,1,1,1,INV000690,20241011
L0005906,20240828,CMP0012,Ottawa,83,Account Opened,1,1,1,,
L0005907,20240803,CMP0012,Vaughan,20,New,0,0,0,,
L0005908,20240714,CMP0018,Kitchener,88,Qualified,1,0,0,,
L0005909,20240210,CMP0016,Mississauga,59,Invested,1,1,1,INV000691,20240215
L0005910,20240501,CMP0007,Markham,87,Qualified,1,0,0,,
L0005911,20240130,CMP0015,Hamilton,72,Invested,1,1,1,INV000692,20240217
L0005912,20241004,CMP0002,Windsor,69,Account Opened,1,1,1,,
L0005913,20241001,CMP0016,Hamilton,12,Lost,0,0,0,,
L0005914,20240404,CMP0007,Markham,72,Account Opened,1,1,1,,
L0005915,20240417,CMP0014,Brampton,50,Lost,0,0,0,,
L0005916,20240426,CMP0018,Hamilton,86,Invested,1,1,1,INV000693,20240504
L0005917,20241121,CMP0013,Markham,71,Qualified,1,0,0,,
L0005918,20240627,CMP0017,Windsor,16,Lost,0,0,0,,
L0005919,20241005,CMP0001,Mississauga,90,Invested,1,1,1,INV000694,20241104
L0005920,20240613,CMP0004,Toronto,15,New,0,0,0,,
L0005921,20240912,CMP0012,Windsor,36,New,0,0,0,,
L0005922,20240712,CMP0010,Hamilton,29,New,0,0,0,,
L0005923,20240411,CMP0003,Toronto,97,KYC Done,1,1,0,,
L0005924,20241116,CMP0013,Ottawa,23,New,0,0,0,,
L0005925,20240916,CMP0002,Kitchener,86,Qualified,1,0,0,,
L0005926,20241008,CMP0018,Windsor,29,New,0,0,0,,
L0005927,20241213,CMP0003,Mississauga,68,Lost,1,0,0,,
L0005928,20240401,CMP0009,Markham,18,New,0,0,0,,
L0005929,20240203,CMP0015,Ottawa,45,New,0,0,0,,
L0005930,20240801,CMP0010,Brampton,66,Lost,1,1,0,,
L0005931,20240429,CMP0014,London,73,KYC Done,1,1,0,,
L0005932,20240608,CMP0013,Mississauga,88,Invested,1,1,1,INV000695,20240713
L0005933,20240326,CMP0018,Brampton,83,KYC Done,1,1,0,,
L0005934,20240525,CMP0009,Mississauga,56,New,0,0,0,,
L0005935,20240523,CMP0018,Toronto,37,New,0,0,0,,
L0005936,20240508,CMP0010,Brampton,33,New,0,0,0,,
L0005937,20240928,CMP0017,Kitchener,99,Invested,1,1,1,INV000696,20240930
L0005938,20240804,CMP0014,Brampton,64,Account Opened,1,1,1,,
L0005939,20240622,CMP0003,London,91,KYC Done,1,1,0,,
L0005940,20240211,CMP0012,Mississauga,49,New,0,0,0,,
L0005941,20240727,CMP0016,Vaughan,53,KYC Done,1,1,0,,
L0005942,20240305,CMP0003,Hamilton,84,Account Opened,1,1,1,,
L0005943,20240424,CMP0016,Kitchener,75,Account Opened,1,1,1,,
L0005944,20240531,CMP0002,Mississauga,28,New,0,0,0,,
L0005945,20240221,CMP0016,Ottawa,57,Qualified,1,0,0,,
L0005946,20240522,CMP0015,Toronto,29,New,0,0,0,,
L0005947,20240407,CMP0003,Toronto,78,KYC Done,1,1,0,,
L0005948,20241107,CMP0014,Hamilton,12,Lost,0,0,0,,
L0005949,20241110,CMP0003,Markham,84,Lost,1,0,0,,
L0005950,20240102,CMP0011,Toronto,93,Invested,1,1,1,INV000697,20240118
L0005951,20240808,CMP0017,London,12,New,0,0,0,,
L0005952,20240822,CMP0004,Hamilton,66,Account Opened,1,1,1,,
L0005953,20240518,CMP0004,Ottawa,17,New,0,0,0,,
L0005954,20240620,CMP0008,Markham,42,New,0,0,0,,
L0005955,20241016,CMP0007,Hamilton,40,Lost,0,0,0,,
L0005956,20240518,CMP0001,Kitchener,56,KYC Done,1,1,0,,
L0005957,20240124,CMP0009,Markham,92,KYC Done,1,1,0,,
L0005958,20240516,CMP0005,Vaughan,51,Qualified,1,0,0,,
L0005959,20240402,CMP0003,Brampton,45,New,0,0,0,,
L0005960,20240520,CMP0005,Markham,18,Lost,0,0,0,,
L0005961,20240325,CMP0001,Windsor,89,Account Opened,1,1,1,,
L0005962,20240224,CMP0017,Toronto,38,New,0,0,0,,
L0005963,20241226,CMP0018,Ottawa,51,Qualified,1,0,0,,
L0005964,20240217,CMP0007,Vaughan,18,New,0,0,0,,
L0005965,20240915,CMP0016,Brampton,35,New,0,0,0,,
L0005966,20240919,CMP0009,Ottawa,59,Account Opened,1,1,1,,
L0005967,20240814,CMP0017,London,91,Lost,1,0,0,,
L0005968,20241129,CMP0004,Markham,39,New,0,0,0,,
L0005969,20240102,CMP0006,Toronto,60,Invested,1,1,1,INV000698,20240131
L0005970,20240420,CMP0014,Brampton,88,Account Opened,1,1,1,,
L0005971,20240308,CMP0004,Brampton,42,New,0,0,0,,
L0005972,20240730,CMP0015,Toronto,36,New,0,0,0,,
L0005973,20240820,CMP0008,Toronto,13,Lost,0,0,0,,
L0005974,20241124,CMP0008,London,91,Account Opened,1,1,1,,
L0005975,20240518,CMP0009,Vaughan,19,New,0,0,0,,
L0005976,20240327,CMP0015,Kitchener,29,New,0,0,0,,
L0005977,20241204,CMP0001,Kitchener,22,New,0,0,0,,
L0005978,20240903,CMP0014,Windsor,73,Qualified,1,0,0,,
L0005979,20241006,CMP0015,Toronto,42,New,0,0,0,,
L0005980,20240611,CMP0015,Brampton,73,Qualified,1,0,0,,
L0005981,20240612,CMP0018,Toronto,64,Invested,1,1,1,INV000699,20240617
L0005982,20240522,CMP0015,Hamilton,11,New,0,0,0,,
L0005983,20241001,CMP0010,Windsor,37,New,0,0,0,,
L0005984,20240318,CMP0009,Toronto,10,New,0,0,0,,
L0005985,20241222,CMP0007,Ottawa,15,New,0,0,0,,
L0005986,20240305,CMP0015,Ottawa,52,Account Opened,1,1,1,,
L0005987,20240617,CMP0008,Toronto,33,New,0,0,0,,
L0005988,20240425,CMP0011,Markham,18,New,0,0,0,,
L0005989,20240823,CMP0002,Brampton,46,New,0,0,0,,
L0005990,20240906,CMP0006,Brampton,50,New,0,0,0,,
L0005991,20241202,CMP0005,Windsor,99,Qualified,1,0,0,,
L0005992,20241015,CMP0008,Mississauga,69,Lost,1,1,1,,
L0005993,20240401,CMP0010,Brampton,45,New,0,0,0,,
L0005994,20240316,CMP0013,Markham,52,Account Opened,1,1,1,,
L0005995,20241120,CMP0008,Ottawa,18,New,0,0,0,,
L0005996,20240627,CMP0003,Hamilton,44,New,0,0,0,,
L0005997,20240205,CMP0010,Ottawa,62,Qualified,1,0,0,,
L0005998,20241028,CMP0001,Mississauga,11,New,0,0,0,,
L0005999,20240825,CMP0016,Toronto,92,Lost,1,0,0,,
L0006000,20240110,CMP0014,Vaughan,56,Account Opened,1,1,1,,
